INSERT INTO ACCOUNT VALUES ('179149749', 'Ronnie', 'Kaiser', 'tfreeman@example.com', 'rFPizjMRsdzUAJ', '46506414746', 0);
INSERT INTO ACCOUNT VALUES ('450926933', 'Jeanette', 'Kennedy', 'ashley45@example.com', 'LOuFPVgcTeFMeO', '92513043114', 0);
INSERT INTO ACCOUNT VALUES ('403407484', 'Mikayla', 'Mooney', 'brownlisa@example.org', 'uwEOkqTQTbFNOh', '30588940233', 0);
INSERT INTO ACCOUNT VALUES ('728384198', 'Geoffrey', 'Santiago', 'debra14@example.org', 'whpyhlLQpZZazU', '69133136499', 0);
INSERT INTO ACCOUNT VALUES ('757450161', 'Paul', 'Maxwell', 'eric31@example.net', 'kzpDeDvqkqSSiJ', '18393968621', 0);
INSERT INTO ACCOUNT VALUES ('221943383', 'Andre', 'Giles', 'donnahooper@example.net', 'nhVwbadfUHrroi', '34232854296', 0);
INSERT INTO ACCOUNT VALUES ('752025398', 'Lacey', 'Blackburn', 'xgarcia@example.com', 'rqyJIQtJhcmjMQ', '90106200882', 0);
INSERT INTO ACCOUNT VALUES ('450789006', 'Charlotte', 'Carroll', 'nicholsbarbara@example.com', 'xfplHTCsUzWbkz', '71188938022', 0);
INSERT INTO ACCOUNT VALUES ('209170859', 'Howard', 'Dunlap', 'ashleyrobertson@example.com', 'NyodKaOeTkyTzU', '75648158705', 0);
INSERT INTO ACCOUNT VALUES ('996504278', 'Ellen', 'Lane', 'bryan10@example.org', 'NzhyGVUFHykNXF', '63607283659', 0);
INSERT INTO ACCOUNT VALUES ('374190967', 'Jimmy', 'Dalton', 'emily72@example.net', 'mGbJUMizWAmNMl', '05964809088', 0);
INSERT INTO ACCOUNT VALUES ('683367791', 'Sabrina', 'Oliver', 'gwallace@example.com', 'ohJnwbrlsYHWzM', '96715629713', 0);
INSERT INTO ACCOUNT VALUES ('866894645', 'Charlene', 'Fisher', 'nicolesanchez@example.org', 'YjZYtvdYrQIytd', '61407553408', 0);
INSERT INTO ACCOUNT VALUES ('624713371', 'Sonya', 'Morton', 'brownlindsay@example.com', 'rkFrDiyPIAhulJ', '73506788784', 0);
INSERT INTO ACCOUNT VALUES ('337037066', 'Bailey', 'Salinas', 'paulawest@example.com', 'QTwfAshdgrDvNb', '45646221685', 0);
INSERT INTO ACCOUNT VALUES ('391461296', 'Jackie', 'Bruce', 'michaelmiller@example.com', 'xGGssqpycnFBIF', '98869206043', 0);
INSERT INTO ACCOUNT VALUES ('543808292', 'Stephen', 'Valentine', 'msmith@example.org', 'tdtoiOHcblVNBA', '47865476399', 0);
INSERT INTO ACCOUNT VALUES ('944106256', 'Rhonda', 'Spears', 'deleonbrittney@example.org', 'lwKLnsbsRPgLmW', '62333016826', 0);
INSERT INTO ACCOUNT VALUES ('809738449', 'Lorraine', 'Curry', 'daniel18@example.com', 'McnPxetkTeMWVj', '73319078051', 0);
INSERT INTO ACCOUNT VALUES ('821585622', 'Glen', 'Mayer', 'sherri09@example.net', 'sikUYgNWPqxegL', '98868586714', 0);
INSERT INTO ACCOUNT VALUES ('268084872', 'Don', 'Mckinney', 'jimenezbenjamin@example.com', 'rltQFJGDTgGTay', '22820031770', 0);
INSERT INTO ACCOUNT VALUES ('197377818', 'Jody', 'Watkins', 'ronnie83@example.com', 'DtSKELNGKDVAtM', '30163071734', 0);
INSERT INTO ACCOUNT VALUES ('256779596', 'Dominique', 'Haynes', 'zharris@example.org', 'EjUPqkWnVbHabh', '59286952786', 0);
INSERT INTO ACCOUNT VALUES ('931385341', 'Connie', 'Hinton', 'petersonmary@example.org', 'UCGQqnLOnFFnDi', '12389335168', 0);
INSERT INTO ACCOUNT VALUES ('110524195', 'Penny', 'Carrillo', 'gregsteele@example.org', 'sWHzVMLCfrXsfB', '19953164223', 0);
INSERT INTO ACCOUNT VALUES ('451459900', 'Clifford', 'Li', 'davidbecker@example.com', 'ULceIuRwnAhhKL', '13489304224', 0);
INSERT INTO ACCOUNT VALUES ('537477778', 'Cathy', 'Calderon', 'wendyperry@example.net', 'XKmlueTSpjjmBD', '16851274502', 0);
INSERT INTO ACCOUNT VALUES ('899660495', 'Tracie', 'Lawrence', 'mitchelltodd@example.com', 'BKrXFrRxJlxziY', '01224386700', 0);
INSERT INTO ACCOUNT VALUES ('830267942', 'Aimee', 'Cox', 'valeriemiller@example.net', 'QxizPfppxpuFGF', '89013909034', 0);
INSERT INTO ACCOUNT VALUES ('714192111', 'Olivia', 'Gallagher', 'tlara@example.com', 'TyPeFPTXdpeunz', '84701848137', 0);
INSERT INTO ACCOUNT VALUES ('326468839', 'Vernon', 'Nunez', 'davischelsea@example.net', 'JkcQFasFglgCOK', '67675721337', 0);
INSERT INTO ACCOUNT VALUES ('547491224', 'Devin', 'Harvey', 'perkinsmary@example.com', 'jHvkNeYsldPekI', '24827423303', 0);
INSERT INTO ACCOUNT VALUES ('188259991', 'Ralph', 'Walls', 'evelyn87@example.net', 'ylkWcWKXjGSYAW', '33137275847', 0);
INSERT INTO ACCOUNT VALUES ('285306549', 'Mason', 'Robles', 'perrydanielle@example.net', 'uhkcKwlKJFhdJZ', '63476931931', 0);
INSERT INTO ACCOUNT VALUES ('356929860', 'Billy', 'Rasmussen', 'lyonschloe@example.org', 'NjgsErZyIQGBFS', '76157695141', 0);
INSERT INTO ACCOUNT VALUES ('525748808', 'Judith', 'Hampton', 'wesleyneal@example.org', 'RQhSlEuzpkEMLd', '12922927567', 0);
INSERT INTO ACCOUNT VALUES ('300940381', 'Laura', 'Rodriguez', 'shannon55@example.org', 'gNuterzVFDHlWb', '50474005512', 0);
INSERT INTO ACCOUNT VALUES ('666664524', 'David', 'Howe', 'riddleteresa@example.net', 'pIUdQwraPvUppG', '33063713421', 0);
INSERT INTO ACCOUNT VALUES ('951231160', 'Deborah', 'Gomez', 'charlesglass@example.net', 'YCMqvPQXYOdHRE', '16178787210', 0);
INSERT INTO ACCOUNT VALUES ('336094614', 'Becky', 'Callahan', 'manderson@example.com', 'YJcjIgmyFrKkIp', '84666243171', 0);
INSERT INTO ACCOUNT VALUES ('218192970', 'Kerri', 'Cardenas', 'ftorres@example.net', 'BpjzhuTAMHdhmc', '99868284421', 0);
INSERT INTO ACCOUNT VALUES ('123530516', 'Bridget', 'Knapp', 'elaine17@example.net', 'zfOfAnAafZPmUB', '75611838599', 0);
INSERT INTO ACCOUNT VALUES ('963802661', 'Rita', 'Rose', 'rachelhansen@example.org', 'beDlGqjocHZbPu', '41473975051', 0);
INSERT INTO ACCOUNT VALUES ('296092538', 'Sonia', 'Mullen', 'edwardlopez@example.org', 'ynAHLfSbftiiuk', '86464131436', 0);
INSERT INTO ACCOUNT VALUES ('384969662', 'Glenda', 'Cantrell', 'xgamble@example.com', 'dcdBoxiICMtSwl', '20468277048', 0);
INSERT INTO ACCOUNT VALUES ('503686396', 'Jake', 'Santiago', 'ramosjason@example.com', 'RvXatvIJklWzgF', '30351856273', 0);
INSERT INTO ACCOUNT VALUES ('144428217', 'Edwin', 'Tyler', 'kelseyvaughn@example.org', 'FsaUFgmyvIUpMB', '45162029731', 0);
INSERT INTO ACCOUNT VALUES ('149946596', 'Sara', 'Ramos', 'chelsea14@example.org', 'BhcLXYgZOkbQxd', '20015815950', 0);
INSERT INTO ACCOUNT VALUES ('703962147', 'Carlos', 'Armstrong', 'drivera@example.org', 'aOFJBgySJAJanA', '96128306077', 0);
INSERT INTO ACCOUNT VALUES ('867145987', 'Leon', 'Lewis', 'jeremy39@example.net', 'DBsLpPrVSTKmQd', '32968448482', 0);
INSERT INTO ACCOUNT VALUES ('657977613', 'Monique', 'Keller', 'doughertywendy@example.com', 'olYNBJgMCgNIwl', '31848034508', 0);
INSERT INTO ACCOUNT VALUES ('834180116', 'Yolanda', 'Schaefer', 'uwilliams@example.org', 'UUqtybcURLtDSG', '58063913261', 0);
INSERT INTO ACCOUNT VALUES ('840300052', 'Colton', 'Adams', 'alvarezjill@example.org', 'DoPDqmCUaCXoDl', '41086225966', 0);
INSERT INTO ACCOUNT VALUES ('686057216', 'Victoria', 'Wall', 'fsimpson@example.org', 'btfmzyOCAMJweZ', '46636412297', 0);
INSERT INTO ACCOUNT VALUES ('475697840', 'Joe', 'Acevedo', 'deniseburgess@example.net', 'MsBJmjyWBXGqlw', '25040885963', 0);
INSERT INTO ACCOUNT VALUES ('285285015', 'Christine', 'Powers', 'qvelez@example.net', 'xVlbELSXHoXQVN', '44549608657', 0);
INSERT INTO ACCOUNT VALUES ('538064337', 'Phyllis', 'Nicholson', 'melissa11@example.org', 'VvXtbcfdTJdujd', '63466542385', 0);
INSERT INTO ACCOUNT VALUES ('291356593', 'Louis', 'Winters', 'baileyshawn@example.org', 'OXBFEUBSypSzyM', '42202650682', 0);
INSERT INTO ACCOUNT VALUES ('723389535', 'Kellie', 'Avery', 'wwolfe@example.com', 'VyFfVGHHCJRLET', '57704718897', 0);
INSERT INTO ACCOUNT VALUES ('704052434', 'Angela', 'Giles', 'carrnicholas@example.net', 'KFIYXjUPNFywul', '33266890044', 0);
INSERT INTO ACCOUNT VALUES ('532108638', 'Tina', 'Esparza', 'moorerandy@example.com', 'yuNBvmMyVYSKbB', '97652261026', 0);
INSERT INTO ACCOUNT VALUES ('576393268', 'Ian', 'Serrano', 'christine67@example.net', 'BDWoFWJKvUkanx', '59585664321', 0);
INSERT INTO ACCOUNT VALUES ('877961350', 'Chloe', 'Rubio', 'sguerrero@example.com', 'miyRArVaCbQHrJ', '91788958346', 0);
INSERT INTO ACCOUNT VALUES ('731266526', 'Priscilla', 'Kent', 'jwilkerson@example.net', 'MQFjQNzDsqfpCD', '45177143094', 0);
INSERT INTO ACCOUNT VALUES ('718530060', 'Devon', 'Dickson', 'carlakeller@example.org', 'baxLZYzLipDblY', '79646927724', 0);
INSERT INTO ACCOUNT VALUES ('786756749', 'Christina', 'Leon', 'salinasmichele@example.net', 'wlSXFhKAduDvkx', '77544180583', 0);
INSERT INTO ACCOUNT VALUES ('301570926', 'Shawna', 'Horn', 'kelly19@example.org', 'VuqsDXzuzmMSUf', '04891347826', 0);
INSERT INTO ACCOUNT VALUES ('682603135', 'Rose', 'Garcia', 'elizabeth66@example.org', 'PoKLITlGtIEFrI', '56400946455', 0);
INSERT INTO ACCOUNT VALUES ('395726401', 'Shirley', 'Mercado', 'bsmith@example.com', 'wVGOVOGEDnPZPy', '44071251949', 0);
INSERT INTO ACCOUNT VALUES ('264717579', 'Karina', 'Santana', 'hillipchristensen@example.com', 'iDNCZmkwyrwXqN', '33938072705', 0);
INSERT INTO ACCOUNT VALUES ('503048491', 'Zoe', 'Braun', 'jaredsmith@example.org', 'NoNvILBfwlzDfE', '77414476717', 0);
INSERT INTO ACCOUNT VALUES ('433233443', 'Mindy', 'Callahan', 'phillipsmelinda@example.com', 'USfhrTxPhUdkVk', '75709964433', 0);
INSERT INTO ACCOUNT VALUES ('982493479', 'Courtney', 'Tran', 'yjames@example.com', 'TgPKYuZpkjxehN', '68449657917', 0);
INSERT INTO ACCOUNT VALUES ('352026189', 'Melody', 'Odom', 'victoria83@example.com', 'PdAIajNdYsagtY', '05096869512', 0);
INSERT INTO ACCOUNT VALUES ('334713648', 'Jasmine', 'Beasley', 'courtneybooth@example.net', 'cTZhBIAixvORxF', '16627732212', 0);
INSERT INTO ACCOUNT VALUES ('348349606', 'Makayla', 'Gonzales', 'lawsondustin@example.com', 'lDcGOgaTAZtXec', '15734835767', 0);
INSERT INTO ACCOUNT VALUES ('259063575', 'Frances', 'Snow', 'brightcameron@example.com', 'shTzgEENnkoJZw', '28609346676', 0);
INSERT INTO ACCOUNT VALUES ('290019417', 'Jonathon', 'Singh', 'perezanne@example.com', 'VpOZmtSdWyOVnQ', '80397042754', 0);
INSERT INTO ACCOUNT VALUES ('672105192', 'Frank', 'Stafford', 'gmiles@example.net', 'eyuLeeunmabFDv', '20704074014', 0);
INSERT INTO ACCOUNT VALUES ('144384201', 'Jeffrey', 'Chaney', 'jtorres@example.net', 'RLdkAskYXqfhWX', '29371628744', 0);
INSERT INTO ACCOUNT VALUES ('139860627', 'Gordon', 'Green', 'berryrachel@example.net', 'vpdHboDphFgiJX', '63989848629', 0);
INSERT INTO ACCOUNT VALUES ('834996423', 'Chase', 'Bryant', 'staceyjohns@example.org', 'QgKFXitAwcjAom', '02974829713', 0);
INSERT INTO ACCOUNT VALUES ('944817257', 'Tommy', 'Acevedo', 'cfrancis@example.com', 'UNyZUXiMcEunAy', '90689860157', 0);
INSERT INTO ACCOUNT VALUES ('809020770', 'Gavin', 'Montgomery', 'yharris@example.com', 'AWLJjIzgKXulEE', '28207334141', 0);
INSERT INTO ACCOUNT VALUES ('566928549', 'Dennis', 'Blankenship', 'mollyross@example.org', 'KfaRgvFGCwBrVk', '92734305668', 0);
INSERT INTO ACCOUNT VALUES ('354124536', 'James', 'Delgado', 'amy76@example.org', 'IoIVVRPHgCfxwz', '98687107356', 0);
INSERT INTO ACCOUNT VALUES ('948559499', 'Wesley', 'Wolf', 'hendersondavid@example.org', 'bTOCqAQZuLOjrs', '09051807012', 0);
INSERT INTO ACCOUNT VALUES ('764494996', 'Glenn', 'Harding', 'kleinjorge@example.com', 'hMxxYFvlSPsbqc', '02815493481', 0);
INSERT INTO ACCOUNT VALUES ('227766573', 'Garrett', 'Buckley', 'todd82@example.org', 'uTvKRHGnOMiEiv', '21900369907', 0);
INSERT INTO ACCOUNT VALUES ('244660612', 'Darryl', 'George', 'daniel27@example.com', 'QsfAshJMnIEWPN', '51099208335', 0);
INSERT INTO ACCOUNT VALUES ('744444908', 'Lynn', 'Jacobson', 'hawkinssteven@example.org', 'bsWffxpWShXyPF', '56911631808', 0);
INSERT INTO ACCOUNT VALUES ('739000667', 'Ethan', 'Murray', 'flopez@example.com', 'rUwGSylybHPqSW', '32630775406', 0);
INSERT INTO ACCOUNT VALUES ('135202411', 'Gabrielle', 'Weiss', 'elizabethnichols@example.org', 'ARimxQvwTxWCFe', '96740523543', 0);
INSERT INTO ACCOUNT VALUES ('936065917', 'Kelsey', 'Wagner', 'michaelcarr@example.com', 'qwbTnFzJsmsnLC', '01122598451', 0);
INSERT INTO ACCOUNT VALUES ('196842566', 'Jerry', 'Hunt', 'griffinvirginia@example.com', 'QjczMmcgYEftlZ', '13688941815', 0);
INSERT INTO ACCOUNT VALUES ('494009258', 'Jeffery', 'Cardenas', 'isolis@example.org', 'GVpAcVclCNVVOv', '76110551920', 0);
INSERT INTO ACCOUNT VALUES ('173422080', 'Sheri', 'Rice', 'taylorshirley@example.net', 'zLVIolYZgYQdyE', '83978747680', 0);
INSERT INTO ACCOUNT VALUES ('792379978', 'Laurie', 'Stark', 'klane@example.net', 'hLHmQWMjJpnyqm', '95143485492', 0);
INSERT INTO ACCOUNT VALUES ('716479744', 'Fernando', 'Rubio', 'jacob65@example.net', 'ZfEnevBUNWpuEU', '16216679699', 0);
INSERT INTO ACCOUNT VALUES ('328259687', 'Virginia', 'Forbes', 'perryjames@example.com', 'CAfemHKhAxWVHy', '16923480484', 0);
INSERT INTO ACCOUNT VALUES ('526166326', 'Lori', 'Best', 'vmartin@example.org', 'rrqKPHAcyuiKIp', '44802889956', 0);
INSERT INTO ACCOUNT VALUES ('766627897', 'Charles', 'Hayes', 'mcontreras@example.com', 'yTxTIkCQogpcQG', '74050369724', 0);
INSERT INTO ACCOUNT VALUES ('644752237', 'Joy', 'Andrade', 'morganlaura@example.org', 'fWeGuVWvFbLljK', '55904573725', 0);
INSERT INTO ACCOUNT VALUES ('477845514', 'Kyle', 'Benitez', 'richard72@example.com', 'VinLbdCdENbLqN', '68256239422', 0);
INSERT INTO ACCOUNT VALUES ('456099169', 'Joanna', 'Myers', 'turnermonica@example.org', 'JdeHazFOHEJoXn', '88579252755', 0);
INSERT INTO ACCOUNT VALUES ('681807388', 'Nancy', 'Sampson', 'sean96@example.net', 'wRuGyeJpNynduA', '96653019495', 0);
INSERT INTO ACCOUNT VALUES ('923670813', 'Candice', 'Simon', 'christinarussell@example.org', 'qaRTUEXtgSnEkK', '28881123495', 0);
INSERT INTO ACCOUNT VALUES ('134074346', 'Miranda', 'Vance', 'william10@example.net', 'yOIlcAYGoBvycJ', '62143275687', 0);
INSERT INTO ACCOUNT VALUES ('587255416', 'Daisy', 'Small', 'jennifer63@example.com', 'vrPgilUTAobKfO', '83094625100', 0);
INSERT INTO ACCOUNT VALUES ('272055299', 'Chelsey', 'Ellison', 'kenneth19@example.org', 'FYVOGNSLUCCJpF', '83894233361', 0);
INSERT INTO ACCOUNT VALUES ('242776435', 'Maria', 'Cherry', 'rlawson@example.net', 'weWlgHxZbxIlnk', '55212527270', 0);
INSERT INTO ACCOUNT VALUES ('148619894', 'Stacy', 'Melendez', 'osmith@example.com', 'kLDxXzWeNBKDMA', '27006897962', 0);
INSERT INTO ACCOUNT VALUES ('722560624', 'Summer', 'Compton', 'ericcruz@example.com', 'dKBDYpDfNuADdn', '15397441554', 0);
INSERT INTO ACCOUNT VALUES ('755313886', 'Steve', 'Watts', 'martinmark@example.com', 'doUjTnlGjlxxpz', '88740809931', 0);
INSERT INTO ACCOUNT VALUES ('295930686', 'Lisa', 'Hardin', 'jerryvaldez@example.org', 'sBaSzKPkAbNRNV', '32245461661', 0);
INSERT INTO ACCOUNT VALUES ('951472930', 'Alec', 'Key', 'josephreyes@example.org', 'JARaiSoedmBaqq', '03598537235', 0);
INSERT INTO ACCOUNT VALUES ('346524000', 'Bianca', 'Wheeler', 'leslie63@example.com', 'wpYUdYiOjaDaJx', '77294385962', 0);
INSERT INTO ACCOUNT VALUES ('787936300', 'Angie', 'Strong', 'fritzjames@example.com', 'lBCFyBHsnUYiPR', '56305243183', 0);
INSERT INTO ACCOUNT VALUES ('985364289', 'Javier', 'Moss', 'kenneth77@example.com', 'qvxGagrUpQnLLv', '38106892460', 0);
INSERT INTO ACCOUNT VALUES ('606634365', 'Gina', 'Hendrix', 'robert58@example.com', 'YuzZGHTcXEFgkR', '39890033444', 0);
INSERT INTO ACCOUNT VALUES ('391157473', 'Daniel', 'Duarte', 'kelly87@example.org', 'qjMbhKmTLnuQBJ', '61841243296', 0);
INSERT INTO ACCOUNT VALUES ('183719455', 'Diamond', 'Watts', 'billy05@example.com', 'uvdwYCgvkFVfkA', '07860008959', 0);
INSERT INTO ACCOUNT VALUES ('687637390', 'Dillon', 'Wilkerson', 'sylvia49@example.net', 'JKBcWkEFFifBOQ', '26921484984', 0);
INSERT INTO ACCOUNT VALUES ('650052324', 'Renee', 'Walton', 'ibaker@example.org', 'VModSKAjnYsFqo', '23363855038', 0);
INSERT INTO ACCOUNT VALUES ('130138061', 'Donna', 'Garrison', 'vsampson@example.org', 'CYXWvJvawABqbS', '02790956509', 0);
INSERT INTO ACCOUNT VALUES ('662016466', 'Douglas', 'Daugherty', 'danielle07@example.org', 'GDsSvGHLZspaOH', '00228447010', 0);
INSERT INTO ACCOUNT VALUES ('637218575', 'Clarence', 'Guzman', 'whitescott@example.org', 'eDzcixjleuzSsT', '31561397069', 0);
INSERT INTO ACCOUNT VALUES ('822453770', 'Jasmin', 'Martinez', 'scott32@example.net', 'dXtDGuckRAvFex', '64016686324', 0);
INSERT INTO ACCOUNT VALUES ('685354020', 'Bryce', 'Cobb', 'mike74@example.org', 'LQAWefOSwEWszj', '13763309862', 0);
INSERT INTO ACCOUNT VALUES ('107824742', 'Matthew', 'Roth', 'bethanysimon@example.org', 'NTddQyVSldpazL', '86988497154', 0);
INSERT INTO ACCOUNT VALUES ('410459454', 'Melvin', 'Carlson', 'brittany09@example.org', 'UxHDtHLpHUUxhO', '20557569049', 0);
INSERT INTO ACCOUNT VALUES ('275551376', 'Sydney', 'Forbes', 'hmaldonado@example.net', 'DQcuKhaWKYMDII', '91050394632', 0);
INSERT INTO ACCOUNT VALUES ('626108329', 'Bethany', 'Burch', 'melissatanner@example.net', 'zLnTGHQgYVsVAX', '91248322752', 0);
INSERT INTO ACCOUNT VALUES ('352541221', 'Teresa', 'Aguilar', 'james49@example.net', 'VpXaxSipRyuDJW', '97063345135', 0);
INSERT INTO ACCOUNT VALUES ('459819268', 'Carly', 'Bush', 'barnesmicheal@example.com', 'gUAYYycQPDfOvt', '75118130128', 0);
INSERT INTO ACCOUNT VALUES ('523588061', 'Chris', 'Hartman', 'oboone@example.org', 'qOcPAtaeQFSIBP', '80817993922', 0);
INSERT INTO ACCOUNT VALUES ('702201513', 'Timothy', 'Bonilla', 'susan77@example.com', 'ZkLdqzVgnTxakS', '64429325956', 0);
INSERT INTO ACCOUNT VALUES ('561212017', 'Allen', 'Hobbs', 'davisbrandon@example.net', 'UjiJXBlsCpRjfH', '76088863598', 0);
INSERT INTO ACCOUNT VALUES ('606497745', 'Joan', 'Ballard', 'tara09@example.com', 'qUKLqwxHlTBKzQ', '59582688976', 0);
INSERT INTO ACCOUNT VALUES ('431641016', 'Ruth', 'Crawford', 'david00@example.com', 'HtBxngoPCjbQqS', '11555964888', 0);
INSERT INTO ACCOUNT VALUES ('137187738', 'Kristen', 'Meyer', 'stevenswayne@example.com', 'hmFAjKRxPMYcRl', '88342483771', 0);
INSERT INTO ACCOUNT VALUES ('191096072', 'Chad', 'Davies', 'scott96@example.com', 'FxLKMOSLHvrKHj', '78810095262', 0);
INSERT INTO ACCOUNT VALUES ('908216307', 'Kylie', 'Pacheco', 'phayes@example.org', 'tnCePyrndTkGxj', '72532853539', 0);
INSERT INTO ACCOUNT VALUES ('267390898', 'Toni', 'Gould', 'davidadams@example.net', 'FkiMvyvcGsxXWM', '77930683167', 0);
INSERT INTO ACCOUNT VALUES ('150789145', 'Pamela', 'Davenport', 'cynthia63@example.com', 'zOPfrsVvRUTfIq', '84371531013', 0);
INSERT INTO ACCOUNT VALUES ('938101970', 'William', 'Kennedy', 'floresrichard@example.org', 'ymBEgfDqQUdFAi', '80917160689', 0);
INSERT INTO ACCOUNT VALUES ('144315422', 'Duane', 'Salinas', 'hernandezian@example.net', 'QHoLULGJEgcFSP', '62399169966', 0);
INSERT INTO ACCOUNT VALUES ('464562179', 'Brady', 'Dickson', 'ojones@example.com', 'rRRNJHlYZiAGAh', '87048724875', 0);
INSERT INTO ACCOUNT VALUES ('521006826', 'Albert', 'Klein', 'jerome21@example.com', 'jyCPJqLvVbnupP', '19800391943', 0);
INSERT INTO ACCOUNT VALUES ('715633309', 'Mark', 'Burton', 'karen02@example.org', 'TcQdvSPicCBLKR', '43376142164', 0);
INSERT INTO ACCOUNT VALUES ('317663024', 'George', 'Calderon', 'kristyvasquez@example.org', 'TkuCJSdchCWybG', '47897884017', 0);
INSERT INTO ACCOUNT VALUES ('365298681', 'Karl', 'Walsh', 'hcrane@example.org', 'XMmNbcaaIoDGBN', '87650232722', 0);
INSERT INTO ACCOUNT VALUES ('716087687', 'Micheal', 'Santos', 'zweaver@example.org', 'JojKpZIggSXANd', '32965058670', 0);
INSERT INTO ACCOUNT VALUES ('663566131', 'Robyn', 'Harrell', 'dawn00@example.net', 'qEKXxRWekwFmfI', '21891127004', 0);
INSERT INTO ACCOUNT VALUES ('510501208', 'Belinda', 'Bolton', 'mark16@example.com', 'elXRinRVYnuKWM', '09214433862', 0);
INSERT INTO ACCOUNT VALUES ('513052889', 'Michele', 'Bernard', 'chill@example.org', 'FFTAaginQQTSTx', '79511054289', 0);
INSERT INTO ACCOUNT VALUES ('404565157', 'Beverly', 'May', 'traciedennis@example.com', 'MsbHAeoXwKjRjR', '14993537895', 0);
INSERT INTO ACCOUNT VALUES ('507904318', 'Noah', 'Odonnell', 'tracigonzalez@example.com', 'eaNkURizfOkrwL', '19987211424', 0);
INSERT INTO ACCOUNT VALUES ('779734940', 'Carol', 'Walker', 'vanessa31@example.com', 'StbBfWmpGHPUsQ', '21924617175', 0);
INSERT INTO ACCOUNT VALUES ('876481211', 'Alejandro', 'Fuller', 'apowell@example.org', 'rVrRPdufOSwhBx', '65793643158', 0);
INSERT INTO ACCOUNT VALUES ('254573949', 'Alison', 'Dougherty', 'clarkjames@example.com', 'xcOqQuDplDdTjd', '54605099946', 0);
INSERT INTO ACCOUNT VALUES ('138352859', 'Carrie', 'Kent', 'oreed@example.org', 'LgRoaYophCkwSA', '67409608733', 0);
INSERT INTO ACCOUNT VALUES ('952723762', 'Shaun', 'Lynch', 'mayerwendy@example.org', 'HxRlcXrXuhEBcO', '43309810580', 0);
INSERT INTO ACCOUNT VALUES ('159697654', 'Alejandra', 'Mcdonald', 'ryangonzalez@example.org', 'lWMhJxULAFRmdx', '22554822794', 0);
INSERT INTO ACCOUNT VALUES ('971185451', 'Kathy', 'Bolton', 'sbutler@example.net', 'NnPMNlopjzfUPu', '99675075547', 0);
INSERT INTO ACCOUNT VALUES ('274609699', 'Eddie', 'Atkinson', 'dixonsamantha@example.com', 'FBiccgbCiqtifC', '80370505120', 0);
INSERT INTO ACCOUNT VALUES ('867535754', 'Robert', 'Campos', 'crystal40@example.org', 'JAkrGPleCedsFF', '75516461622', 0);
INSERT INTO ACCOUNT VALUES ('191612907', 'Marcus', 'Crawford', 'mistyhancock@example.org', 'sXTdOVNmdvEJDJ', '98403619455', 0);
INSERT INTO ACCOUNT VALUES ('157022351', 'Jesus', 'Palmer', 'davidgreen@example.com', 'IdVqOFYQQGihFu', '97431236255', 0);
INSERT INTO ACCOUNT VALUES ('884176107', 'Jillian', 'Wilkinson', 'jgarcia@example.com', 'AHsIFaNYREDqVP', '56481318045', 0);
INSERT INTO ACCOUNT VALUES ('111887437', 'Brendan', 'Steele', 'fsmith@example.com', 'slwShvwWHUIcJe', '83396558304', 0);
INSERT INTO ACCOUNT VALUES ('249205658', 'Aaron', 'James', 'danielchristopher@example.net', 'LKJTuoZdBdmWsN', '51774406879', 0);
INSERT INTO ACCOUNT VALUES ('597013080', 'Angel', 'Lopez', 'friedmanmercedes@example.org', 'vLXHVCiwuGVInX', '57362574746', 0);
INSERT INTO ACCOUNT VALUES ('632780968', 'Lindsay', 'Medina', 'ronaldgonzalez@example.com', 'rEFeHXXHnjgQQJ', '68364299994', 0);
INSERT INTO ACCOUNT VALUES ('591496714', 'Kenneth', 'Cameron', 'jasminelopez@example.org', 'PrfYPCwRajTqCX', '83836623395', 0);
INSERT INTO ACCOUNT VALUES ('955379618', 'Tom', 'Hendrix', 'imeza@example.net', 'nwJBiRBJaqWiBG', '30310836758', 0);
INSERT INTO ACCOUNT VALUES ('195077582', 'Michelle', 'Leonard', 'alexander18@example.org', 'YzijyvoQRdGWYO', '84974885713', 0);
INSERT INTO ACCOUNT VALUES ('404441069', 'Sophia', 'Rollins', 'fredlewis@example.org', 'ZLNyTFJmFIwgnD', '12466389509', 0);
INSERT INTO ACCOUNT VALUES ('270621758', 'Keith', 'Morales', 'zevans@example.org', 'fhQrXUPdWEwrUX', '72560349598', 0);
INSERT INTO ACCOUNT VALUES ('177053665', 'Stacie', 'Holloway', 'sandrafrancis@example.com', 'BXpcgWOKNmllDv', '74036873911', 0);
INSERT INTO ACCOUNT VALUES ('365305507', 'Xavier', 'Long', 'jason59@example.net', 'eHrVjyFRVjMFLK', '24185023948', 0);
INSERT INTO ACCOUNT VALUES ('343541220', 'Luke', 'Kim', 'michelleramsey@example.org', 'JdUVwKHCKaMWbj', '85255628201', 0);
INSERT INTO ACCOUNT VALUES ('381272236', 'Parker', 'Pacheco', 'ashley82@example.net', 'duJJalZztvCWsl', '87799673427', 0);
INSERT INTO ACCOUNT VALUES ('171624949', 'Kathleen', 'Horton', 'dosborne@example.com', 'sTpxBJQjqWdfbZ', '42227482790', 0);
INSERT INTO ACCOUNT VALUES ('433563758', 'Carolyn', 'Vargas', 'dianelarson@example.net', 'TKMLubeyepyEBH', '87526583086', 0);
INSERT INTO ACCOUNT VALUES ('743439769', 'Yvonne', 'Lewis', 'christopherscott@example.net', 'CdNOOAOdbFvExZ', '52646035423', 0);
INSERT INTO ACCOUNT VALUES ('203945335', 'Jeanne', 'Moody', 'mbowman@example.org', 'RZKEsVZGYAoJGd', '51245154281', 0);
INSERT INTO ACCOUNT VALUES ('855268336', 'Sherri', 'Good', 'vlewis@example.org', 'LiOIJFDYjvaTTr', '30767489326', 0);
INSERT INTO ACCOUNT VALUES ('199459169', 'Samuel', 'Wang', 'hhensley@example.com', 'GaAZfmZqHDgpqK', '20129478379', 0);
INSERT INTO ACCOUNT VALUES ('319650670', 'Travis', 'Welch', 'marywright@example.net', 'bIHwYTJCfLlxzB', '82516731585', 0);
INSERT INTO ACCOUNT VALUES ('407645459', 'Loretta', 'Haas', 'gonzalezmckenzie@example.net', 'znvXoCeTMDvWnb', '31966567131', 0);
INSERT INTO ACCOUNT VALUES ('990608924', 'Perry', 'Frederick', 'khatfield@example.net', 'lUbnlbzLPELbJx', '60668962161', 0);
INSERT INTO ACCOUNT VALUES ('343601696', 'Kiara', 'Noble', 'wjohnson@example.com', 'EDzuJuBmJupfnp', '23196008818', 0);
INSERT INTO ACCOUNT VALUES ('779916744', 'Briana', 'Rojas', 'williamsanchez@example.org', 'msWvOYEkTaPXuD', '72858611304', 0);
INSERT INTO ACCOUNT VALUES ('136113384', 'Peter', 'Sherman', 'qmcdonald@example.org', 'sXTKcFgslOrLrl', '25124225051', 0);
INSERT INTO ACCOUNT VALUES ('197661749', 'Greg', 'Zimmerman', 'david68@example.net', 'PrjTqCrafvVsyv', '86624838410', 0);
INSERT INTO ACCOUNT VALUES ('203859933', 'Jay', 'Wang', 'reynoldscurtis@example.org', 'qZJeLTqpmxjHHL', '19409779239', 0);
INSERT INTO ACCOUNT VALUES ('585593216', 'Patrick', 'Herman', 'sonyaelliott@example.org', 'TwMXoVBrjhAGjf', '15645811495', 0);
INSERT INTO ACCOUNT VALUES ('693077635', 'Tasha', 'Mcpherson', 'jamescrystal@example.net', 'FrgXLIMwkzYZmW', '78461952935', 0);
INSERT INTO ACCOUNT VALUES ('107014260', 'Marcia', 'Anderson', 'brandtmichelle@example.com', 'ZlBlHtsdgozhRT', '44876974236', 0);
INSERT INTO ACCOUNT VALUES ('517907880', 'Audrey', 'Mcgrath', 'karlmelendez@example.net', 'aqCzFraOWfGWER', '17108616485', 0);
INSERT INTO ACCOUNT VALUES ('696203842', 'Desiree', 'Richardson', 'lisa91@example.net', 'CYyizXjIgrLUOm', '88528935240', 0);
INSERT INTO ACCOUNT VALUES ('117397905', 'Katherine', 'Patrick', 'nrodriguez@example.com', 'CRazMEkTalEMLe', '94048608982', 0);
INSERT INTO ACCOUNT VALUES ('770323719', 'Jamie', 'Costa', 'monicalong@example.net', 'cmzSnipxWOHPaS', '06702184356', 0);
INSERT INTO ACCOUNT VALUES ('432776461', 'Carmen', 'Donaldson', 'erica09@example.com', 'pYjMcrAIHSZTaJ', '35289850960', 0);
INSERT INTO ACCOUNT VALUES ('802606819', 'Hunter', 'Carrillo', 'finleyryan@example.net', 'zNnFKymxyyuNhk', '38888015444', 0);
INSERT INTO ACCOUNT VALUES ('706361981', 'Lonnie', 'Bird', 'cathyle@example.org', 'oFJBqarfceqSwc', '79623568282', 0);
INSERT INTO ACCOUNT VALUES ('330267806', 'Jodi', 'Beltran', 'rodriguezmary@example.net', 'CxzWjqhFloEIsI', '46538236351', 0);
INSERT INTO ACCOUNT VALUES ('975037326', 'Rebecca', 'Richard', 'yatesscott@example.net', 'PLjviEDjDFduxP', '69642207610', 0);
INSERT INTO ACCOUNT VALUES ('513795992', 'Eduardo', 'Turner', 'phillipsanthony@example.net', 'pDihtRBnwWlrSK', '36730898576', 0);
INSERT INTO ACCOUNT VALUES ('448532157', 'Sylvia', 'Hickman', 'bsnyder@example.net', 'UCIRvrNRWYzqnz', '27987176735', 0);
INSERT INTO ACCOUNT VALUES ('812947162', 'Karla', 'Sherman', 'douglasfloyd@example.com', 'hSwGnkTwBsVKwC', '77850173189', 0);
INSERT INTO ACCOUNT VALUES ('181768317', 'Stuart', 'Reynolds', 'uallison@example.org', 'xAszGDxvpSkoCa', '59244733382', 0);
INSERT INTO ACCOUNT VALUES ('115782920', 'Brandy', 'Guerra', 'emartin@example.com', 'lERTfWVsJrLGzN', '72856430973', 0);
INSERT INTO ACCOUNT VALUES ('532774456', 'Tamara', 'Collins', 'michaelwade@example.net', 'VZXNVIjnLnnEif', '89665562657', 0);
INSERT INTO ACCOUNT VALUES ('748055153', 'Jacob', 'Neal', 'nguyendenise@example.org', 'mOCSlZemTzUqtA', '54963002338', 0);
INSERT INTO ACCOUNT VALUES ('878081660', 'Amanda', 'Richard', 'robinskinner@example.com', 'BmMQHShTLhMXKW', '53912483012', 0);
INSERT INTO ACCOUNT VALUES ('608091076', 'Meredith', 'Jarvis', 'yjohnson@example.net', 'PZJSXGbCiuzQfL', '64529609081', 0);
INSERT INTO ACCOUNT VALUES ('533459232', 'Adam', 'Pineda', 'qanderson@example.net', 'SeDUoBGcmhZaWG', '31918852600', 0);
INSERT INTO ACCOUNT VALUES ('143827027', 'Jeremiah', 'Santiago', 'ishelton@example.org', 'LauOizazFtYrJu', '66658228408', 0);
INSERT INTO ACCOUNT VALUES ('843715603', 'Walter', 'Gentry', 'scott92@example.net', 'LfsBFLUUgDDDbo', '01569246984', 0);
INSERT INTO ACCOUNT VALUES ('391463504', 'Deanna', 'Short', 'danielcruz@example.org', 'ETiabrfmTcBpJa', '48669781158', 0);
INSERT INTO ACCOUNT VALUES ('172735771', 'Kristin', 'Washington', 'hmcgrath@example.com', 'ddefJGkLcJxoWW', '67943385854', 0);
INSERT INTO ACCOUNT VALUES ('332632131', 'Natasha', 'Mooney', 'vanessa64@example.net', 'cpBSzvnDBRJdpF', '05403329266', 0);
INSERT INTO ACCOUNT VALUES ('595233296', 'Ricky', 'Owen', 'michaelwhite@example.net', 'kkWSCLSLvVvRqM', '06200107281', 0);
INSERT INTO ACCOUNT VALUES ('490577520', 'Marisa', 'Giles', 'walkerrobert@example.net', 'fddwrIVIcfPRXw', '57179692408', 0);
INSERT INTO ACCOUNT VALUES ('541645082', 'Shelly', 'Mcmillan', 'vstewart@example.com', 'fUHHRPrTcjOnwE', '02270051592', 0);
INSERT INTO ACCOUNT VALUES ('789747890', 'Ann', 'Gilbert', 'jenna38@example.com', 'dOEeMEgTiOGWnw', '61227443829', 0);
INSERT INTO ACCOUNT VALUES ('285397106', 'Samantha', 'Macias', 'jasonjohnson@example.org', 'YBKwnreIHJFUPs', '92453393651', 0);
INSERT INTO ACCOUNT VALUES ('506329675', 'Cheryl', 'Bryan', 'qkim@example.com', 'DqrhjTBQgjvIYh', '16094229060', 0);
INSERT INTO ACCOUNT VALUES ('884080470', 'Ivan', 'Dean', 'albertbright@example.org', 'XLzTsQBgqIvOlu', '21349887155', 0);
INSERT INTO ACCOUNT VALUES ('182280658', 'Mariah', 'Villanueva', 'kellyking@example.net', 'PNtDtLCPVwFPvl', '17970006163', 0);
INSERT INTO ACCOUNT VALUES ('595479362', 'Adrienne', 'Mora', 'crystal66@example.org', 'eHIEiKZFaRMmIQ', '95363039886', 0);
INSERT INTO ACCOUNT VALUES ('110648624', 'Melanie', 'Jacobs', 'vcook@example.com', 'lcqAfzgLkVeigX', '33454404101', 0);
INSERT INTO ACCOUNT VALUES ('599142833', 'Nicholas', 'Mckenzie', 'jenniferwhite@example.com', 'zONCFkVFSVSquE', '70809846728', 0);
INSERT INTO ACCOUNT VALUES ('537840439', 'Emma', 'Branch', 'randallsexton@example.org', 'zDtNSbHPwxqFhf', '82213619907', 0);
INSERT INTO ACCOUNT VALUES ('562101617', 'Edward', 'Mccullough', 'hperez@example.org', 'tmeAEGlDJoQaTG', '37128038334', 0);
INSERT INTO ACCOUNT VALUES ('959036878', 'Rodney', 'Gonzalez', 'lindsey63@example.org', 'BLCJHVPkRnagse', '74007320759', 0);
INSERT INTO ACCOUNT VALUES ('968484477', 'Justin', 'Frey', 'wmelton@example.net', 'xIaWKtdouHkYbo', '75863652604', 0);
INSERT INTO ACCOUNT VALUES ('112829475', 'Alisha', 'Crawford', 'lopezeric@example.com', 'azEuGimtqDHieT', '73668677412', 0);
INSERT INTO ACCOUNT VALUES ('672254634', 'Guy', 'Reeves', 'annedrake@example.com', 'ZcmcRAzHXeyZBM', '98030193762', 0);
INSERT INTO ACCOUNT VALUES ('496970121', 'Spencer', 'Nash', 'dennis20@example.com', 'AYISvKQJACKXeh', '50305095224', 0);
INSERT INTO ACCOUNT VALUES ('689115409', 'Ernest', 'Wolf', 'cherylvelazquez@example.com', 'OekGpttsOAiGCS', '85661887827', 0);
INSERT INTO ACCOUNT VALUES ('340986454', 'Tracy', 'Suarez', 'hbishop@example.com', 'RaOwapvLHNzgbe', '42235288729', 0);
INSERT INTO ACCOUNT VALUES ('987185141', 'Ana', 'Dyer', 'mclaughlinthomas@example.org', 'lkfmeouTXUdeIa', '83170264614', 0);
INSERT INTO ACCOUNT VALUES ('517861593', 'Sheena', 'Byrd', 'fhernandez@example.org', 'NVIDVgzSaoUTNR', '21083604289', 0);
INSERT INTO ACCOUNT VALUES ('666090138', 'Tyler', 'Ingram', 'ayates@example.net', 'rSoSGePAHEZApB', '77587354708', 0);
INSERT INTO ACCOUNT VALUES ('962607115', 'Shelby', 'Patton', 'aroberson@example.net', 'gTRSBVFMsACXjt', '57702159166', 0);
INSERT INTO ACCOUNT VALUES ('117008886', 'Bonnie', 'Bryant', 'opearson@example.net', 'LYBJoBAcEBipNG', '97343168353', 0);
INSERT INTO ACCOUNT VALUES ('356267077', 'Christie', 'Wu', 'travisparsons@example.com', 'ljjCPOGmfRlVTo', '67208310551', 0);
INSERT INTO ACCOUNT VALUES ('763445786', 'Jade', 'Levy', 'daniel05@example.org', 'UjFiQsVQfYqZZd', '33528093284', 0);
INSERT INTO ACCOUNT VALUES ('849162642', 'Tiffany', 'Kim', 'jamie70@example.com', 'cSIxuDIvYKDHJU', '70984509659', 0);
INSERT INTO ACCOUNT VALUES ('786936904', 'Anna', 'Moon', 'iwebb@example.org', 'yefHYWlDxnnvHE', '75105945163', 0);
INSERT INTO ACCOUNT VALUES ('312505209', 'Roger', 'Eaton', 'daniel21@example.org', 'DWljZCTtlgnozR', '67842989402', 0);
INSERT INTO ACCOUNT VALUES ('347824171', 'Dominic', 'Harrell', 'melissaowen@example.org', 'HiCezYQtbaGtNS', '09934293604', 0);
INSERT INTO ACCOUNT VALUES ('998950633', 'Gabriel', 'Duffy', 'cindy95@example.com', 'DzDElwstpGggQG', '15552821889', 0);
INSERT INTO ACCOUNT VALUES ('614842908', 'Juan', 'Acosta', 'omcdonald@example.net', 'pLYCYOaTvbvmMP', '94307278231', 0);
INSERT INTO ACCOUNT VALUES ('529355035', 'Tonya', 'Huffman', 'rachelgomez@example.org', 'xzbvTMtlgbbpqB', '57052411900', 0);
INSERT INTO ACCOUNT VALUES ('168967140', 'Drew', 'Vargas', 'raymondward@example.com', 'rPTftDOvJlEXKb', '87431878241', 0);
INSERT INTO ACCOUNT VALUES ('762234999', 'Reginald', 'Young', 'michael06@example.net', 'cCrbHnjcHRRddT', '79347556739', 0);
INSERT INTO ACCOUNT VALUES ('463162787', 'Fred', 'Villanueva', 'zdiaz@example.com', 'oNEjlyhlXaaAtU', '56886381543', 0);
INSERT INTO ACCOUNT VALUES ('883603847', 'Rachael', 'Arellano', 'mtorres@example.net', 'alxcgYzOLgsKkj', '82174849168', 0);
INSERT INTO ACCOUNT VALUES ('978138960', 'Ricardo', 'Watson', 'andersonbrian@example.com', 'bFrXqEMHGVVTmQ', '74822835853', 0);
INSERT INTO ACCOUNT VALUES ('612730754', 'Mercedes', 'Vasquez', 'barbarasims@example.com', 'AITGNZzrEHpVpk', '72979247694', 0);
INSERT INTO ACCOUNT VALUES ('300713599', 'Gene', 'Rivera', 'onealjoshua@example.net', 'IRmrerSTtwweIH', '29185448314', 0);
INSERT INTO ACCOUNT VALUES ('831675818', 'Kevin', 'Kirby', 'andrew24@example.com', 'iNDzuZbouRwVEi', '34930381103', 0);
INSERT INTO ACCOUNT VALUES ('554849809', 'Cole', 'Rasmussen', 'schmittashley@example.com', 'xoeMCwPfmcVwSU', '13196138926', 0);
INSERT INTO ACCOUNT VALUES ('609691237', 'Paula', 'Reese', 'graycraig@example.com', 'HJzapWGmtfLADn', '90182804411', 0);
INSERT INTO ACCOUNT VALUES ('712734052', 'Martin', 'Mejia', 'lmack@example.org', 'MXKxGRjzDcsdZC', '35256104094', 0);
INSERT INTO ACCOUNT VALUES ('333249812', 'Kirk', 'Rose', 'dguzman@example.org', 'mIPaNdtBlUSpGK', '30327877224', 0);
INSERT INTO ACCOUNT VALUES ('433253916', 'Angelica', 'Joseph', 'xchang@example.com', 'RHmEvQLURWokPn', '25468406478', 0);
INSERT INTO ACCOUNT VALUES ('852573095', 'Luis', 'Dunn', 'bgregory@example.com', 'BCnVsHPVIOZRDH', '43735541769', 0);
INSERT INTO ACCOUNT VALUES ('499746853', 'Sue', 'Ball', 'charlesestrada@example.org', 'SXwheloEjFsnUP', '08524140284', 0);
INSERT INTO ACCOUNT VALUES ('401551645', 'Alicia', 'Schaefer', 'brittanyphillips@example.com', 'BKLOaVarnovbGt', '47843153008', 0);
INSERT INTO ACCOUNT VALUES ('635708713', 'Darrell', 'Leach', 'chenruth@example.com', 'tAlkkRjTqNihHA', '19002960816', 0);
INSERT INTO ACCOUNT VALUES ('247225352', 'Dakota', 'Vasquez', 'taylormichael@example.org', 'MYuDAmRXgGPSxA', '83899353515', 0);
INSERT INTO ACCOUNT VALUES ('744444205', 'Wanda', 'Parker', 'ricegabriel@example.com', 'GHDEaLgntMaboz', '64474793301', 0);
INSERT INTO ACCOUNT VALUES ('732737333', 'Jim', 'Wolf', 'uadams@example.net', 'lEEoLMSnKVUPKl', '98930772534', 0);
INSERT INTO ACCOUNT VALUES ('506668153', 'John', 'Duncan', 'lauren17@example.com', 'PHxFUBCMfSSPJs', '55841026498', 0);
INSERT INTO ACCOUNT VALUES ('924028392', 'Anne', 'Mcneil', 'edward57@example.net', 'diDsDzFURAkGRE', '75545852092', 0);
INSERT INTO ACCOUNT VALUES ('333803752', 'Gary', 'Blankenship', 'mcintoshashley@example.org', 'lGasOCjExJFAyj', '13103184032', 0);
INSERT INTO ACCOUNT VALUES ('695084121', 'Taylor', 'Castaneda', 'bradley66@example.com', 'ADinIlLNublgMT', '19706354654', 0);
INSERT INTO ACCOUNT VALUES ('668488774', 'Austin', 'Bernard', 'samuelpetersen@example.net', 'uYiaUWFqzpZIga', '71884565499', 0);
INSERT INTO ACCOUNT VALUES ('993283740', 'Katie', 'James', 'mlong@example.org', 'QJekdqRnzmDEez', '37754726587', 0);
INSERT INTO ACCOUNT VALUES ('693009902', 'Kerry', 'Clements', 'mark88@example.net', 'lIlOjpOvVGvmci', '00715647548', 0);
INSERT INTO ACCOUNT VALUES ('442048076', 'Frederick', 'Ford', 'jcollins@example.org', 'slVrnceHuBLJNk', '12778415754', 0);
INSERT INTO ACCOUNT VALUES ('465059659', 'Marissa', 'White', 'xmccarthy@example.net', 'PkRxOGFcQUoZBu', '72368782659', 0);
INSERT INTO ACCOUNT VALUES ('878053376', 'Gabriela', 'Hull', 'thomasmarks@example.com', 'OwGOkJtOBibarw', '95577383205', 0);
INSERT INTO ACCOUNT VALUES ('373038586', 'Preston', 'Odom', 'harmondaniel@example.net', 'MgtYfjFotITpAR', '63735128613', 0);
INSERT INTO ACCOUNT VALUES ('138086004', 'Brittany', 'Hansen', 'matthewgibbs@example.com', 'sHJBDyXfydkCCY', '77001931425', 0);
INSERT INTO ACCOUNT VALUES ('105337577', 'Miguel', 'Stafford', 'chavezjill@example.com', 'udfedWIROHLUlI', '68551409521', 0);
INSERT INTO ACCOUNT VALUES ('821909811', 'Sergio', 'Chapman', 'kolson@example.com', 'clQuBoLFPLQIHI', '64159030243', 0);
INSERT INTO ACCOUNT VALUES ('906749699', 'Carl', 'Joyce', 'moranelizabeth@example.net', 'tHasyjNBWHTODe', '13673563001', 0);
INSERT INTO ACCOUNT VALUES ('214883718', 'Francis', 'Henderson', 'williamsphillip@example.com', 'DitFlDDPrmLYfa', '37360860872', 0);
INSERT INTO ACCOUNT VALUES ('420023998', 'Norman', 'Osborne', 'stephaniemccall@example.org', 'AcqAjUZZCZFHep', '51529161067', 0);
INSERT INTO ACCOUNT VALUES ('186567260', 'Phillip', 'Klein', 'boothfrederick@example.org', 'kXFggcfeChUiDF', '53314369314', 0);
INSERT INTO ACCOUNT VALUES ('988546282', 'Monica', 'Black', 'gregoryavery@example.com', 'dabdBYjLLTYWvJ', '99463457191', 0);
INSERT INTO ACCOUNT VALUES ('979169207', 'Brian', 'Barnett', 'robert42@example.org', 'SvdgJTBDPGUlbc', '33730376267', 0);
INSERT INTO ACCOUNT VALUES ('214752116', 'Carla', 'Wheeler', 'olsonemily@example.net', 'RIkTNhLfvHANyz', '84793366976', 0);
INSERT INTO ACCOUNT VALUES ('603877988', 'Herbert', 'Brady', 'garrettcannon@example.net', 'QFvzypWVTssYda', '03937269270', 0);
INSERT INTO ACCOUNT VALUES ('884871593', 'Kelli', 'Santiago', 'wchambers@example.org', 'OZIoMhUvPKYJIM', '72576604481', 0);
INSERT INTO ACCOUNT VALUES ('642654137', 'Kaylee', 'Cooke', 'aterry@example.org', 'QYXOrgYjqDfBds', '38107281794', 0);
INSERT INTO ACCOUNT VALUES ('615083560', 'Brandi', 'Santos', 'paul59@example.org', 'sNJzEddVxwKHSq', '45114851270', 0);
INSERT INTO ACCOUNT VALUES ('275464815', 'Caleb', 'Shepherd', 'gmays@example.net', 'cIuZshGjLBPpfQ', '89661677040', 0);
INSERT INTO ACCOUNT VALUES ('652148571', 'Helen', 'Joseph', 'aguirrejoann@example.com', 'EyJjmYZMKBEnGX', '88766040155', 0);
INSERT INTO ACCOUNT VALUES ('723787032', 'Jose', 'Christensen', 'gonzalezbryan@example.net', 'EWvXLibEeqVgdW', '45343987467', 0);
INSERT INTO ACCOUNT VALUES ('117914942', 'Julia', 'Rowland', 'meganwillis@example.org', 'lwtsgaaviuikJj', '78398878365', 0);
INSERT INTO ACCOUNT VALUES ('474793003', 'Jean', 'Hardy', 'haleymarie@example.com', 'eZWZGqxfkBIZrg', '07814142609', 0);
INSERT INTO ACCOUNT VALUES ('674150816', 'Haley', 'Ware', 'thomas71@example.net', 'XDHpBFXtVoPpzd', '03981532857', 0);
INSERT INTO ACCOUNT VALUES ('413494780', 'Tristan', 'Dixon', 'mooneybrandon@example.org', 'UCRoBRtkfsJpcW', '35506136726', 0);
INSERT INTO ACCOUNT VALUES ('900416119', 'Victor', 'Gross', 'gclark@example.com', 'WNTbKzlpErxrLv', '06835683453', 0);
INSERT INTO ACCOUNT VALUES ('243945102', 'Betty', 'Reed', 'ymorse@example.com', 'CpvgFExpWroeZT', '19193378148', 0);
INSERT INTO ACCOUNT VALUES ('524361437', 'Riley', 'Werner', 'philip15@example.org', 'IlfyWGuXEuJOIQ', '84428414411', 0);
INSERT INTO ACCOUNT VALUES ('121031983', 'Kendra', 'Tapia', 'steven61@example.org', 'GueCMkYbKojzbM', '50282060041', 0);
INSERT INTO ACCOUNT VALUES ('775147693', 'Doris', 'Love', 'johnsondavid@example.org', 'tZbTthXrZwAcDE', '42871004085', 0);
INSERT INTO ACCOUNT VALUES ('784046041', 'Levi', 'Faulkner', 'jacquelinenguyen@example.org', 'QCWTKkiFtVqYKj', '07691394954', 0);
INSERT INTO ACCOUNT VALUES ('546618066', 'Jacqueline', 'Hardy', 'julia19@example.org', 'MZBPwtgcESUYog', '89033155365', 0);
INSERT INTO ACCOUNT VALUES ('858391278', 'Cassie', 'Bullock', 'hilljoel@example.net', 'TByFZiYQnifrCs', '61762064446', 0);
INSERT INTO ACCOUNT VALUES ('347037554', 'Joanne', 'Berger', 'jenkinsmark@example.com', 'byPoYJFjStJNRw', '26223910918', 0);
INSERT INTO ACCOUNT VALUES ('870387688', 'Craig', 'Harper', 'vaughnregina@example.com', 'bjLIbcyRtbFqzW', '61202197088', 0);
INSERT INTO ACCOUNT VALUES ('328462366', 'Yvette', 'Ware', 'jamesjohnson@example.org', 'HrAThKIMOzNcrc', '09385611517', 0);
INSERT INTO ACCOUNT VALUES ('133181412', 'Theresa', 'Hendricks', 'evan91@example.org', 'jsXwNTvYrqmXZe', '20306995482', 0);
INSERT INTO ACCOUNT VALUES ('995776560', 'Terrance', 'Beltran', 'ireynolds@example.org', 'WBqSmfoatBuKMw', '11688135081', 0);
INSERT INTO ACCOUNT VALUES ('326906142', 'Colin', 'Tucker', 'lori21@example.net', 'yskCPKjNiMNSJk', '65535873511', 0);
INSERT INTO ACCOUNT VALUES ('953883587', 'Seth', 'Harvey', 'martinezgary@example.net', 'LlYCppfTkNTvMc', '54550212018', 0);
INSERT INTO ACCOUNT VALUES ('151301198', 'Johnathan', 'Rogers', 'ojones@example.com', 'pqKiKbdPYFvXfk', '02489766239', 0);
INSERT INTO ACCOUNT VALUES ('520090707', 'Melissa', 'Wilkinson', 'kstewart@example.net', 'OvTlPrUPvKUKim', '93291910188', 0);
INSERT INTO ACCOUNT VALUES ('993702157', 'Barbara', 'Nicholson', 'carlos83@example.org', 'CZExmqPzBKRZCC', '89165252047', 0);
INSERT INTO ACCOUNT VALUES ('886826589', 'Rickey', 'Mejia', 'bradley05@example.net', 'ZwxxUhULbkOgmE', '18805531090', 0);
INSERT INTO ACCOUNT VALUES ('657651266', 'Erika', 'York', 'villadebra@example.com', 'ZANvHvXQwCpEWs', '28077480307', 0);
INSERT INTO ACCOUNT VALUES ('173177818', 'Terri', 'Brown', 'elizabeth51@example.net', 'EwkTGRPzyhfXPw', '58558389138', 0);
INSERT INTO ACCOUNT VALUES ('742707861', 'Gabriella', 'Mcpherson', 'kellylori@example.org', 'ddcSOYBZxFJIlE', '57184049887', 0);
INSERT INTO ACCOUNT VALUES ('314253716', 'Judy', 'Webb', 'larrywoods@example.com', 'usiiaXYLMTiMVN', '70643418392', 0);
INSERT INTO ACCOUNT VALUES ('428520152', 'Anthony', 'Long', 'michellesanford@example.net', 'WrMHrOoXHFdUeN', '63285663053', 0);
INSERT INTO ACCOUNT VALUES ('787965110', 'Johnny', 'Daniels', 'daniellerivera@example.com', 'HuXrPaZRbXLxgO', '17351750272', 0);
INSERT INTO ACCOUNT VALUES ('934045003', 'Dalton', 'Freeman', 'brianharvey@example.net', 'WfsCySVYSGcTuN', '36361834039', 0);
INSERT INTO ACCOUNT VALUES ('460018884', 'Krystal', 'Crawford', 'maria35@example.net', 'XwZJedDqVWBwAt', '96082460023', 0);
INSERT INTO ACCOUNT VALUES ('671720693', 'Warren', 'Phillips', 'andersonjason@example.org', 'fTGyxosiacTOmo', '78239620897', 0);
INSERT INTO ACCOUNT VALUES ('160995093', 'Franklin', 'Chase', 'kroach@example.net', 'MxNFBPFGDEFDtD', '87419377181', 0);
INSERT INTO ACCOUNT VALUES ('199030291', 'Mandy', 'Knapp', 'michaelgarcia@example.net', 'HIetDTZpvEteGB', '93552468573', 0);
INSERT INTO ACCOUNT VALUES ('849069276', 'Dawn', 'Evans', 'melissa78@example.net', 'UZjTcbRhAMGZvn', '87373383075', 0);
INSERT INTO ACCOUNT VALUES ('511692926', 'Andrea', 'Cantu', 'morganmichael@example.org', 'dBlFAfmrsFwoEO', '49800168756', 0);
INSERT INTO ACCOUNT VALUES ('804318539', 'Elizabeth', 'Nicholson', 'bellmichael@example.com', 'WwCrpFHbaDkDwn', '59074009647', 0);
INSERT INTO ACCOUNT VALUES ('857752963', 'Darin', 'Mullins', 'ckramer@example.net', 'MMzsUCatSdvQiQ', '16466977319', 0);
INSERT INTO ACCOUNT VALUES ('394466330', 'Derek', 'Perry', 'vincentpaul@example.net', 'bMlzmXrmQvcCWJ', '28044288282', 0);
INSERT INTO ACCOUNT VALUES ('507872178', 'Curtis', 'Marshall', 'esoto@example.com', 'hNlTzZXFCSMomV', '26568107726', 0);
INSERT INTO ACCOUNT VALUES ('945511631', 'Dustin', 'Walton', 'marquezbrian@example.net', 'XScNOyNvHnchAC', '43022138933', 0);
INSERT INTO ACCOUNT VALUES ('166876062', 'Holly', 'Casey', 'rhernandez@example.net', 'bkIdSeFQQxHpvb', '99878806900', 0);
INSERT INTO ACCOUNT VALUES ('815082391', 'Megan', 'Acosta', 'simmonsana@example.net', 'ZGNsFadsCzUIqt', '95485333704', 0);
INSERT INTO ACCOUNT VALUES ('665888823', 'Cory', 'Clarke', 'christopher65@example.com', 'uEZORFyZEZBKmI', '69576704003', 0);
INSERT INTO ACCOUNT VALUES ('981346759', 'Bradley', 'Mcgee', 'morrismelinda@example.com', 'UWzEyJyapQlMOV', '73823464590', 0);
INSERT INTO ACCOUNT VALUES ('617589851', 'Gloria', 'David', 'melissalarson@example.org', 'SMnaalhRwISCmF', '44772880125', 0);
INSERT INTO ACCOUNT VALUES ('196288394', 'Julie', 'Peters', 'amy83@example.net', 'BRxRCBNMgppOiZ', '47409076432', 0);
INSERT INTO ACCOUNT VALUES ('668961736', 'Allison', 'Meadows', 'aford@example.org', 'eOWAtcAxlFnJfe', '43178475738', 0);
INSERT INTO ACCOUNT VALUES ('115753537', 'Gregg', 'Hatfield', 'wattsbianca@example.org', 'QYyaZAPsAKQWEx', '72180421682', 0);
INSERT INTO ACCOUNT VALUES ('184521143', 'Whitney', 'Blackwell', 'sgreen@example.net', 'nkDFYZRBIwyunD', '62459669332', 0);
INSERT INTO ACCOUNT VALUES ('494856018', 'Jon', 'Combs', 'ytorres@example.org', 'GYhLYAaWmMWagk', '35526571378', 0);
INSERT INTO ACCOUNT VALUES ('124821837', 'Francisco', 'Cohen', 'choichad@example.org', 'RefZuCUqTVogdG', '73889873453', 0);
INSERT INTO ACCOUNT VALUES ('300242379', 'Hannah', 'Nelson', 'uperry@example.com', 'UwtHFhsYbVtQQL', '82488000082', 0);
INSERT INTO ACCOUNT VALUES ('454480462', 'Evan', 'Wiggins', 'browndiana@example.org', 'iQHsLMDjUPjqVb', '87965107865', 0);
INSERT INTO ACCOUNT VALUES ('198008452', 'Jeff', 'Erickson', 'matthewcox@example.com', 'CgmdEiTwHtPyRd', '84231122438', 0);
INSERT INTO ACCOUNT VALUES ('275626034', 'Evelyn', 'Mclaughlin', 'dayshane@example.org', 'rQydVAaeyZmMZB', '60306360670', 0);
INSERT INTO ACCOUNT VALUES ('532535876', 'Beth', 'Lynn', 'bondemma@example.net', 'pZzlvccQpBwsxw', '56299117995', 0);
INSERT INTO ACCOUNT VALUES ('138920735', 'Anita', 'Decker', 'william93@example.com', 'BnpBsoahLLCFkC', '93722833642', 0);
INSERT INTO ACCOUNT VALUES ('622108815', 'Savannah', 'Randall', 'riverasandra@example.net', 'UiXHtayWAQPYdF', '83797393208', 0);
INSERT INTO ACCOUNT VALUES ('358255958', 'Traci', 'Mahoney', 'dennisgarrett@example.org', 'QnSaMLnIyJgGQr', '19550702639', 0);
INSERT INTO ACCOUNT VALUES ('356883196', 'Dylan', 'Parker', 'john47@example.org', 'FAyErEQCHSbbHQ', '86426674248', 0);
INSERT INTO ACCOUNT VALUES ('674443791', 'Kaitlin', 'Griffin', 'ericprince@example.org', 'KdmWgKeDQMrymZ', '70128928179', 0);
INSERT INTO ACCOUNT VALUES ('566487017', 'Sheila', 'Manning', 'dianebrown@example.net', 'oWBLCcDgvTtSCL', '86874223902', 0);
INSERT INTO ACCOUNT VALUES ('304239693', 'Pam', 'Bennett', 'garciadavid@example.org', 'AvRmdgQaLGRDls', '84169959198', 0);
INSERT INTO ACCOUNT VALUES ('341687328', 'Jocelyn', 'Avila', 'juliedavis@example.com', 'ZKOkpwpyDPPVat', '62164405536', 0);
INSERT INTO ACCOUNT VALUES ('630356324', 'Veronica', 'Villarreal', 'calderonshawn@example.net', 'mNVPtmnRQTkcCg', '06913231296', 0);
INSERT INTO ACCOUNT VALUES ('210474021', 'Brent', 'Hunter', 'wheelerjonathan@example.org', 'pGWKAQBLsDFtAU', '17819601043', 0);
INSERT INTO ACCOUNT VALUES ('432924316', 'Hayden', 'Guerrero', 'elizabeth48@example.org', 'HBtTGWMhbJqftG', '51621589044', 0);
INSERT INTO ACCOUNT VALUES ('292784322', 'Patty', 'Frey', 'natalie71@example.org', 'UBPqdhVmLDyhIb', '38621599356', 0);
INSERT INTO ACCOUNT VALUES ('263025198', 'Sandy', 'Frazier', 'ruthjohnson@example.net', 'gqLHuKLOBWkeeF', '29990153295', 0);
INSERT INTO ACCOUNT VALUES ('596061488', 'Hayley', 'Shaw', 'lewisashley@example.org', 'ExeScukRRhZfxG', '30898237736', 0);
INSERT INTO ACCOUNT VALUES ('315909612', 'Marvin', 'Farmer', 'whitelisa@example.com', 'uLuytAtqrErHVD', '55754214598', 0);
INSERT INTO ACCOUNT VALUES ('834184515', 'Larry', 'Keith', 'jocelynsmith@example.org', 'qIibDhRDmJtOvy', '95606461205', 0);
INSERT INTO ACCOUNT VALUES ('722082833', 'Richard', 'Acosta', 'wellschad@example.com', 'ftXYyqkNvrCqyf', '86646561174', 0);
INSERT INTO ACCOUNT VALUES ('670224388', 'Cristina', 'Buck', 'lynnkeith@example.org', 'TxtjbfUzTImuzr', '37121716579', 0);
INSERT INTO ACCOUNT VALUES ('265971439', 'Derrick', 'Wheeler', 'johnbennett@example.net', 'URbCXsxafBhFyy', '81759440552', 0);
INSERT INTO ACCOUNT VALUES ('185447241', 'Ashlee', 'Fisher', 'patriciawelch@example.org', 'yIloHcYdeZzbhg', '41966329710', 0);
INSERT INTO ACCOUNT VALUES ('363369157', 'Mitchell', 'Blackburn', 'morrisphyllis@example.com', 'jfuGUTnBSBSIGw', '71242230618', 0);
INSERT INTO ACCOUNT VALUES ('791206540', 'Cindy', 'Herring', 'oliviawilliamson@example.org', 'JbXYTsUHxowEiU', '26653889619', 0);
INSERT INTO ACCOUNT VALUES ('274190733', 'Alexandra', 'Moon', 'pruittandrew@example.net', 'wcGUNbiqPyqOYQ', '66230017633', 0);
INSERT INTO ACCOUNT VALUES ('295066253', 'Regina', 'Brock', 'charlesshepard@example.org', 'OdKLIteiqKGEog', '48780551073', 0);
INSERT INTO ACCOUNT VALUES ('437687801', 'Kurt', 'Moon', 'derek74@example.net', 'ifcvOGfKOEzumz', '47325006553', 0);
INSERT INTO ACCOUNT VALUES ('759391600', 'Rachel', 'Ortega', 'shawnadavis@example.com', 'uUEfQLrUGHJMTb', '42063755706', 0);
INSERT INTO ACCOUNT VALUES ('479957049', 'Dale', 'Hoover', 'kimberly22@example.org', 'TBuOiBwdgJCHBn', '35385399626', 0);
INSERT INTO ACCOUNT VALUES ('540519281', 'Destiny', 'Wright', 'johnstonduane@example.org', 'NzXORooilFbwEb', '43054053914', 0);
INSERT INTO ACCOUNT VALUES ('485544032', 'Kristopher', 'Olson', 'cunninghamfelicia@example.com', 'clnCSEBjIiPJlN', '82473457444', 0);
INSERT INTO ACCOUNT VALUES ('207369221', 'Margaret', 'Kline', 'leachwendy@example.net', 'PJTIOyNheANjPu', '36772309333', 0);
INSERT INTO ACCOUNT VALUES ('538274873', 'Autumn', 'Hanna', 'david05@example.org', 'LGgBZjalSEmCXX', '77284997570', 0);
INSERT INTO ACCOUNT VALUES ('852576688', 'Elaine', 'Wall', 'carrsara@example.org', 'ughOtpdajdWHpi', '38286448363', 0);
INSERT INTO ACCOUNT VALUES ('106629196', 'Donald', 'Velez', 'anna41@example.net', 'vfEJUpSMZEllaZ', '61440662929', 0);
INSERT INTO ACCOUNT VALUES ('224164981', 'Jaclyn', 'Chavez', 'madelinesmith@example.net', 'ukTStcXWtfXDmR', '81324566844', 0);
INSERT INTO ACCOUNT VALUES ('525304212', 'Erica', 'Fletcher', 'hansonjohn@example.org', 'oRLYaMmlmnIIjq', '28678371428', 0);
INSERT INTO ACCOUNT VALUES ('246341093', 'Sally', 'Hayden', 'jeremyholden@example.com', 'jWSWAkEHSwanRE', '86529847957', 0);
INSERT INTO ACCOUNT VALUES ('793910149', 'Theodore', 'Novak', 'johnsonsonya@example.org', 'vJeSjmVoKgplWr', '63944182461', 0);
INSERT INTO ACCOUNT VALUES ('849747437', 'Darren', 'Wheeler', 'aferrell@example.net', 'RASztSJgIgkEfW', '01790943627', 0);
INSERT INTO ACCOUNT VALUES ('386725114', 'Lauren', 'Bird', 'zandrews@example.org', 'xmJiTFxdTPjRjU', '73542838353', 0);
INSERT INTO ACCOUNT VALUES ('639136611', 'Terry', 'Hendricks', 'johnsonmark@example.org', 'lcilaAMMvrhgMK', '35324643450', 0);
INSERT INTO ACCOUNT VALUES ('126989585', 'Tanner', 'Valdez', 'rcollins@example.org', 'CjBSQwKmjpAvIA', '60902887817', 0);
INSERT INTO ACCOUNT VALUES ('411419589', 'Edgar', 'Velazquez', 'nfoster@example.com', 'fZuwPINBucAmrS', '64559357990', 0);
INSERT INTO ACCOUNT VALUES ('289604364', 'Leslie', 'Berg', 'tonyayoung@example.com', 'MvBjEkYmOzWGTl', '86522789172', 0);
INSERT INTO ACCOUNT VALUES ('336828909', 'Jo', 'Marsh', 'gstevens@example.com', 'JOSIiVqRxXHlcK', '65332608484', 0);
INSERT INTO ACCOUNT VALUES ('828404439', 'Janice', 'Conley', 'michelle89@example.org', 'dxqDawrUhoXpKR', '94368944334', 0);
INSERT INTO ACCOUNT VALUES ('478908337', 'Eugene', 'Reynolds', 'nicholas73@example.net', 'OMiOlRMWcXZhDC', '49371167772', 0);
INSERT INTO ACCOUNT VALUES ('691065885', 'Sandra', 'Gilmore', 'amybrandt@example.org', 'wxgrSpQFBzTaoo', '72984768452', 0);
INSERT INTO ACCOUNT VALUES ('594745778', 'Jorge', 'Shepard', 'lwagner@example.com', 'YTgQFNpclxzDgP', '50693719465', 0);
INSERT INTO ACCOUNT VALUES ('520716357', 'Dwayne', 'Newman', 'mary11@example.net', 'CeWjvuTubaeteG', '11826425131', 0);
INSERT INTO ACCOUNT VALUES ('705184616', 'Norma', 'Shannon', 'nicholsdeborah@example.org', 'pOILZPWuebCdtT', '74267864888', 0);
INSERT INTO ACCOUNT VALUES ('853188002', 'Roy', 'Owen', 'pittmanmandy@example.net', 'SXoSEjcaEmgzsW', '60492946590', 0);
INSERT INTO ACCOUNT VALUES ('271168095', 'Jermaine', 'Schultz', 'hicksandre@example.org', 'UsagrBHkBVeXYH', '90919711074', 0);
INSERT INTO ACCOUNT VALUES ('891827427', 'Tracey', 'Stein', 'jamie53@example.net', 'ZlUtunVeXifbjP', '94906837320', 0);
INSERT INTO ACCOUNT VALUES ('873700411', 'Jackson', 'Levine', 'anelson@example.org', 'CUNramrpgNvcdK', '84041989181', 0);
INSERT INTO ACCOUNT VALUES ('345778130', 'Nicolas', 'Woodard', 'hallkristin@example.com', 'UrvTGhyVdWsoCB', '28937080193', 0);
INSERT INTO ACCOUNT VALUES ('394069586', 'Yesenia', 'Paul', 'kaitlynkerr@example.net', 'DWmqJpAXNbJclJ', '63824736691', 0);
INSERT INTO ACCOUNT VALUES ('525182121', 'Ashley', 'Rubio', 'henrygarcia@example.com', 'ctCDJplZEsRVfZ', '81644547536', 0);
INSERT INTO ACCOUNT VALUES ('775737194', 'Shane', 'Christian', 'jtorres@example.org', 'EsHwdxYpuCsNaI', '29276401757', 0);
INSERT INTO ACCOUNT VALUES ('858526235', 'Katrina', 'Weber', 'mcguirejacob@example.com', 'SjbignDucNuuBG', '74850045766', 0);
INSERT INTO ACCOUNT VALUES ('874603106', 'Manuel', 'Hamilton', 'simpsonsandra@example.net', 'ZbxKlKUUcotwGE', '53478633610', 0);
INSERT INTO ACCOUNT VALUES ('965469585', 'Marc', 'Oliver', 'sandratorres@example.org', 'bPihgoaPpMrbhj', '57348445279', 0);
INSERT INTO ACCOUNT VALUES ('499648215', 'Kelly', 'Quinn', 'cartercatherine@example.org', 'iYSCsaLQMuVYSf', '98933929981', 0);
INSERT INTO ACCOUNT VALUES ('210914514', 'Erin', 'Collins', 'timothy86@example.org', 'SEvzqCWcpidQwm', '27287196296', 0);
INSERT INTO ACCOUNT VALUES ('840409152', 'Cassidy', 'Daniels', 'gbass@example.net', 'ualBNIqkIswTgp', '72403526633', 0);
INSERT INTO ACCOUNT VALUES ('184187710', 'Adriana', 'Dennis', 'laura31@example.com', 'cynykEBaeNrtVU', '83041920585', 0);
INSERT INTO ACCOUNT VALUES ('982711108', 'Randall', 'Montoya', 'waltonnathaniel@example.net', 'CDHCzWUtMArEKz', '05869884560', 0);
INSERT INTO ACCOUNT VALUES ('626065491', 'Jenna', 'Davies', 'frankkendra@example.org', 'dVnEZCUsrNByRL', '46939407163', 0);
INSERT INTO ACCOUNT VALUES ('282706640', 'Melinda', 'English', 'jessica70@example.org', 'BjScqmSGRaTWuI', '90061119180', 0);
INSERT INTO ACCOUNT VALUES ('102677108', 'Christian', 'Hurley', 'rthomas@example.net', 'ZVPahskiHxnJBx', '43063543909', 0);
INSERT INTO ACCOUNT VALUES ('549482801', 'Pedro', 'Hahn', 'nguyenjulie@example.com', 'EsLVYsCUILKzzu', '53980411204', 0);
INSERT INTO ACCOUNT VALUES ('393323319', 'Tara', 'Cooper', 'robertbentley@example.org', 'DpAJtWFspxWbvU', '34055780547', 0);
INSERT INTO ACCOUNT VALUES ('127014594', 'Jesse', 'Crosby', 'craighenson@example.net', 'BfhfOZGfNBDiPX', '42457737549', 0);
INSERT INTO ACCOUNT VALUES ('754702144', 'Nichole', 'Higgins', 'allenalexander@example.org', 'GrJApKGPiAvqXU', '62207713633', 0);
INSERT INTO ACCOUNT VALUES ('217820278', 'Eileen', 'Chang', 'caseymorris@example.net', 'tWHVMphhSzoxiz', '64063910577', 0);
INSERT INTO ACCOUNT VALUES ('369491575', 'Lance', 'Dorsey', 'nellis@example.org', 'ndubARsmGCTxQY', '77534258419', 0);
INSERT INTO ACCOUNT VALUES ('725175667', 'Collin', 'Carroll', 'joseph45@example.com', 'TqUKbLSJZSjdAL', '29558978429', 0);
INSERT INTO ACCOUNT VALUES ('795126399', 'Logan', 'Ayala', 'sheltonmolly@example.net', 'BxQJsFsQEftURk', '18649784168', 0);
INSERT INTO ACCOUNT VALUES ('503393621', 'Diane', 'Hayden', 'kimmichael@example.net', 'AkLfCneCjXYiWG', '83918656127', 0);
INSERT INTO ACCOUNT VALUES ('832851237', 'Ebony', 'Logan', 'craigwest@example.com', 'apcssyvAKRTFNx', '66560598219', 0);
INSERT INTO ACCOUNT VALUES ('795266710', 'Scott', 'Valentine', 'michaelscott@example.com', 'PZkBxHFHIcArYy', '00347433565', 0);
INSERT INTO ACCOUNT VALUES ('982031176', 'Jerome', 'Chavez', 'fgarner@example.org', 'wThcXnhHuoNpny', '06909858306', 0);
INSERT INTO ACCOUNT VALUES ('480683965', 'Elijah', 'Reyes', 'robertfreeman@example.org', 'qjPuQPFGiLMxCG', '50868591546', 0);
INSERT INTO ACCOUNT VALUES ('705324839', 'Susan', 'Warner', 'twaller@example.net', 'lAGjOtkBuwbDyf', '15227441941', 0);
INSERT INTO ACCOUNT VALUES ('227358608', 'Jared', 'Barr', 'tmiddleton@example.com', 'fDxUduisCQCANe', '90581434603', 0);
INSERT INTO ACCOUNT VALUES ('728115108', 'Jordan', 'Rivers', 'pgarrett@example.net', 'qHwDQIjcuirQMc', '02138071550', 0);
INSERT INTO ACCOUNT VALUES ('851233699', 'Jessica', 'Cooley', 'ifrazier@example.net', 'SZkahYjZYHxsPt', '32844141673', 0);
INSERT INTO ACCOUNT VALUES ('541340007', 'Michaela', 'Singh', 'boltonbenjamin@example.com', 'wHQDdHmhPEZReZ', '96703223553', 0);
INSERT INTO ACCOUNT VALUES ('665856467', 'Brett', 'Robinson', 'ychan@example.net', 'EaMwQkaOwfmxDy', '05219858142', 0);
INSERT INTO ACCOUNT VALUES ('480106923', 'Henry', 'Frazier', 'owenssharon@example.org', 'tIhwImOsKqMdsg', '55854691765', 0);
INSERT INTO ACCOUNT VALUES ('428965285', 'Raven', 'Hodge', 'amanda21@example.com', 'YxuDAVUXLWsGCX', '48362084454', 0);
INSERT INTO ACCOUNT VALUES ('579281875', 'Candace', 'Cherry', 'tammyjarvis@example.com', 'OBigXVFMBORmiU', '23947499307', 0);
INSERT INTO ACCOUNT VALUES ('382699883', 'Patricia', 'Green', 'yrobles@example.net', 'LVoEQhXUPHzWim', '76614222331', 0);
INSERT INTO ACCOUNT VALUES ('672532282', 'Joshua', 'Gamble', 'ricardo05@example.org', 'ylDkoTqKXyUaIc', '34610176722', 0);
INSERT INTO ACCOUNT VALUES ('433217224', 'Andrew', 'Hodge', 'mikelynn@example.com', 'ArZquCAPVWAFeh', '04859173724', 0);
INSERT INTO ACCOUNT VALUES ('760113280', 'Omar', 'Peck', 'panderson@example.net', 'CnBrctGlAJJzUE', '83626565517', 0);
INSERT INTO ACCOUNT VALUES ('216178663', 'Dan', 'Miles', 'rdavis@example.org', 'BFCZOOTQgqlEEc', '79806002189', 0);
INSERT INTO ACCOUNT VALUES ('405965070', 'Jenny', 'Vaughn', 'lorimaddox@example.com', 'RvTMzmEuhhaHaF', '35908772332', 0);
INSERT INTO ACCOUNT VALUES ('423755688', 'Stefanie', 'Escobar', 'roblesrobert@example.org', 'DctGPVABmlnDgZ', '43459845914', 0);
INSERT INTO ACCOUNT VALUES ('902974957', 'Shelley', 'Brandt', 'xramirez@example.org', 'zdPeSeNBkHZxae', '65871921920', 0);
INSERT INTO ACCOUNT VALUES ('677863507', 'Leroy', 'Flowers', 'austinstanley@example.net', 'aPbUfwgVwLglTG', '32924085522', 0);
INSERT INTO ACCOUNT VALUES ('757877058', 'Alexandria', 'Juarez', 'andersenkathryn@example.net', 'FitmHtWffOzVYW', '68286812624', 0);
INSERT INTO ACCOUNT VALUES ('303842656', 'Vincent', 'Woodward', 'kenneth45@example.com', 'jtBgwkkhmqhvWP', '07125555771', 0);
INSERT INTO ACCOUNT VALUES ('960213020', 'Cody', 'Zamora', 'gloriawhite@example.com', 'jbALnHrbTZtAsy', '92919084327', 0);
INSERT INTO ACCOUNT VALUES ('164048842', 'Kari', 'Chambers', 'joe50@example.com', 'npgiwIVuEgIDfY', '41425560097', 0);
INSERT INTO ACCOUNT VALUES ('160926372', 'Tricia', 'Espinoza', 'foxbeth@example.org', 'MjqKHgLfOcLIbr', '00196988181', 0);
INSERT INTO ACCOUNT VALUES ('616799432', 'Mallory', 'Padilla', 'rebecca22@example.org', 'cctFwSwPKzeuHT', '84667186683', 0);
INSERT INTO ACCOUNT VALUES ('972563073', 'Debra', 'Hughes', 'twright@example.com', 'lnLrQmrjaObtII', '11268402827', 0);
INSERT INTO ACCOUNT VALUES ('918002772', 'Bryan', 'Lang', 'lynnbenjamin@example.net', 'mfRvzBacHIKlYL', '54500550880', 0);
INSERT INTO ACCOUNT VALUES ('723049583', 'Jaime', 'Reese', 'kcontreras@example.com', 'eqyiNtdYtntCbw', '64171890134', 0);
INSERT INTO ACCOUNT VALUES ('812091918', 'Kristina', 'Ballard', 'sanchezshane@example.org', 'hKrfPENDJwGIhz', '56743156749', 0);
INSERT INTO ACCOUNT VALUES ('330424412', 'Marie', 'Gonzalez', 'bonnie46@example.net', 'XqUxWWgWWRmFhc', '75358134624', 0);
INSERT INTO ACCOUNT VALUES ('898199050', 'Mckenzie', 'Lopez', 'diane86@example.org', 'XcLXdeVEgIDxgU', '69506150236', 0);
INSERT INTO ACCOUNT VALUES ('811362039', 'Alexis', 'Ritter', 'mtaylor@example.org', 'lHIacmFhQEwNxh', '87522470159', 0);
INSERT INTO ACCOUNT VALUES ('149709621', 'Sharon', 'Good', 'millskelly@example.org', 'eDEBCTcWeITnRW', '05450796532', 0);
INSERT INTO ACCOUNT VALUES ('453359923', 'Cassandra', 'Ballard', 'mary91@example.org', 'jXfXAYBdeLrFFO', '83758579328', 0);
INSERT INTO ACCOUNT VALUES ('739534970', 'Gail', 'Pitts', 'elizabeth80@example.net', 'uJyUxwiCtCkQvS', '44714482018', 0);
INSERT INTO ACCOUNT VALUES ('599116283', 'Michael', 'Manning', 'andrew34@example.org', 'yriTXNacDoZOIW', '18909668464', 0);
INSERT INTO ACCOUNT VALUES ('316730524', 'Alexander', 'Escobar', 'marthablankenship@example.net', 'mnLigmBvmrOXYK', '96385695521', 0);
INSERT INTO ACCOUNT VALUES ('731847290', 'Crystal', 'Combs', 'gillchristine@example.com', 'DnACQHSQriRBDd', '06546624770', 0);
INSERT INTO ACCOUNT VALUES ('476994606', 'Damon', 'Harvey', 'powellcesar@example.net', 'oPCRXpBHLUxkSG', '49527658878', 0);
INSERT INTO ACCOUNT VALUES ('497230877', 'Maxwell', 'Dixon', 'christinaferguson@example.org', 'SKqKiRwWFnYhaL', '52583774364', 0);
INSERT INTO ACCOUNT VALUES ('902287948', 'Annette', 'Orr', 'norrisdawn@example.net', 'NUItQiOHLxUZSg', '15787551512', 0);
INSERT INTO ACCOUNT VALUES ('897175713', 'Darlene', 'Travis', 'wbennett@example.com', 'oZUndKuagmovoU', '81401576113', 0);
INSERT INTO ACCOUNT VALUES ('353277357', 'Roberta', 'Kline', 'christinagoodwin@example.org', 'xQyXoNqdZisTQz', '29508608074', 0);
INSERT INTO ACCOUNT VALUES ('474510544', 'Alyssa', 'Mckay', 'joshua85@example.net', 'KViVUDYguXaVvM', '69901067856', 0);
INSERT INTO ACCOUNT VALUES ('423743623', 'Oscar', 'Dunn', 'wgood@example.com', 'TtrdoGJykZjnGt', '69959315152', 0);
INSERT INTO ACCOUNT VALUES ('895801249', 'Paige', 'Frye', 'bking@example.com', 'fAnfZhLEWWPZTb', '59327303252', 0);
INSERT INTO ACCOUNT VALUES ('898908277', 'Joseph', 'Dorsey', 'melissamartinez@example.org', 'akgvUdyhFMvrnz', '61849585205', 0);
INSERT INTO ACCOUNT VALUES ('480441737', 'Vickie', 'Gregory', 'claudia89@example.org', 'ljeHsKXjZZHqJe', '35901561247', 0);
INSERT INTO ACCOUNT VALUES ('855280418', 'Maurice', 'Zuniga', 'turnertimothy@example.net', 'buPNtQLPieKugm', '86729795979', 0);
INSERT INTO ACCOUNT VALUES ('359574562', 'Darius', 'Hancock', 'abaker@example.com', 'DfWKvWlMmUvbag', '63131471861', 0);
INSERT INTO ACCOUNT VALUES ('935393762', 'Brad', 'Solis', 'sullivansarah@example.org', 'unXcjqwnkRgJlB', '13259093765', 0);
INSERT INTO ACCOUNT VALUES ('479046047', 'Tabitha', 'Glover', 'eriklandry@example.org', 'DTRLobtrjbEKjj', '48777754491', 0);
INSERT INTO ACCOUNT VALUES ('443683545', 'Kara', 'Baird', 'kayla51@example.com', 'EvVeRojNZXONIp', '56037897323', 0);
INSERT INTO ACCOUNT VALUES ('208866014', 'Ross', 'Mccarthy', 'ywilliams@example.com', 'YNXYobuhwfpohY', '21966390612', 0);
INSERT INTO ACCOUNT VALUES ('659471650', 'Hector', 'Fuentes', 'walvarez@example.com', 'ektjLRGNomKKVJ', '10909844721', 0);
INSERT INTO ACCOUNT VALUES ('944329354', 'Robin', 'Wong', 'christina95@example.net', 'fdqYwEtCwrjcpW', '40314292363', 0);
INSERT INTO ACCOUNT VALUES ('375224496', 'Lawrence', 'Mullen', 'danielzachary@example.com', 'jtgqyoqBVIKKjA', '53199515551', 0);
INSERT INTO ACCOUNT VALUES ('291184528', 'Jane', 'Krause', 'davisedward@example.com', 'RvHUzpUlFQRbPQ', '07313509395', 0);
INSERT INTO ACCOUNT VALUES ('956438854', 'Karen', 'Pope', 'randerson@example.com', 'MyylBhKNDYhvMH', '23649958330', 0);
INSERT INTO ACCOUNT VALUES ('937283217', 'Antonio', 'Calderon', 'ulong@example.com', 'bYsXIMzTxpNEnM', '37864657358', 0);
INSERT INTO ACCOUNT VALUES ('342753060', 'Stanley', 'Burton', 'patricia49@example.com', 'HXxadZpzcrRDUS', '20799003786', 0);
INSERT INTO ACCOUNT VALUES ('678809630', 'Katelyn', 'Salinas', 'sjefferson@example.com', 'iJaxCZThRfzKNE', '01284732237', 0);
INSERT INTO ACCOUNT VALUES ('917091733', 'Nathan', 'Hampton', 'juan80@example.org', 'qCMhyqXOlDlnCx', '34804711321', 0);
INSERT INTO ACCOUNT VALUES ('862315588', 'Janet', 'Mahoney', 'zrodriguez@example.com', 'NMcLBszLGtocAA', '20232860413', 0);
INSERT INTO ACCOUNT VALUES ('934391713', 'Gwendolyn', 'Travis', 'amberelliott@example.net', 'mNvyUXOYEdRlos', '22817028738', 0);
INSERT INTO ACCOUNT VALUES ('718692746', 'Abigail', 'Fuentes', 'jennifer17@example.com', 'PRcOcShzRYCBlx', '28221711510', 0);
INSERT INTO ACCOUNT VALUES ('852333409', 'Latoya', 'Mcmahon', 'kiddnicholas@example.com', 'LgohnmrvFFgLck', '42142538651', 0);
INSERT INTO ACCOUNT VALUES ('574040037', 'Cesar', 'Dickerson', 'erin25@example.org', 'UeGPabhetTaBLL', '17069024222', 0);
INSERT INTO ACCOUNT VALUES ('590050079', 'Sheryl', 'Weiss', 'bradley02@example.com', 'wFjsxLrQGQQfuN', '79277996519', 0);
INSERT INTO ACCOUNT VALUES ('915543547', 'Steven', 'Landry', 'murillopamela@example.com', 'uDMwswVqXNXujs', '46102539773', 0);
INSERT INTO ACCOUNT VALUES ('294920696', 'Vanessa', 'Clarke', 'karen31@example.net', 'TZsNEiyaAAmFVe', '90407999964', 0);
INSERT INTO ACCOUNT VALUES ('973680474', 'Troy', 'Acevedo', 'watsonjason@example.net', 'IoqZifCwxXzPaI', '55795165532', 0);
INSERT INTO ACCOUNT VALUES ('938399583', 'Kristi', 'James', 'matthewmorales@example.net', 'WZBraYpszrmGND', '74873412093', 0);
INSERT INTO ACCOUNT VALUES ('940157341', 'Madeline', 'Faulkner', 'snydercynthia@example.com', 'VhobRogBTHiNBm', '71739664543', 0);
INSERT INTO ACCOUNT VALUES ('272571579', 'Gilbert', 'Campbell', 'samuel87@example.org', 'PtuhFLpCgidIfj', '78811401890', 0);
INSERT INTO ACCOUNT VALUES ('666099194', 'Brittney', 'Combs', 'steven46@example.org', 'jAqyFkErrHqJoY', '27231768225', 0);
INSERT INTO ACCOUNT VALUES ('349018454', 'Mike', 'Boyer', 'vwhite@example.net', 'mFoazumAIYgmSb', '42164027242', 0);
INSERT INTO ACCOUNT VALUES ('445838759', 'Gerald', 'Price', 'ericksonamber@example.net', 'SJeJisVFBpjtRD', '82674532118', 0);
INSERT INTO ACCOUNT VALUES ('117726555', 'Lindsey', 'Clayton', 'sean57@example.com', 'OzRkPTMPLglQBD', '71886782157', 0);
INSERT INTO ACCOUNT VALUES ('943226122', 'Catherine', 'Sanford', 'nicholaskrause@example.net', 'IOctFzCveoFsmP', '15586450717', 0);
INSERT INTO ACCOUNT VALUES ('950636038', 'Dave', 'Barrett', 'donaldsoto@example.com', 'djlvXntqaqKDVV', '45546858392', 0);
INSERT INTO ACCOUNT VALUES ('270982703', 'Ryan', 'Conrad', 'cherylbrown@example.com', 'IYsiYyeRooYEDX', '21148328372', 0);
INSERT INTO ACCOUNT VALUES ('847883038', 'Meagan', 'Smith', 'matthewhughes@example.net', 'ZtCZZKlkHuswhq', '56169840841', 0);
INSERT INTO ACCOUNT VALUES ('522818984', 'Grace', 'Dixon', 'mbishop@example.com', 'aGKfoXbKcUZYyV', '65332419633', 0);
INSERT INTO ACCOUNT VALUES ('849071899', 'Kimberly', 'Park', 'yrichards@example.net', 'pMgcovRxFXBqob', '59429941883', 0);
INSERT INTO ACCOUNT VALUES ('242133825', 'Alan', 'Farmer', 'smartinez@example.org', 'AZwPgEhyrnNPBX', '35561932420', 0);
INSERT INTO ACCOUNT VALUES ('725600091', 'Joel', 'Mathews', 'browncharles@example.com', 'kAdJtJSqQLgGIU', '58296060351', 0);
INSERT INTO ACCOUNT VALUES ('926182917', 'Lydia', 'Bowen', 'kristin31@example.net', 'hXReECAtzFpbEv', '14294318159', 0);
INSERT INTO ACCOUNT VALUES ('581195309', 'Ariana', 'Morrison', 'bennettcynthia@example.net', 'VgLzHfwgRdQXWG', '85511348019', 0);
INSERT INTO ACCOUNT VALUES ('742934158', 'Diana', 'Barton', 'bhickman@example.org', 'kOuqmihCQTSAlV', '18869554893', 0);
INSERT INTO ACCOUNT VALUES ('816694956', 'Gregory', 'Joseph', 'piercegavin@example.com', 'ZZNtGyRCXuxaoB', '00969678324', 0);
INSERT INTO ACCOUNT VALUES ('906703760', 'Zachary', 'Dunlap', 'andersonjohn@example.org', 'TSNJyMzUFruhCs', '98516385024', 0);
INSERT INTO ACCOUNT VALUES ('607312328', 'Connor', 'Meyer', 'jenkinsheidi@example.com', 'KgedRVVCrfxhio', '84757186907', 0);
INSERT INTO ACCOUNT VALUES ('349051303', 'Cristian', 'Sims', 'caroline75@example.com', 'BpHCntCvDrNYPo', '46597195532', 0);
INSERT INTO ACCOUNT VALUES ('938243081', 'Brooke', 'Moreno', 'olewis@example.org', 'GOtpnPvTfOuAVV', '32617751741', 0);
INSERT INTO ACCOUNT VALUES ('334812395', 'Shannon', 'Shaw', 'larry62@example.org', 'KvFFJtpzDtmnmC', '79213884529', 0);
INSERT INTO ACCOUNT VALUES ('276299314', 'Misty', 'Gill', 'andrew29@example.net', 'OutOEZHaTShEjP', '09564272363', 0);
INSERT INTO ACCOUNT VALUES ('680632688', 'Raymond', 'Carroll', 'thanson@example.net', 'NQTGeCuccSDgzN', '49819493075', 0);
INSERT INTO ACCOUNT VALUES ('521680262', 'Alvin', 'Huber', 'ericparrish@example.net', 'DRKUmNJgBORUhy', '30154345648', 0);
INSERT INTO ACCOUNT VALUES ('959443891', 'Cynthia', 'Mooney', 'bellpeter@example.org', 'ZTKCANwqthjVdY', '94914189929', 0);
INSERT INTO ACCOUNT VALUES ('675917939', 'Tim', 'Potts', 'jrodriguez@example.org', 'mrZWTmNuzKGnvr', '28152142157', 0);
INSERT INTO ACCOUNT VALUES ('335129489', 'Mary', 'Ray', 'pamela84@example.org', 'PZjHhmcZaZDCjo', '86711408557', 0);
INSERT INTO ACCOUNT VALUES ('821419637', 'Willie', 'Sloan', 'jennifer20@example.org', 'hUdhapltZoQJNh', '01897026407', 0);
INSERT INTO ACCOUNT VALUES ('120587208', 'Jennifer', 'Reyes', 'christine69@example.org', 'zVxpqzLaBgcwsw', '48315035078', 0);
INSERT INTO ACCOUNT VALUES ('676664583', 'Suzanne', 'Holmes', 'janicebradshaw@example.org', 'BcUlpjRYePmZgZ', '60394739660', 0);
INSERT INTO ACCOUNT VALUES ('801116140', 'Bill', 'Nelson', 'davisjeff@example.org', 'HWWAPpcxpOGMPx', '28157034771', 0);
INSERT INTO ACCOUNT VALUES ('399675527', 'Adrian', 'Holland', 'jeffrey61@example.com', 'sHfQENJOeXNaIt', '81197111352', 0);
INSERT INTO ACCOUNT VALUES ('151807207', 'Jonathan', 'Morrison', 'lukemorrison@example.org', 'IyONlebBYjMwfj', '75167624693', 0);
INSERT INTO ACCOUNT VALUES ('182702706', 'Ariel', 'Bradshaw', 'otorres@example.org', 'DhFvBCzXdypMXZ', '21763163706', 0);
INSERT INTO ACCOUNT VALUES ('986998004', 'Neil', 'Blankenship', 'kimberly58@example.org', 'qsLNHCjfSKHahq', '42223722710', 0);
INSERT INTO ACCOUNT VALUES ('789669531', 'Ray', 'Cain', 'davidbrown@example.org', 'KThghqtAFaRuwG', '09900331115', 0);
INSERT INTO ACCOUNT VALUES ('611188064', 'Malik', 'Parrish', 'rita07@example.org', 'qHcTxrFcORARjS', '15674104028', 0);
INSERT INTO ACCOUNT VALUES ('988641243', 'Vicki', 'Vincent', 'michele48@example.org', 'hYBHgaNpeqXpQM', '24645275536', 0);
INSERT INTO ACCOUNT VALUES ('397019241', 'Bob', 'Huang', 'tmurray@example.net', 'eangpoxqyenTYx', '96041107319', 0);
INSERT INTO ACCOUNT VALUES ('978815950', 'Randy', 'Savage', 'baileyjeffrey@example.com', 'JqsDEsvBINXwTM', '69956281334', 0);
INSERT INTO ACCOUNT VALUES ('204136813', 'Shelia', 'Jarvis', 'eramirez@example.com', 'IZRSnCRfdMdajf', '45615016860', 0);
INSERT INTO ACCOUNT VALUES ('764666872', 'Rick', 'Stuart', 'barbarawu@example.org', 'HwmZYOvximwXbh', '30898679161', 0);
INSERT INTO ACCOUNT VALUES ('487211804', 'Eric', 'Palmer', 'charleskeller@example.net', 'FGXtvAlhkpfUJv', '50942212265', 0);
INSERT INTO ACCOUNT VALUES ('829426069', 'Arthur', 'Vance', 'daryl92@example.net', 'HLnAClzxmUNCTP', '45728235751', 0);
INSERT INTO ACCOUNT VALUES ('836691170', 'Blake', 'Espinoza', 'gmoore@example.org', 'peWohnXDuouPJf', '83813671017', 0);
INSERT INTO ACCOUNT VALUES ('340958222', 'Clinton', 'Love', 'tracylong@example.net', 'JzZcVWhEeAGqPS', '85401723579', 0);
INSERT INTO ACCOUNT VALUES ('530026395', 'Kristy', 'Finley', 'joshuajones@example.com', 'UJrsiuxmxWTmzP', '72722643841', 0);
INSERT INTO ACCOUNT VALUES ('825569333', 'Harry', 'Atkins', 'swhite@example.com', 'yAmjycWvbUFOEK', '10158692493', 0);
INSERT INTO ACCOUNT VALUES ('672225817', 'Mackenzie', 'Webster', 'nicholasbauer@example.org', 'YouPqRllbNlPzw', '94665159600', 0);
INSERT INTO ACCOUNT VALUES ('255431679', 'Philip', 'Sharp', 'victor73@example.com', 'hbJZeAmercdzNe', '42191198859', 0);
INSERT INTO ACCOUNT VALUES ('618101587', 'Isaiah', 'Martinez', 'wilsonbenjamin@example.com', 'QWsrMOADrSnlnS', '10908125160', 0);
INSERT INTO ACCOUNT VALUES ('172006771', 'Brianna', 'Soto', 'annahutchinson@example.org', 'PsRhoglRGdlQgv', '32708430772', 0);
INSERT INTO ACCOUNT VALUES ('836333845', 'Grant', 'Barnes', 'eric93@example.org', 'GTyCfLixRfnVXf', '32084359096', 0);
INSERT INTO ACCOUNT VALUES ('990815528', 'Heather', 'Sullivan', 'edwincabrera@example.com', 'OpsCAYXISGzEIr', '28882617978', 0);
INSERT INTO ACCOUNT VALUES ('153344815', 'Russell', 'Wilkins', 'garrisonrobert@example.com', 'iByifiKhevcaoP', '98342393634', 0);
INSERT INTO ACCOUNT VALUES ('628126161', 'Andres', 'Bird', 'heather45@example.org', 'IxKCKjWesPsKRR', '33244804976', 0);
INSERT INTO ACCOUNT VALUES ('925340087', 'Erik', 'Gilbert', 'walkeramanda@example.com', 'BqCdVFaKOHqBTM', '69757686782', 0);
INSERT INTO ACCOUNT VALUES ('121721585', 'Julian', 'Mcmahon', 'jhunt@example.com', 'ULVIloCVsBCbvb', '81208400348', 0);
INSERT INTO ACCOUNT VALUES ('789365242', 'Kim', 'Brock', 'tammy37@example.com', 'UzUzNrHmsWNCws', '25131904275', 0);
INSERT INTO ACCOUNT VALUES ('740169097', 'Claudia', 'Rodriguez', 'sjones@example.net', 'MBEgcMyDwhvjOd', '66352623824', 0);
INSERT INTO ACCOUNT VALUES ('442110135', 'Tony', 'Lester', 'richardspaige@example.org', 'lsYwvvsrVCsvFA', '43230833464', 0);
INSERT INTO ACCOUNT VALUES ('388996592', 'Lucas', 'Savage', 'ahull@example.org', 'KXGpNONgAKWwxG', '02715432379', 0);
INSERT INTO ACCOUNT VALUES ('370432328', 'Amy', 'Dickson', 'pmora@example.net', 'SjBqQfKLgktsrK', '35783966278', 0);
INSERT INTO ACCOUNT VALUES ('919288915', 'Barry', 'Calhoun', 'xmendoza@example.org', 'ciikudeCmzxwyt', '87319695485', 0);
INSERT INTO ACCOUNT VALUES ('977821102', 'Corey', 'Solis', 'srobertson@example.net', 'UeFfAWkRCKfrJi', '25870423399', 0);
INSERT INTO ACCOUNT VALUES ('740436347', 'Jason', 'Daniel', 'john64@example.net', 'KIkSbqNaUhudPg', '75006271228', 0);
INSERT INTO ACCOUNT VALUES ('344254158', 'Dean', 'Cameron', 'ybishop@example.org', 'DzgbauGMMuWPAU', '72026193980', 0);
INSERT INTO ACCOUNT VALUES ('821112896', 'Sierra', 'Mcdonald', 'ubarajas@example.com', 'pOYNBPdyQrXeko', '72493568574', 0);
INSERT INTO ACCOUNT VALUES ('168924093', 'Bobby', 'Floyd', 'sharoncampbell@example.org', 'CBxXHOBUUpaeXb', '55898129244', 0);
INSERT INTO ACCOUNT VALUES ('990880410', 'Jeremy', 'Lin', 'russelljames@example.net', 'QvliZFzVFOkllb', '90673409550', 0);
INSERT INTO ACCOUNT VALUES ('104057019', 'Hailey', 'Schmidt', 'elizabethbright@example.org', 'diDGaQFCacyYVm', '70273598724', 0);
INSERT INTO ACCOUNT VALUES ('469547642', 'Danielle', 'Lynch', 'jessica11@example.org', 'AAsUPFMsikmKWY', '85621230212', 0);
INSERT INTO ACCOUNT VALUES ('382675113', 'Nina', 'Burton', 'wburns@example.org', 'gRwZfOAwgOOxTG', '94708053595', 0);
INSERT INTO ACCOUNT VALUES ('104183292', 'Molly', 'Benjamin', 'romeroeric@example.com', 'XUIlHqmUogBnVq', '78704629217', 0);
INSERT INTO ACCOUNT VALUES ('215830324', 'Clayton', 'Trujillo', 'johnnydavis@example.org', 'zSHUcCNZJEBxiY', '81854521899', 0);
INSERT INTO ACCOUNT VALUES ('485608422', 'Denise', 'Hancock', 'jbrown@example.net', 'DyHvxLBZWqhPRR', '67497483847', 0);
INSERT INTO ACCOUNT VALUES ('164139013', 'Sean', 'Fleming', 'deborah12@example.com', 'qLUuAJpKbNeOwN', '81825984784', 0);
INSERT INTO ACCOUNT VALUES ('476841519', 'Terrence', 'Osborn', 'james99@example.net', 'pqUblObLxBgaSW', '69332078503', 0);
INSERT INTO ACCOUNT VALUES ('206229258', 'Tammy', 'Stokes', 'emily27@example.com', 'tfbiYItMqPLSPV', '38192141390', 0);
INSERT INTO ACCOUNT VALUES ('870026905', 'Marco', 'Brooks', 'ashleyflores@example.com', 'VxgJpTpnkIBofk', '69199596281', 0);
INSERT INTO ACCOUNT VALUES ('160560627', 'Todd', 'Webster', 'brianmurillo@example.com', 'UsNVWTXeyHurZt', '46528243713', 0);
INSERT INTO ACCOUNT VALUES ('802011594', 'Martha', 'Phillips', 'luisbrown@example.net', 'eNaVJhWlTuhsne', '57543970097', 0);
INSERT INTO ACCOUNT VALUES ('436148956', 'Ronald', 'Tate', 'davidpoole@example.org', 'tiwSvTiVKVbFKx', '16825127421', 0);
INSERT INTO ACCOUNT VALUES ('962192214', 'Calvin', 'Haley', 'zrodriguez@example.org', 'OVlnfsRByRYLiZ', '91096148169', 0);
INSERT INTO ACCOUNT VALUES ('291352767', 'Linda', 'Levy', 'ramosdaniel@example.net', 'iNKjGuJtEdkZkA', '74225952796', 0);
INSERT INTO ACCOUNT VALUES ('337155323', 'Felicia', 'Cross', 'torresjennifer@example.net', 'tHjhtfMBpZUEaJ', '78098463169', 0);
INSERT INTO ACCOUNT VALUES ('992978682', 'Natalie', 'Cline', 'summersanthony@example.com', 'OxwEvBOmOrccad', '35281162778', 0);
INSERT INTO ACCOUNT VALUES ('141582540', 'Mia', 'Meadows', 'hansencassandra@example.com', 'hAYZZutzqvBKUg', '03673157641', 0);
INSERT INTO ACCOUNT VALUES ('690721871', 'Benjamin', 'Griffith', 'miranda97@example.com', 'ZBzAraEkQnYvhV', '12104145015', 0);
INSERT INTO ACCOUNT VALUES ('176385263', 'Latasha', 'Poole', 'daniel36@example.net', 'QDppayYvVjMJnj', '67099741694', 0);
INSERT INTO ACCOUNT VALUES ('735884184', 'Claire', 'Dalton', 'aaronterrell@example.org', 'OWhzrHLzYxqxgn', '01114352189', 0);
INSERT INTO ACCOUNT VALUES ('631209427', 'Heidi', 'Reyes', 'steven71@example.net', 'WRlFIRWyFwwFWd', '37873497007', 0);
INSERT INTO ACCOUNT VALUES ('481914883', 'Chelsea', 'Barajas', 'obarnett@example.net', 'xFSirbCFOWIBRB', '08714904438', 0);
INSERT INTO ACCOUNT VALUES ('781062987', 'Kristie', 'Barnett', 'andersonfelicia@example.org', 'LNSZBvuuTDDUov', '85338342730', 0);
INSERT INTO ACCOUNT VALUES ('902400190', 'Peggy', 'Barrett', 'kanderson@example.org', 'YYJreMQVzgCvVU', '53441921077', 0);
INSERT INTO ACCOUNT VALUES ('952755847', 'Brandon', 'Stout', 'kyle06@example.org', 'TLVnkOiLNVWFtY', '11661813913', 0);
INSERT INTO ACCOUNT VALUES ('591759124', 'Wendy', 'Sharp', 'josecox@example.net', 'NBdmvPMFsyDiba', '85928985641', 0);
INSERT INTO ACCOUNT VALUES ('864635322', 'Kirsten', 'Haley', 'qjones@example.com', 'fDhjAAaciLRavY', '21716644768', 0);
INSERT INTO ACCOUNT VALUES ('800828232', 'Isabella', 'Cooke', 'umurray@example.org', 'kAMUbqKMvhUjBR', '93454110589', 0);
INSERT INTO ACCOUNT VALUES ('668004553', 'Meghan', 'Lam', 'rachel28@example.net', 'DtlMiyjyitNccg', '53348903754', 0);
INSERT INTO ACCOUNT VALUES ('142502448', 'Amber', 'Chen', 'amy89@example.com', 'GLcquksdQhHXlq', '18345200557', 0);
INSERT INTO ACCOUNT VALUES ('382833118', 'Tami', 'Potts', 'peterslaura@example.net', 'LFmdIDBpiCmrSz', '05814932368', 0);
INSERT INTO ACCOUNT VALUES ('514155051', 'Daryl', 'Rivera', 'anthonyzamora@example.com', 'NNHiHvZnPtvnDm', '73381626246', 0);
INSERT INTO ACCOUNT VALUES ('286501019', 'Kent', 'Henderson', 'james47@example.com', 'VUvzKPmifkeQux', '91314580990', 0);
INSERT INTO ACCOUNT VALUES ('562828304', 'Ruben', 'Sutton', 'hjohnson@example.net', 'hZLMxdtCVLpLpL', '67008980115', 0);
INSERT INTO ACCOUNT VALUES ('694982559', 'Dana', 'Jefferson', 'matthewferguson@example.net', 'qAPYRZsZNEQsff', '03509088984', 0);
INSERT INTO ACCOUNT VALUES ('645225337', 'Bruce', 'Page', 'benjamin45@example.com', 'tShObYXSTVbubL', '40536243746', 0);
INSERT INTO ACCOUNT VALUES ('929719117', 'Maureen', 'Perry', 'erinkidd@example.net', 'PDRYpNNuJVgGbF', '88599035096', 0);
INSERT INTO ACCOUNT VALUES ('817850730', 'Leonard', 'Stephenson', 'jmack@example.net', 'RlAWJBKEbhXqvy', '09807710574', 0);
INSERT INTO ACCOUNT VALUES ('226360929', 'Kaitlyn', 'Hanson', 'xmccarthy@example.org', 'YdVAFOcPUWBfor', '43593212433', 0);
INSERT INTO ACCOUNT VALUES ('447610279', 'Marilyn', 'Moreno', 'tinaanderson@example.org', 'BiSeluViGIDvcs', '22626621166', 0);
INSERT INTO ACCOUNT VALUES ('420553146', 'Debbie', 'Davidson', 'fergusonedwin@example.org', 'SnBkKfsurebfTF', '77843140777', 0);
INSERT INTO ACCOUNT VALUES ('372359278', 'Mario', 'Hurst', 'lisa05@example.org', 'nevmSTAxScNxMX', '20407089871', 0);
INSERT INTO ACCOUNT VALUES ('255505680', 'Shawn', 'Hendrix', 'kaylee59@example.org', 'RbpWakEEidYsMk', '34901697185', 0);
INSERT INTO ACCOUNT VALUES ('768848291', 'Caroline', 'Turner', 'oroberts@example.com', 'fQGUYCqVFgFDNY', '50138898014', 0);
INSERT INTO ACCOUNT VALUES ('291582108', 'Alex', 'Mckee', 'billygordon@example.net', 'gVHMBGCQzXeBAQ', '06320111731', 0);
INSERT INTO ACCOUNT VALUES ('104862591', 'Colleen', 'Bush', 'kjordan@example.com', 'ipjskKBApKtDRa', '41999238409', 0);
INSERT INTO ACCOUNT VALUES ('560939385', 'Stacey', 'Bridges', 'cranetiffany@example.net', 'LldpbVKXDkVCDL', '50163278836', 0);
INSERT INTO ACCOUNT VALUES ('587664518', 'Nathaniel', 'Maddox', 'carlsonphilip@example.net', 'qOdPdmVnZCNVpE', '04319687406', 0);
INSERT INTO ACCOUNT VALUES ('426633689', 'Alice', 'Knox', 'georgekayla@example.com', 'xCIqVTisHgOoxs', '15774175144', 0);
INSERT INTO ACCOUNT VALUES ('989541524', 'Cameron', 'Peck', 'kwest@example.com', 'yxpTVhnmsJDaTC', '31529471738', 0);
INSERT INTO ACCOUNT VALUES ('448414538', 'Wayne', 'Mitchell', 'benjamingoodwin@example.org', 'mVFzvAdaoOiujf', '32572061226', 0);
INSERT INTO ACCOUNT VALUES ('779461426', 'Stephanie', 'Barrera', 'brandonmartin@example.org', 'fUwvKXbpaWZOnG', '93647607580', 0);
INSERT INTO ACCOUNT VALUES ('410859179', 'Faith', 'Vance', 'jasonortiz@example.org', 'wgpJAuwdUzwrLC', '08078440974', 0);
INSERT INTO ACCOUNT VALUES ('977046336', 'Bernard', 'Henderson', 'amanda95@example.org', 'fvDGgXYvaDEmqS', '90978849677', 0);
INSERT INTO ACCOUNT VALUES ('411070500', 'Tanya', 'Gardner', 'uhenry@example.com', 'nWcgYpEyPSOqGc', '09892688784', 0);
INSERT INTO ACCOUNT VALUES ('504121659', 'Jill', 'Jacobson', 'edavis@example.org', 'mBtdHHYPngMPcn', '76117078201', 0);
INSERT INTO ACCOUNT VALUES ('104338727', 'Valerie', 'Marshall', 'edwardhawkins@example.org', 'yOodrLVuhTAwnw', '86063046594', 0);
INSERT INTO ACCOUNT VALUES ('987229993', 'Casey', 'Gillespie', 'stevemoore@example.org', 'aNCoxKrwFHtGvY', '30343720024', 0);
INSERT INTO ACCOUNT VALUES ('247693513', 'Harold', 'Gamble', 'tammymiller@example.net', 'NxVfoUIgIVbywD', '10538463617', 0);
INSERT INTO ACCOUNT VALUES ('606843720', 'Breanna', 'Ferguson', 'cainstephanie@example.com', 'oZBCjukDlpzpgR', '71932047010', 0);
INSERT INTO ACCOUNT VALUES ('864477432', 'Alexa', 'Cobb', 'davidfoster@example.net', 'vJVAkukkGsDshz', '33266027758', 0);
INSERT INTO ACCOUNT VALUES ('556385855', 'Roberto', 'Graves', 'shannoncharles@example.net', 'idIPVHAxlYvYRN', '09546216825', 0);
INSERT INTO ACCOUNT VALUES ('220043698', 'Thomas', 'Thompson', 'markalvarado@example.net', 'eiAqQEKHHCSoJb', '72977023130', 0);
INSERT INTO ACCOUNT VALUES ('620869194', 'Dorothy', 'Cole', 'vaguirre@example.org', 'QrApMOkzseNWXF', '92614748845', 0);
INSERT INTO ACCOUNT VALUES ('186968845', 'Wyatt', 'Perry', 'ellisonkenneth@example.org', 'FwuZIBhmeowWhu', '84710965999', 0);
INSERT INTO ACCOUNT VALUES ('211689754', 'Joann', 'French', 'garzaemma@example.org', 'GwpRprqGiQoRgm', '34333204350', 0);
INSERT INTO ACCOUNT VALUES ('650700297', 'Jack', 'Weber', 'craig52@example.com', 'ueKaXMwFYhJmXh', '41786823745', 0);
INSERT INTO ACCOUNT VALUES ('964085818', 'Emily', 'Maxwell', 'kyliebeck@example.com', 'eHfiqpyrUuQNiN', '68937708650', 0);
INSERT INTO ACCOUNT VALUES ('669645117', 'Krista', 'Day', 'christine95@example.com', 'AqChKzUuDNdBYH', '41952020594', 0);
INSERT INTO ACCOUNT VALUES ('190070980', 'Tyrone', 'Rangel', 'jason09@example.com', 'duWbbBhMVkXXNB', '23107491513', 0);
INSERT INTO ACCOUNT VALUES ('818514032', 'Alfred', 'Hobbs', 'perezcorey@example.net', 'tVCBJIvxtyfxsL', '51389764436', 0);
INSERT INTO ACCOUNT VALUES ('732131856', 'Trevor', 'Haney', 'jonathanphillips@example.net', 'bjfNomuKqiSqOl', '36526001466', 0);
INSERT INTO ACCOUNT VALUES ('629233321', 'Sherry', 'Petty', 'geraldwalker@example.org', 'aOoKEeJybkJZKu', '02492153845', 0);
INSERT INTO ACCOUNT VALUES ('412170942', 'Max', 'Greene', 'deborah89@example.net', 'NWFkKrHptLuTqf', '24745100063', 0);
INSERT INTO ACCOUNT VALUES ('242964898', 'Caitlin', 'Hickman', 'fgray@example.net', 'FhEIZaPWeqVkNm', '19403151866', 0);
INSERT INTO ACCOUNT VALUES ('847446757', 'Cheyenne', 'Craig', 'garybeck@example.org', 'CvweVzSMfqVwyv', '76306419324', 0);
INSERT INTO ACCOUNT VALUES ('262966559', 'Lee', 'Boyle', 'michaelwilson@example.com', 'GUzwXJlAkaMIvC', '49907708760', 0);
INSERT INTO ACCOUNT VALUES ('285880480', 'Shari', 'Fitzpatrick', 'zrodriguez@example.net', 'wCxslLREfzHJGS', '07277960213', 0);
INSERT INTO ACCOUNT VALUES ('133620450', 'Leah', 'Higgins', 'joshuawolf@example.com', 'kFLGfBocnccRbU', '00358089248', 0);
INSERT INTO ACCOUNT VALUES ('736054959', 'Isaac', 'Reed', 'zlewis@example.net', 'zOqvtKbazQCFKT', '03217759030', 0);
INSERT INTO ACCOUNT VALUES ('804798913', 'Nicole', 'Hardy', 'david91@example.org', 'EShdfpjPgXdkTt', '66475954361', 0);
INSERT INTO ACCOUNT VALUES ('239691492', 'Morgan', 'Berry', 'lauraporter@example.org', 'luVQwAvoWDgiQM', '03326681484', 0);
INSERT INTO ACCOUNT VALUES ('887215975', 'Christy', 'Gibbs', 'cruzshannon@example.net', 'iPSmQUgWEzSMxc', '28287575618', 0);
INSERT INTO ACCOUNT VALUES ('417693728', 'Joyce', 'Glass', 'gstevens@example.org', 'BXiobTlwhIwDFJ', '90464088376', 0);
INSERT INTO ACCOUNT VALUES ('417502041', 'Kayla', 'Velez', 'dhurst@example.com', 'KEzwmaplnGUcrb', '16977701929', 0);
INSERT INTO ACCOUNT VALUES ('941618926', 'April', 'Sellers', 'ronaldsmith@example.com', 'IhFtGdEWuFoJEj', '06008964224', 0);
INSERT INTO ACCOUNT VALUES ('444840619', 'Kathryn', 'Contreras', 'davidwilkins@example.org', 'jinJbLLaFgOdaV', '32652837861', 0);
INSERT INTO ACCOUNT VALUES ('686401060', 'Mathew', 'Stanley', 'fcopeland@example.com', 'qSNtsWkNGaaMuD', '52597048351', 0);
INSERT INTO ACCOUNT VALUES ('346278500', 'Rebekah', 'Duffy', 'xpacheco@example.net', 'gUYFpYNGmnDFGc', '63285576687', 0);
INSERT INTO ACCOUNT VALUES ('359968816', 'Brenda', 'Calhoun', 'trevorjoseph@example.org', 'UouKubdrBCgKIv', '35662565219', 0);
INSERT INTO ACCOUNT VALUES ('365406666', 'Kristine', 'Velasquez', 'michael65@example.net', 'dXJzvTqkAKwEdg', '49909296916', 0);
INSERT INTO ACCOUNT VALUES ('164804612', 'Tammie', 'Green', 'cathy24@example.net', 'PjcjSJuMCmygqr', '99624790353', 0);
INSERT INTO ACCOUNT VALUES ('335884098', 'Caitlyn', 'Cisneros', 'katherinegonzalez@example.org', 'dDLrKRMmFTCyob', '57523187571', 0);
INSERT INTO ACCOUNT VALUES ('101234543', 'Danny', 'Ewing', 'hessashley@example.org', 'dxebwbHmImjslr', '45087572299', 0);
INSERT INTO ACCOUNT VALUES ('458710073', 'Selena', 'Bullock', 'coreyluna@example.org', 'exrLjNerOpgkey', '10128325496', 0);
INSERT INTO ACCOUNT VALUES ('348855475', 'Sarah', 'Carrillo', 'donaldhudson@example.net', 'dOfjNLxvSyZWhU', '12664362343', 0);
INSERT INTO ACCOUNT VALUES ('215383123', 'Christopher', 'Benton', 'orozcosamantha@example.org', 'vvTbXjIgDHPJyO', '26741730344', 0);
INSERT INTO ACCOUNT VALUES ('255494322', 'Isabel', 'Morse', 'jenniferbanks@example.org', 'YUhoFMyVTHNMpL', '57562198531', 0);
INSERT INTO ACCOUNT VALUES ('557976253', 'Madison', 'Compton', 'mgutierrez@example.org', 'fcmRfPPIbRMctc', '26565476153', 0);
INSERT INTO ACCOUNT VALUES ('000000000', 'test', 'test', 'test@example.net', 'test', '00000000000', 15000);

INSERT INTO SEAT VALUES('A1','A','1');
INSERT INTO SEAT VALUES('A2','A','2');
INSERT INTO SEAT VALUES('A3','A','3');
INSERT INTO SEAT VALUES('A4','A','4');
INSERT INTO SEAT VALUES('B1','B','1');
INSERT INTO SEAT VALUES('B2','B','2');
INSERT INTO SEAT VALUES('B3','B','3');
INSERT INTO SEAT VALUES('B4','B','4');
INSERT INTO SEAT VALUES('C1','C','1');
INSERT INTO SEAT VALUES('C2','C','2');
INSERT INTO SEAT VALUES('C3','C','3');
INSERT INTO SEAT VALUES('C4','C','4');
INSERT INTO SEAT VALUES('D1','D','1');
INSERT INTO SEAT VALUES('D2','D','2');
INSERT INTO SEAT VALUES('D3','D','3');
INSERT INTO SEAT VALUES('D4','D','4');
INSERT INTO SEAT VALUES('E1','E','1');
INSERT INTO SEAT VALUES('E2','E','2');
INSERT INTO SEAT VALUES('E3','E','3');
INSERT INTO SEAT VALUES('E4','E','4');
INSERT INTO SEAT VALUES('F1','F','1');
INSERT INTO SEAT VALUES('F2','F','2');
INSERT INTO SEAT VALUES('F3','F','3');
INSERT INTO SEAT VALUES('F4','F','4');
INSERT INTO SEAT VALUES('G1','G','1');
INSERT INTO SEAT VALUES('G2','G','2');
INSERT INTO SEAT VALUES('G3','G','3');
INSERT INTO SEAT VALUES('G4','G','4');
INSERT INTO SEAT VALUES('H1','H','1');
INSERT INTO SEAT VALUES('H2','H','2');
INSERT INTO SEAT VALUES('H3','H','3');
INSERT INTO SEAT VALUES('H4','H','4');
INSERT INTO SEAT VALUES('I1','I','1');
INSERT INTO SEAT VALUES('I2','I','2');
INSERT INTO SEAT VALUES('I3','I','3');
INSERT INTO SEAT VALUES('I4','I','4');
INSERT INTO SEAT VALUES('J1','J','1');
INSERT INTO SEAT VALUES('J2','J','2');
INSERT INTO SEAT VALUES('J3','J','3');
INSERT INTO SEAT VALUES('J4','J','4');

INSERT INTO STATION VALUES('suwon', 12, 'kyungsangnamdo chungjusi heungdeokgu myeongjasongdong 865', '55216');
INSERT INTO STATION VALUES('hwasung', 21, 'chungchungnamdo dongducheonsi boramjangkimmyeon 506', '79070');
INSERT INTO STATION VALUES('boryeong', 23, 'busankwangyeoksi kangbukgu eunjeongpakeup 266-98', '10990');
INSERT INTO STATION VALUES('jincheon', 17, 'daejeonkwangyeoksi kwangjingu seungminyikimdong 880-7', '11829');
INSERT INTO STATION VALUES('jeomchon', 9, 'kyunggido yangjusi junhyeokkimeup 842', '33101');
INSERT INTO STATION VALUES('okcheon', 13, 'incheonkwangyeoksi geumcheongu kyungjakimohmaeul 314-20', '98155');
INSERT INTO STATION VALUES('sasang', 12, 'kyungsangnamdo yangpyeonggun yejinyihongmyeon 881-50', '46955');
INSERT INTO STATION VALUES('bucheon', 2, 'busankwangyeoksi jongrogu jeonghwijangchoiri 490', '58482');
INSERT INTO STATION VALUES('cheonan', 20, 'busankwangyeoksi geumcheongu sangcheolyikimmaeul 107-5', '89713');
INSERT INTO STATION VALUES('wondong', 13, 'daegukwangyeoksi jongrogu yeeunpakpakmaeul 892-3', '05448');
INSERT INTO STATION VALUES('yeongdong', 13, 'kyungsangbukdo yeoncheongun jeongjakangbaemyeon 958-0', '16140');
INSERT INTO STATION VALUES('taebaek', 10, 'chungchungnamdo sungnamsi seoyoonsongkimmaeul 624-65', '60065');
INSERT INTO STATION VALUES('seojeongri', 11, 'incheonkwangyeoksi mapogu jiminkimeup 469', '03386');
INSERT INTO STATION VALUES('seosan', 11, 'kyungsangnamdo jeungpyeonggun jaehoyimaeul 479', '27404');
INSERT INTO STATION VALUES('anyang', 20, 'jeonrabukdo gunposi jiwookimjomyeon 864-2', '77980');
INSERT INTO STATION VALUES('gupo', 7, 'incheonkwangyeoksi kangseogu jaehobaekmaeul 783', '27494');
INSERT INTO STATION VALUES('goisan', 16, 'incheonkwangyeoksi junggu kwangsupakmyeon 924-2', '41204');
INSERT INTO STATION VALUES('shinkyungju', 14, 'sejongteukbyeoljachisi bukgu chunjakimri 704', '29622');
INSERT INTO STATION VALUES('yongin', 8, 'chungchungbukdo buyeogun hyeonjukimkangri 552', '14471');
INSERT INTO STATION VALUES('yangyang', 6, 'jeonrabukdo goisangun myeongsookpakeup 261', '16624');
INSERT INTO STATION VALUES('yeongdeungpo', 12, 'jeonrabukdo goyangsi ilsanseogu jongsukimri 077', '81901');
INSERT INTO STATION VALUES('kangreung', 16, 'kangwondo yeongdonggun jeongnamyoonmaeul 107', '34773');
INSERT INTO STATION VALUES('geumsan', 23, 'daegukwangyeoksi bukgu hyeonwoojeongkimdong 631-66', '49546');
INSERT INTO STATION VALUES('kwangmyeong', 23, 'daejeonkwangyeoksi kangbukgu seohyeonpakri 017-71', '21352');
INSERT INTO STATION VALUES('dangjin', 10, 'seoeulteukbyeolsi kwangjingu siwoopakdong 207', '56512');
INSERT INTO STATION VALUES('danyang', 16, 'sejongteukbyeoljachisi kangdonggu junhokimeup 035-99', '83265');
INSERT INTO STATION VALUES('yongsan', 24, 'daejeonkwangyeoksi nohwongu jeonghwichoiyidong 451-97', '70196');
INSERT INTO STATION VALUES('gwacheon', 5, 'chungchungbukdo chungjusi sangdanggu sanghoyangkimeup 607-1', '96024');
INSERT INTO STATION VALUES('nonsan', 7, 'daejeonkwangyeoksi gurogu mijeongkimchoiri 475', '16480');
INSERT INTO STATION VALUES('sungnam', 24, 'daejeonkwangyeoksi sungbukgu yejichoichoiri 501-39', '95926');
INSERT INTO STATION VALUES('pyeongtaek', 23, 'daegukwangyeoksi seogu eunyeongkwonpakri 250', '82070');
INSERT INTO STATION VALUES('donghae', 6, 'jejuteukbyeoljachido samchucksi junhomooneup 578-01', '57428');
INSERT INTO STATION VALUES('gosung', 8, 'jeonrabukdo yeojusi yeongsumoondong 373-50', '17154');
INSERT INTO STATION VALUES('ohsan', 3, 'chungchungnamdo boryeongsi siwooyiyieup 796', '23719');
INSERT INTO STATION VALUES('inje', 7, 'kwangjukwangyeoksi seochogu yeongsookjangyimyeon 857-87', '46182');
INSERT INTO STATION VALUES('ansan', 21, 'kwangjukwangyeoksi yangcheongu soonokseomaeul 673-99', '03881');
INSERT INTO STATION VALUES('gongju', 13, 'kyungsangnamdo chuncheonsi misookyihanmyeon 910', '79100');
INSERT INTO STATION VALUES('chungryangri', 9, 'sejongteukbyeoljachisi sungdonggu yeongjaseokimeup 875-96', '41131');
INSERT INTO STATION VALUES('seoeul', 15, 'jejuteukbyeoljachido hongcheongun junseoyiri 673-38', '35634');
INSERT INTO STATION VALUES('yicheon', 2, 'daegukwangyeoksi gwanakgu yejunkimyidong 140-4', '28607');
INSERT INTO STATION VALUES('chungju', 3, 'jeonranamdo yeojusi woojinsimyieup 505', '53263');
INSERT INTO STATION VALUES('goyang', 20, 'busankwangyeoksi seodaemoongu seoyeonpakhongdong 938-92', '08616');
INSERT INTO STATION VALUES('yeoju', 9, 'jeonranamdo seocheongun jeonghunsimyimaeul 514', '07259');
INSERT INTO STATION VALUES('yangju', 15, 'sejongteukbyeoljachisi dobonggu kwangsuyichoimyeon 432', '46329');
INSERT INTO STATION VALUES('yanggu', 3, 'jejuteukbyeoljachido bucheonsi ohjeonggu hyeonwookwonkimdong 429-35', '91038');
INSERT INTO STATION VALUES('kimpo', 11, 'kyungsangnamdo yangyanggun junyeongyiri 816-52', '46287');
INSERT INTO STATION VALUES('taean', 20, 'seoeulteukbyeolsi dongjakgu jeongwoongyiri 923', '34583');
INSERT INTO STATION VALUES('gyeryong', 10, 'kwangjukwangyeoksi jongrogu yeongsikseori 334-38', '98325');
INSERT INTO STATION VALUES('yangpyeong', 23, 'incheonkwangyeoksi bukgu gunwoohwanseori 225-4', '17128');
INSERT INTO STATION VALUES('dongdaegu', 9, 'daegukwangyeoksi suseonggu dongdaeguro 231', '42140');
INSERT INTO STATION VALUES('gapyeong', 15, 'gyeonggido gapyeonggun gapyeoneup munhwaro 13-42', '12423');

INSERT INTO ROUTE VALUES(0, 'yicheon', 'chungryangri', 2, 6);
INSERT INTO ROUTE VALUES(1, 'anyang', 'yeongdeungpo', 16, 9);
INSERT INTO ROUTE VALUES(2, 'yeongdong', 'hwasung', 6, 21);
INSERT INTO ROUTE VALUES(3, 'jincheon', 'seoeul', 6, 11);
INSERT INTO ROUTE VALUES(4, 'geumsan', 'cheonan', 1, 8);
INSERT INTO ROUTE VALUES(5, 'geumsan', 'gupo', 16, 3);
INSERT INTO ROUTE VALUES(6, 'yangju', 'yongsan', 3, 18);
INSERT INTO ROUTE VALUES(7, 'kangreung', 'okcheon', 16, 11);
INSERT INTO ROUTE VALUES(8, 'ohsan', 'yeongdong', 1, 6);
INSERT INTO ROUTE VALUES(9, 'seojeongri', 'jincheon', 4, 16);
INSERT INTO ROUTE VALUES(10, 'suwon', 'chungryangri', 12, 3);
INSERT INTO ROUTE VALUES(11, 'ansan', 'seojeongri', 12, 1);
INSERT INTO ROUTE VALUES(12, 'nonsan', 'seojeongri', 5, 8);
INSERT INTO ROUTE VALUES(13, 'seoeul', 'danyang', 14, 15);
INSERT INTO ROUTE VALUES(14, 'kangreung', 'danyang', 10, 3);
INSERT INTO ROUTE VALUES(15, 'kangreung', 'yongsan', 5, 11);
INSERT INTO ROUTE VALUES(16, 'dongdaegu', 'yeongdeungpo', 6, 5);
INSERT INTO ROUTE VALUES(17, 'kwangmyeong', 'kangreung', 7, 7);
INSERT INTO ROUTE VALUES(18, 'seoeul', 'geumsan', 15, 3);
INSERT INTO ROUTE VALUES(19, 'gosung', 'shinkyungju', 3, 6);
INSERT INTO ROUTE VALUES(20, 'gyeryong', 'gyeryong', 7, 9);
INSERT INTO ROUTE VALUES(21, 'yongsan', 'yangyang', 23, 4);
INSERT INTO ROUTE VALUES(22, 'goisan', 'yangju', 8, 9);
INSERT INTO ROUTE VALUES(23, 'yangpyeong', 'ansan', 9, 3);
INSERT INTO ROUTE VALUES(24, 'gongju', 'yeongdeungpo', 6, 9);
INSERT INTO ROUTE VALUES(25, 'yongin', 'gupo', 6, 3);
INSERT INTO ROUTE VALUES(26, 'donghae', 'yangju', 3, 12);
INSERT INTO ROUTE VALUES(27, 'goisan', 'yangju', 14, 11);
INSERT INTO ROUTE VALUES(28, 'taean', 'seosan', 16, 5);
INSERT INTO ROUTE VALUES(29, 'geumsan', 'jincheon', 20, 16);
INSERT INTO ROUTE VALUES(30, 'chungryangri', 'donghae', 9, 6);
INSERT INTO ROUTE VALUES(31, 'sungnam', 'chungju', 2, 3);
INSERT INTO ROUTE VALUES(32, 'jincheon', 'goisan', 13, 6);
INSERT INTO ROUTE VALUES(33, 'geumsan', 'cheonan', 9, 12);
INSERT INTO ROUTE VALUES(34, 'shinkyungju', 'dangjin', 3, 7);
INSERT INTO ROUTE VALUES(35, 'okcheon', 'kwangmyeong', 6, 19);
INSERT INTO ROUTE VALUES(36, 'yangju', 'kimpo', 13, 8);
INSERT INTO ROUTE VALUES(37, 'kwangmyeong', 'seosan', 19, 2);
INSERT INTO ROUTE VALUES(38, 'kwangmyeong', 'kwangmyeong', 6, 3);
INSERT INTO ROUTE VALUES(39, 'bucheon', 'cheonan', 2, 17);
INSERT INTO ROUTE VALUES(40, 'ohsan', 'sungnam', 1, 23);
INSERT INTO ROUTE VALUES(41, 'gupo', 'ohsan', 1, 2);
INSERT INTO ROUTE VALUES(42, 'yangyang', 'chungju', 3, 2);
INSERT INTO ROUTE VALUES(43, 'okcheon', 'pyeongtaek', 6, 4);
INSERT INTO ROUTE VALUES(44, 'yongsan', 'shinkyungju', 20, 1);
INSERT INTO ROUTE VALUES(45, 'suwon', 'yeoju', 12, 5);
INSERT INTO ROUTE VALUES(46, 'boryeong', 'yicheon', 18, 2);
INSERT INTO ROUTE VALUES(47, 'jincheon', 'gwacheon', 13, 3);
INSERT INTO ROUTE VALUES(48, 'shinkyungju', 'wondong', 7, 6);
INSERT INTO ROUTE VALUES(49, 'seoeul', 'sungnam', 4, 18);
INSERT INTO ROUTE VALUES(50, 'gupo', 'kwangmyeong', 1, 19);
INSERT INTO ROUTE VALUES(51, 'pyeongtaek', 'anyang', 6, 17);
INSERT INTO ROUTE VALUES(52, 'ansan', 'kangreung', 3, 4);
INSERT INTO ROUTE VALUES(53, 'anyang', 'dangjin', 7, 1);
INSERT INTO ROUTE VALUES(54, 'inje', 'gosung', 3, 4);
INSERT INTO ROUTE VALUES(55, 'gosung', 'yeongdong', 3, 13);
INSERT INTO ROUTE VALUES(56, 'boryeong', 'kwangmyeong', 2, 15);
INSERT INTO ROUTE VALUES(57, 'gosung', 'donghae', 4, 3);
INSERT INTO ROUTE VALUES(58, 'taean', 'seojeongri', 11, 6);
INSERT INTO ROUTE VALUES(59, 'ohsan', 'kwangmyeong', 2, 8);
INSERT INTO ROUTE VALUES(60, 'hwasung', 'shinkyungju', 4, 14);
INSERT INTO ROUTE VALUES(61, 'taebaek', 'goisan', 6, 5);
INSERT INTO ROUTE VALUES(62, 'taebaek', 'wondong', 6, 12);
INSERT INTO ROUTE VALUES(63, 'anyang', 'seosan', 12, 1);
INSERT INTO ROUTE VALUES(64, 'yeongdeungpo', 'yicheon', 10, 1);
INSERT INTO ROUTE VALUES(65, 'geumsan', 'jincheon', 15, 16);
INSERT INTO ROUTE VALUES(66, 'goisan', 'jeomchon', 2, 8);
INSERT INTO ROUTE VALUES(67, 'gyeryong', 'chungryangri', 10, 8);
INSERT INTO ROUTE VALUES(68, 'inje', 'okcheon', 1, 8);
INSERT INTO ROUTE VALUES(69, 'yangpyeong', 'yeongdeungpo', 15, 6);
INSERT INTO ROUTE VALUES(70, 'hwasung', 'yongsan', 18, 9);
INSERT INTO ROUTE VALUES(71, 'suwon', 'suwon', 5, 10);
INSERT INTO ROUTE VALUES(72, 'yicheon', 'dangjin', 2, 2);
INSERT INTO ROUTE VALUES(73, 'geumsan', 'cheonan', 19, 10);
INSERT INTO ROUTE VALUES(74, 'goyang', 'donghae', 9, 1);
INSERT INTO ROUTE VALUES(75, 'sungnam', 'yongin', 21, 3);
INSERT INTO ROUTE VALUES(76, 'sungnam', 'gongju', 6, 12);
INSERT INTO ROUTE VALUES(77, 'gosung', 'boryeong', 2, 20);
INSERT INTO ROUTE VALUES(78, 'yangju', 'okcheon', 2, 5);
INSERT INTO ROUTE VALUES(79, 'yeongdeungpo', 'taean', 7, 15);
INSERT INTO ROUTE VALUES(80, 'jincheon', 'kimpo', 10, 8);
INSERT INTO ROUTE VALUES(81, 'yanggu', 'geumsan', 2, 15);
INSERT INTO ROUTE VALUES(82, 'goisan', 'yanggu', 13, 3);
INSERT INTO ROUTE VALUES(83, 'donghae', 'sasang', 6, 11);
INSERT INTO ROUTE VALUES(84, 'bucheon', 'jeomchon', 1, 8);
INSERT INTO ROUTE VALUES(85, 'yangju', 'yeongdong', 7, 13);
INSERT INTO ROUTE VALUES(86, 'anyang', 'goisan', 19, 9);
INSERT INTO ROUTE VALUES(87, 'gupo', 'chungju', 1, 2);
INSERT INTO ROUTE VALUES(88, 'taebaek', 'okcheon', 1, 12);
INSERT INTO ROUTE VALUES(89, 'taean', 'dangjin', 3, 10);
INSERT INTO ROUTE VALUES(90, 'gosung', 'donghae', 3, 3);
INSERT INTO ROUTE VALUES(91, 'yangyang', 'gupo', 2, 5);
INSERT INTO ROUTE VALUES(92, 'jincheon', 'goyang', 10, 4);
INSERT INTO ROUTE VALUES(93, 'sasang', 'gongju', 9, 7);
INSERT INTO ROUTE VALUES(94, 'jincheon', 'jeomchon', 15, 5);
INSERT INTO ROUTE VALUES(95, 'yongsan', 'gupo', 4, 6);
INSERT INTO ROUTE VALUES(96, 'yicheon', 'boryeong', 1, 16);
INSERT INTO ROUTE VALUES(97, 'boryeong', 'kwangmyeong', 21, 12);
INSERT INTO ROUTE VALUES(98, 'gupo', 'yeongdong', 3, 11);
INSERT INTO ROUTE VALUES(99, 'seosan', 'yanggu', 5, 3);
INSERT INTO ROUTE VALUES(100, 'dongdaegu', 'gapyeong', 2, 14);

INSERT INTO PRICE VALUES('9-', 'plus', 5300, 0);
INSERT INTO PRICE VALUES('9-', 'plus', 5400, 1);
INSERT INTO PRICE VALUES('9-', 'plus', 5400, 2);
INSERT INTO PRICE VALUES('9-', 'plus', 5600, 3);
INSERT INTO PRICE VALUES('9-', 'plus', 5300, 4);
INSERT INTO PRICE VALUES('9-', 'plus', 5200, 5);
INSERT INTO PRICE VALUES('9-', 'plus', 5600, 6);
INSERT INTO PRICE VALUES('9-', 'plus', 5300, 7);
INSERT INTO PRICE VALUES('9-', 'plus', 5500, 8);
INSERT INTO PRICE VALUES('9-', 'plus', 5300, 9);
INSERT INTO PRICE VALUES('9-', 'plus', 5400, 10);
INSERT INTO PRICE VALUES('9-', 'plus', 5500, 11);
INSERT INTO PRICE VALUES('9-', 'plus', 5300, 12);
INSERT INTO PRICE VALUES('9-', 'plus', 5300, 13);
INSERT INTO PRICE VALUES('9-', 'plus', 5300, 14);
INSERT INTO PRICE VALUES('9-', 'plus', 5600, 15);
INSERT INTO PRICE VALUES('9-', 'plus', 5300, 16);
INSERT INTO PRICE VALUES('9-', 'plus', 5500, 17);
INSERT INTO PRICE VALUES('9-', 'plus', 5200, 18);
INSERT INTO PRICE VALUES('9-', 'plus', 5300, 19);
INSERT INTO PRICE VALUES('9-', 'plus', 5600, 20);
INSERT INTO PRICE VALUES('9-', 'plus', 5300, 21);
INSERT INTO PRICE VALUES('9-', 'plus', 5300, 22);
INSERT INTO PRICE VALUES('9-', 'plus', 5200, 23);
INSERT INTO PRICE VALUES('9-', 'plus', 5600, 24);
INSERT INTO PRICE VALUES('9-', 'plus', 5500, 25);
INSERT INTO PRICE VALUES('9-', 'plus', 5400, 26);
INSERT INTO PRICE VALUES('9-', 'plus', 5100, 27);
INSERT INTO PRICE VALUES('9-', 'plus', 5100, 28);
INSERT INTO PRICE VALUES('9-', 'plus', 5100, 29);
INSERT INTO PRICE VALUES('9-', 'plus', 5500, 30);
INSERT INTO PRICE VALUES('9-', 'plus', 5100, 31);
INSERT INTO PRICE VALUES('9-', 'plus', 5100, 32);
INSERT INTO PRICE VALUES('9-', 'plus', 5300, 33);
INSERT INTO PRICE VALUES('9-', 'plus', 5100, 34);
INSERT INTO PRICE VALUES('9-', 'plus', 5100, 35);
INSERT INTO PRICE VALUES('9-', 'plus', 5200, 36);
INSERT INTO PRICE VALUES('9-', 'plus', 5500, 37);
INSERT INTO PRICE VALUES('9-', 'plus', 5300, 38);
INSERT INTO PRICE VALUES('9-', 'plus', 5600, 39);
INSERT INTO PRICE VALUES('9-', 'plus', 5600, 40);
INSERT INTO PRICE VALUES('9-', 'plus', 5600, 41);
INSERT INTO PRICE VALUES('9-', 'plus', 5300, 42);
INSERT INTO PRICE VALUES('9-', 'plus', 5400, 43);
INSERT INTO PRICE VALUES('9-', 'plus', 5600, 44);
INSERT INTO PRICE VALUES('9-', 'plus', 5500, 45);
INSERT INTO PRICE VALUES('9-', 'plus', 5300, 46);
INSERT INTO PRICE VALUES('9-', 'plus', 5400, 47);
INSERT INTO PRICE VALUES('9-', 'plus', 5600, 48);
INSERT INTO PRICE VALUES('9-', 'plus', 5400, 49);
INSERT INTO PRICE VALUES('9-', 'plus', 5200, 50);
INSERT INTO PRICE VALUES('9-', 'plus', 5600, 51);
INSERT INTO PRICE VALUES('9-', 'plus', 5600, 52);
INSERT INTO PRICE VALUES('9-', 'plus', 5200, 53);
INSERT INTO PRICE VALUES('9-', 'plus', 5300, 54);
INSERT INTO PRICE VALUES('9-', 'plus', 5600, 55);
INSERT INTO PRICE VALUES('9-', 'plus', 5100, 56);
INSERT INTO PRICE VALUES('9-', 'plus', 5600, 57);
INSERT INTO PRICE VALUES('9-', 'plus', 5200, 58);
INSERT INTO PRICE VALUES('9-', 'plus', 5600, 59);
INSERT INTO PRICE VALUES('9-', 'plus', 5600, 60);
INSERT INTO PRICE VALUES('9-', 'plus', 5400, 61);
INSERT INTO PRICE VALUES('9-', 'plus', 5200, 62);
INSERT INTO PRICE VALUES('9-', 'plus', 5400, 63);
INSERT INTO PRICE VALUES('9-', 'plus', 5600, 64);
INSERT INTO PRICE VALUES('9-', 'plus', 5600, 65);
INSERT INTO PRICE VALUES('9-', 'plus', 5300, 66);
INSERT INTO PRICE VALUES('9-', 'plus', 5100, 67);
INSERT INTO PRICE VALUES('9-', 'plus', 5300, 68);
INSERT INTO PRICE VALUES('9-', 'plus', 5200, 69);
INSERT INTO PRICE VALUES('9-', 'plus', 5500, 70);
INSERT INTO PRICE VALUES('9-', 'plus', 5600, 71);
INSERT INTO PRICE VALUES('9-', 'plus', 5500, 72);
INSERT INTO PRICE VALUES('9-', 'plus', 5600, 73);
INSERT INTO PRICE VALUES('9-', 'plus', 5400, 74);
INSERT INTO PRICE VALUES('9-', 'plus', 5200, 75);
INSERT INTO PRICE VALUES('9-', 'plus', 5500, 76);
INSERT INTO PRICE VALUES('9-', 'plus', 5400, 77);
INSERT INTO PRICE VALUES('9-', 'plus', 5200, 78);
INSERT INTO PRICE VALUES('9-', 'plus', 5200, 79);
INSERT INTO PRICE VALUES('9-', 'plus', 5600, 80);
INSERT INTO PRICE VALUES('9-', 'plus', 5300, 81);
INSERT INTO PRICE VALUES('9-', 'plus', 5500, 82);
INSERT INTO PRICE VALUES('9-', 'plus', 5500, 83);
INSERT INTO PRICE VALUES('9-', 'plus', 5200, 84);
INSERT INTO PRICE VALUES('9-', 'plus', 5400, 85);
INSERT INTO PRICE VALUES('9-', 'plus', 5500, 86);
INSERT INTO PRICE VALUES('9-', 'plus', 5100, 87);
INSERT INTO PRICE VALUES('9-', 'plus', 5100, 88);
INSERT INTO PRICE VALUES('9-', 'plus', 5300, 89);
INSERT INTO PRICE VALUES('9-', 'plus', 5200, 90);
INSERT INTO PRICE VALUES('9-', 'plus', 5400, 91);
INSERT INTO PRICE VALUES('9-', 'plus', 5400, 92);
INSERT INTO PRICE VALUES('9-', 'plus', 5300, 93);
INSERT INTO PRICE VALUES('9-', 'plus', 5600, 94);
INSERT INTO PRICE VALUES('9-', 'plus', 5600, 95);
INSERT INTO PRICE VALUES('9-', 'plus', 5400, 96);
INSERT INTO PRICE VALUES('9-', 'plus', 5100, 97);
INSERT INTO PRICE VALUES('9-', 'plus', 5400, 98);
INSERT INTO PRICE VALUES('9-', 'plus', 5300, 99);
INSERT INTO PRICE VALUES('9-', 'plus', 5100, 100);
INSERT INTO PRICE VALUES('9-', 'reg', 3300, 0);
INSERT INTO PRICE VALUES('9-', 'reg', 3500, 1);
INSERT INTO PRICE VALUES('9-', 'reg', 3400, 2);
INSERT INTO PRICE VALUES('9-', 'reg', 3400, 3);
INSERT INTO PRICE VALUES('9-', 'reg', 3600, 4);
INSERT INTO PRICE VALUES('9-', 'reg', 3600, 5);
INSERT INTO PRICE VALUES('9-', 'reg', 3200, 6);
INSERT INTO PRICE VALUES('9-', 'reg', 3400, 7);
INSERT INTO PRICE VALUES('9-', 'reg', 3600, 8);
INSERT INTO PRICE VALUES('9-', 'reg', 3400, 9);
INSERT INTO PRICE VALUES('9-', 'reg', 3300, 10);
INSERT INTO PRICE VALUES('9-', 'reg', 3400, 11);
INSERT INTO PRICE VALUES('9-', 'reg', 3400, 12);
INSERT INTO PRICE VALUES('9-', 'reg', 3500, 13);
INSERT INTO PRICE VALUES('9-', 'reg', 3300, 14);
INSERT INTO PRICE VALUES('9-', 'reg', 3300, 15);
INSERT INTO PRICE VALUES('9-', 'reg', 3300, 16);
INSERT INTO PRICE VALUES('9-', 'reg', 3200, 17);
INSERT INTO PRICE VALUES('9-', 'reg', 3300, 18);
INSERT INTO PRICE VALUES('9-', 'reg', 3400, 19);
INSERT INTO PRICE VALUES('9-', 'reg', 3200, 20);
INSERT INTO PRICE VALUES('9-', 'reg', 3600, 21);
INSERT INTO PRICE VALUES('9-', 'reg', 3300, 22);
INSERT INTO PRICE VALUES('9-', 'reg', 3200, 23);
INSERT INTO PRICE VALUES('9-', 'reg', 3300, 24);
INSERT INTO PRICE VALUES('9-', 'reg', 3400, 25);
INSERT INTO PRICE VALUES('9-', 'reg', 3200, 26);
INSERT INTO PRICE VALUES('9-', 'reg', 3500, 27);
INSERT INTO PRICE VALUES('9-', 'reg', 3400, 28);
INSERT INTO PRICE VALUES('9-', 'reg', 3600, 29);
INSERT INTO PRICE VALUES('9-', 'reg', 3100, 30);
INSERT INTO PRICE VALUES('9-', 'reg', 3600, 31);
INSERT INTO PRICE VALUES('9-', 'reg', 3400, 32);
INSERT INTO PRICE VALUES('9-', 'reg', 3100, 33);
INSERT INTO PRICE VALUES('9-', 'reg', 3500, 34);
INSERT INTO PRICE VALUES('9-', 'reg', 3500, 35);
INSERT INTO PRICE VALUES('9-', 'reg', 3500, 36);
INSERT INTO PRICE VALUES('9-', 'reg', 3100, 37);
INSERT INTO PRICE VALUES('9-', 'reg', 3400, 38);
INSERT INTO PRICE VALUES('9-', 'reg', 3100, 39);
INSERT INTO PRICE VALUES('9-', 'reg', 3600, 40);
INSERT INTO PRICE VALUES('9-', 'reg', 3600, 41);
INSERT INTO PRICE VALUES('9-', 'reg', 3400, 42);
INSERT INTO PRICE VALUES('9-', 'reg', 3300, 43);
INSERT INTO PRICE VALUES('9-', 'reg', 3600, 44);
INSERT INTO PRICE VALUES('9-', 'reg', 3100, 45);
INSERT INTO PRICE VALUES('9-', 'reg', 3100, 46);
INSERT INTO PRICE VALUES('9-', 'reg', 3600, 47);
INSERT INTO PRICE VALUES('9-', 'reg', 3200, 48);
INSERT INTO PRICE VALUES('9-', 'reg', 3400, 49);
INSERT INTO PRICE VALUES('9-', 'reg', 3100, 50);
INSERT INTO PRICE VALUES('9-', 'reg', 3500, 51);
INSERT INTO PRICE VALUES('9-', 'reg', 3500, 52);
INSERT INTO PRICE VALUES('9-', 'reg', 3400, 53);
INSERT INTO PRICE VALUES('9-', 'reg', 3400, 54);
INSERT INTO PRICE VALUES('9-', 'reg', 3200, 55);
INSERT INTO PRICE VALUES('9-', 'reg', 3600, 56);
INSERT INTO PRICE VALUES('9-', 'reg', 3600, 57);
INSERT INTO PRICE VALUES('9-', 'reg', 3100, 58);
INSERT INTO PRICE VALUES('9-', 'reg', 3400, 59);
INSERT INTO PRICE VALUES('9-', 'reg', 3100, 60);
INSERT INTO PRICE VALUES('9-', 'reg', 3300, 61);
INSERT INTO PRICE VALUES('9-', 'reg', 3600, 62);
INSERT INTO PRICE VALUES('9-', 'reg', 3500, 63);
INSERT INTO PRICE VALUES('9-', 'reg', 3400, 64);
INSERT INTO PRICE VALUES('9-', 'reg', 3400, 65);
INSERT INTO PRICE VALUES('9-', 'reg', 3500, 66);
INSERT INTO PRICE VALUES('9-', 'reg', 3300, 67);
INSERT INTO PRICE VALUES('9-', 'reg', 3200, 68);
INSERT INTO PRICE VALUES('9-', 'reg', 3400, 69);
INSERT INTO PRICE VALUES('9-', 'reg', 3100, 70);
INSERT INTO PRICE VALUES('9-', 'reg', 3300, 71);
INSERT INTO PRICE VALUES('9-', 'reg', 3400, 72);
INSERT INTO PRICE VALUES('9-', 'reg', 3600, 73);
INSERT INTO PRICE VALUES('9-', 'reg', 3300, 74);
INSERT INTO PRICE VALUES('9-', 'reg', 3400, 75);
INSERT INTO PRICE VALUES('9-', 'reg', 3200, 76);
INSERT INTO PRICE VALUES('9-', 'reg', 3600, 77);
INSERT INTO PRICE VALUES('9-', 'reg', 3600, 78);
INSERT INTO PRICE VALUES('9-', 'reg', 3600, 79);
INSERT INTO PRICE VALUES('9-', 'reg', 3100, 80);
INSERT INTO PRICE VALUES('9-', 'reg', 3400, 81);
INSERT INTO PRICE VALUES('9-', 'reg', 3300, 82);
INSERT INTO PRICE VALUES('9-', 'reg', 3400, 83);
INSERT INTO PRICE VALUES('9-', 'reg', 3500, 84);
INSERT INTO PRICE VALUES('9-', 'reg', 3500, 85);
INSERT INTO PRICE VALUES('9-', 'reg', 3600, 86);
INSERT INTO PRICE VALUES('9-', 'reg', 3500, 87);
INSERT INTO PRICE VALUES('9-', 'reg', 3100, 88);
INSERT INTO PRICE VALUES('9-', 'reg', 3500, 89);
INSERT INTO PRICE VALUES('9-', 'reg', 3300, 90);
INSERT INTO PRICE VALUES('9-', 'reg', 3500, 91);
INSERT INTO PRICE VALUES('9-', 'reg', 3300, 92);
INSERT INTO PRICE VALUES('9-', 'reg', 3200, 93);
INSERT INTO PRICE VALUES('9-', 'reg', 3400, 94);
INSERT INTO PRICE VALUES('9-', 'reg', 3600, 95);
INSERT INTO PRICE VALUES('9-', 'reg', 3500, 96);
INSERT INTO PRICE VALUES('9-', 'reg', 3600, 97);
INSERT INTO PRICE VALUES('9-', 'reg', 3500, 98);
INSERT INTO PRICE VALUES('9-', 'reg', 3100, 99);
INSERT INTO PRICE VALUES('9-', 'reg', 3000, 100);
INSERT INTO PRICE VALUES('18-', 'plus', 7500, 0);
INSERT INTO PRICE VALUES('18-', 'plus', 7100, 1);
INSERT INTO PRICE VALUES('18-', 'plus', 7300, 2);
INSERT INTO PRICE VALUES('18-', 'plus', 7600, 3);
INSERT INTO PRICE VALUES('18-', 'plus', 7300, 4);
INSERT INTO PRICE VALUES('18-', 'plus', 7400, 5);
INSERT INTO PRICE VALUES('18-', 'plus', 7400, 6);
INSERT INTO PRICE VALUES('18-', 'plus', 7100, 7);
INSERT INTO PRICE VALUES('18-', 'plus', 7500, 8);
INSERT INTO PRICE VALUES('18-', 'plus', 7200, 9);
INSERT INTO PRICE VALUES('18-', 'plus', 7200, 10);
INSERT INTO PRICE VALUES('18-', 'plus', 7200, 11);
INSERT INTO PRICE VALUES('18-', 'plus', 7300, 12);
INSERT INTO PRICE VALUES('18-', 'plus', 7100, 13);
INSERT INTO PRICE VALUES('18-', 'plus', 7400, 14);
INSERT INTO PRICE VALUES('18-', 'plus', 7100, 15);
INSERT INTO PRICE VALUES('18-', 'plus', 7300, 16);
INSERT INTO PRICE VALUES('18-', 'plus', 7200, 17);
INSERT INTO PRICE VALUES('18-', 'plus', 7300, 18);
INSERT INTO PRICE VALUES('18-', 'plus', 7100, 19);
INSERT INTO PRICE VALUES('18-', 'plus', 7400, 20);
INSERT INTO PRICE VALUES('18-', 'plus', 7400, 21);
INSERT INTO PRICE VALUES('18-', 'plus', 7500, 22);
INSERT INTO PRICE VALUES('18-', 'plus', 7400, 23);
INSERT INTO PRICE VALUES('18-', 'plus', 7100, 24);
INSERT INTO PRICE VALUES('18-', 'plus', 7400, 25);
INSERT INTO PRICE VALUES('18-', 'plus', 7100, 26);
INSERT INTO PRICE VALUES('18-', 'plus', 7600, 27);
INSERT INTO PRICE VALUES('18-', 'plus', 7100, 28);
INSERT INTO PRICE VALUES('18-', 'plus', 7400, 29);
INSERT INTO PRICE VALUES('18-', 'plus', 7500, 30);
INSERT INTO PRICE VALUES('18-', 'plus', 7600, 31);
INSERT INTO PRICE VALUES('18-', 'plus', 7300, 32);
INSERT INTO PRICE VALUES('18-', 'plus', 7600, 33);
INSERT INTO PRICE VALUES('18-', 'plus', 7500, 34);
INSERT INTO PRICE VALUES('18-', 'plus', 7300, 35);
INSERT INTO PRICE VALUES('18-', 'plus', 7200, 36);
INSERT INTO PRICE VALUES('18-', 'plus', 7600, 37);
INSERT INTO PRICE VALUES('18-', 'plus', 7100, 38);
INSERT INTO PRICE VALUES('18-', 'plus', 7100, 39);
INSERT INTO PRICE VALUES('18-', 'plus', 7200, 40);
INSERT INTO PRICE VALUES('18-', 'plus', 7200, 41);
INSERT INTO PRICE VALUES('18-', 'plus', 7600, 42);
INSERT INTO PRICE VALUES('18-', 'plus', 7100, 43);
INSERT INTO PRICE VALUES('18-', 'plus', 7400, 44);
INSERT INTO PRICE VALUES('18-', 'plus', 7500, 45);
INSERT INTO PRICE VALUES('18-', 'plus', 7100, 46);
INSERT INTO PRICE VALUES('18-', 'plus', 7500, 47);
INSERT INTO PRICE VALUES('18-', 'plus', 7200, 48);
INSERT INTO PRICE VALUES('18-', 'plus', 7200, 49);
INSERT INTO PRICE VALUES('18-', 'plus', 7100, 50);
INSERT INTO PRICE VALUES('18-', 'plus', 7500, 51);
INSERT INTO PRICE VALUES('18-', 'plus', 7300, 52);
INSERT INTO PRICE VALUES('18-', 'plus', 7500, 53);
INSERT INTO PRICE VALUES('18-', 'plus', 7400, 54);
INSERT INTO PRICE VALUES('18-', 'plus', 7400, 55);
INSERT INTO PRICE VALUES('18-', 'plus', 7600, 56);
INSERT INTO PRICE VALUES('18-', 'plus', 7200, 57);
INSERT INTO PRICE VALUES('18-', 'plus', 7300, 58);
INSERT INTO PRICE VALUES('18-', 'plus', 7300, 59);
INSERT INTO PRICE VALUES('18-', 'plus', 7500, 60);
INSERT INTO PRICE VALUES('18-', 'plus', 7400, 61);
INSERT INTO PRICE VALUES('18-', 'plus', 7100, 62);
INSERT INTO PRICE VALUES('18-', 'plus', 7300, 63);
INSERT INTO PRICE VALUES('18-', 'plus', 7100, 64);
INSERT INTO PRICE VALUES('18-', 'plus', 7200, 65);
INSERT INTO PRICE VALUES('18-', 'plus', 7400, 66);
INSERT INTO PRICE VALUES('18-', 'plus', 7200, 67);
INSERT INTO PRICE VALUES('18-', 'plus', 7200, 68);
INSERT INTO PRICE VALUES('18-', 'plus', 7200, 69);
INSERT INTO PRICE VALUES('18-', 'plus', 7100, 70);
INSERT INTO PRICE VALUES('18-', 'plus', 7100, 71);
INSERT INTO PRICE VALUES('18-', 'plus', 7500, 72);
INSERT INTO PRICE VALUES('18-', 'plus', 7300, 73);
INSERT INTO PRICE VALUES('18-', 'plus', 7400, 74);
INSERT INTO PRICE VALUES('18-', 'plus', 7100, 75);
INSERT INTO PRICE VALUES('18-', 'plus', 7500, 76);
INSERT INTO PRICE VALUES('18-', 'plus', 7400, 77);
INSERT INTO PRICE VALUES('18-', 'plus', 7300, 78);
INSERT INTO PRICE VALUES('18-', 'plus', 7500, 79);
INSERT INTO PRICE VALUES('18-', 'plus', 7400, 80);
INSERT INTO PRICE VALUES('18-', 'plus', 7600, 81);
INSERT INTO PRICE VALUES('18-', 'plus', 7300, 82);
INSERT INTO PRICE VALUES('18-', 'plus', 7500, 83);
INSERT INTO PRICE VALUES('18-', 'plus', 7400, 84);
INSERT INTO PRICE VALUES('18-', 'plus', 7400, 85);
INSERT INTO PRICE VALUES('18-', 'plus', 7600, 86);
INSERT INTO PRICE VALUES('18-', 'plus', 7600, 87);
INSERT INTO PRICE VALUES('18-', 'plus', 7300, 88);
INSERT INTO PRICE VALUES('18-', 'plus', 7100, 89);
INSERT INTO PRICE VALUES('18-', 'plus', 7300, 90);
INSERT INTO PRICE VALUES('18-', 'plus', 7500, 91);
INSERT INTO PRICE VALUES('18-', 'plus', 7200, 92);
INSERT INTO PRICE VALUES('18-', 'plus', 7400, 93);
INSERT INTO PRICE VALUES('18-', 'plus', 7200, 94);
INSERT INTO PRICE VALUES('18-', 'plus', 7600, 95);
INSERT INTO PRICE VALUES('18-', 'plus', 7400, 96);
INSERT INTO PRICE VALUES('18-', 'plus', 7200, 97);
INSERT INTO PRICE VALUES('18-', 'plus', 7400, 98);
INSERT INTO PRICE VALUES('18-', 'plus', 7300, 99);
INSERT INTO PRICE VALUES('18-', 'plus', 7100, 100);
INSERT INTO PRICE VALUES('18-', 'reg', 5200, 0);
INSERT INTO PRICE VALUES('18-', 'reg', 5600, 1);
INSERT INTO PRICE VALUES('18-', 'reg', 5300, 2);
INSERT INTO PRICE VALUES('18-', 'reg', 5200, 3);
INSERT INTO PRICE VALUES('18-', 'reg', 5500, 4);
INSERT INTO PRICE VALUES('18-', 'reg', 5100, 5);
INSERT INTO PRICE VALUES('18-', 'reg', 5500, 6);
INSERT INTO PRICE VALUES('18-', 'reg', 5300, 7);
INSERT INTO PRICE VALUES('18-', 'reg', 5100, 8);
INSERT INTO PRICE VALUES('18-', 'reg', 5200, 9);
INSERT INTO PRICE VALUES('18-', 'reg', 5500, 10);
INSERT INTO PRICE VALUES('18-', 'reg', 5600, 11);
INSERT INTO PRICE VALUES('18-', 'reg', 5400, 12);
INSERT INTO PRICE VALUES('18-', 'reg', 5500, 13);
INSERT INTO PRICE VALUES('18-', 'reg', 5600, 14);
INSERT INTO PRICE VALUES('18-', 'reg', 5100, 15);
INSERT INTO PRICE VALUES('18-', 'reg', 5600, 16);
INSERT INTO PRICE VALUES('18-', 'reg', 5200, 17);
INSERT INTO PRICE VALUES('18-', 'reg', 5300, 18);
INSERT INTO PRICE VALUES('18-', 'reg', 5500, 19);
INSERT INTO PRICE VALUES('18-', 'reg', 5300, 20);
INSERT INTO PRICE VALUES('18-', 'reg', 5500, 21);
INSERT INTO PRICE VALUES('18-', 'reg', 5100, 22);
INSERT INTO PRICE VALUES('18-', 'reg', 5400, 23);
INSERT INTO PRICE VALUES('18-', 'reg', 5200, 24);
INSERT INTO PRICE VALUES('18-', 'reg', 5300, 25);
INSERT INTO PRICE VALUES('18-', 'reg', 5400, 26);
INSERT INTO PRICE VALUES('18-', 'reg', 5300, 27);
INSERT INTO PRICE VALUES('18-', 'reg', 5200, 28);
INSERT INTO PRICE VALUES('18-', 'reg', 5600, 29);
INSERT INTO PRICE VALUES('18-', 'reg', 5300, 30);
INSERT INTO PRICE VALUES('18-', 'reg', 5600, 31);
INSERT INTO PRICE VALUES('18-', 'reg', 5400, 32);
INSERT INTO PRICE VALUES('18-', 'reg', 5400, 33);
INSERT INTO PRICE VALUES('18-', 'reg', 5200, 34);
INSERT INTO PRICE VALUES('18-', 'reg', 5100, 35);
INSERT INTO PRICE VALUES('18-', 'reg', 5300, 36);
INSERT INTO PRICE VALUES('18-', 'reg', 5400, 37);
INSERT INTO PRICE VALUES('18-', 'reg', 5300, 38);
INSERT INTO PRICE VALUES('18-', 'reg', 5400, 39);
INSERT INTO PRICE VALUES('18-', 'reg', 5200, 40);
INSERT INTO PRICE VALUES('18-', 'reg', 5100, 41);
INSERT INTO PRICE VALUES('18-', 'reg', 5500, 42);
INSERT INTO PRICE VALUES('18-', 'reg', 5500, 43);
INSERT INTO PRICE VALUES('18-', 'reg', 5600, 44);
INSERT INTO PRICE VALUES('18-', 'reg', 5300, 45);
INSERT INTO PRICE VALUES('18-', 'reg', 5500, 46);
INSERT INTO PRICE VALUES('18-', 'reg', 5600, 47);
INSERT INTO PRICE VALUES('18-', 'reg', 5300, 48);
INSERT INTO PRICE VALUES('18-', 'reg', 5200, 49);
INSERT INTO PRICE VALUES('18-', 'reg', 5200, 50);
INSERT INTO PRICE VALUES('18-', 'reg', 5400, 51);
INSERT INTO PRICE VALUES('18-', 'reg', 5100, 52);
INSERT INTO PRICE VALUES('18-', 'reg', 5500, 53);
INSERT INTO PRICE VALUES('18-', 'reg', 5400, 54);
INSERT INTO PRICE VALUES('18-', 'reg', 5600, 55);
INSERT INTO PRICE VALUES('18-', 'reg', 5600, 56);
INSERT INTO PRICE VALUES('18-', 'reg', 5400, 57);
INSERT INTO PRICE VALUES('18-', 'reg', 5300, 58);
INSERT INTO PRICE VALUES('18-', 'reg', 5100, 59);
INSERT INTO PRICE VALUES('18-', 'reg', 5600, 60);
INSERT INTO PRICE VALUES('18-', 'reg', 5200, 61);
INSERT INTO PRICE VALUES('18-', 'reg', 5200, 62);
INSERT INTO PRICE VALUES('18-', 'reg', 5100, 63);
INSERT INTO PRICE VALUES('18-', 'reg', 5500, 64);
INSERT INTO PRICE VALUES('18-', 'reg', 5400, 65);
INSERT INTO PRICE VALUES('18-', 'reg', 5400, 66);
INSERT INTO PRICE VALUES('18-', 'reg', 5500, 67);
INSERT INTO PRICE VALUES('18-', 'reg', 5300, 68);
INSERT INTO PRICE VALUES('18-', 'reg', 5300, 69);
INSERT INTO PRICE VALUES('18-', 'reg', 5100, 70);
INSERT INTO PRICE VALUES('18-', 'reg', 5300, 71);
INSERT INTO PRICE VALUES('18-', 'reg', 5200, 72);
INSERT INTO PRICE VALUES('18-', 'reg', 5400, 73);
INSERT INTO PRICE VALUES('18-', 'reg', 5200, 74);
INSERT INTO PRICE VALUES('18-', 'reg', 5600, 75);
INSERT INTO PRICE VALUES('18-', 'reg', 5500, 76);
INSERT INTO PRICE VALUES('18-', 'reg', 5400, 77);
INSERT INTO PRICE VALUES('18-', 'reg', 5500, 78);
INSERT INTO PRICE VALUES('18-', 'reg', 5400, 79);
INSERT INTO PRICE VALUES('18-', 'reg', 5500, 80);
INSERT INTO PRICE VALUES('18-', 'reg', 5200, 81);
INSERT INTO PRICE VALUES('18-', 'reg', 5400, 82);
INSERT INTO PRICE VALUES('18-', 'reg', 5100, 83);
INSERT INTO PRICE VALUES('18-', 'reg', 5400, 84);
INSERT INTO PRICE VALUES('18-', 'reg', 5600, 85);
INSERT INTO PRICE VALUES('18-', 'reg', 5300, 86);
INSERT INTO PRICE VALUES('18-', 'reg', 5600, 87);
INSERT INTO PRICE VALUES('18-', 'reg', 5500, 88);
INSERT INTO PRICE VALUES('18-', 'reg', 5600, 89);
INSERT INTO PRICE VALUES('18-', 'reg', 5200, 90);
INSERT INTO PRICE VALUES('18-', 'reg', 5400, 91);
INSERT INTO PRICE VALUES('18-', 'reg', 5200, 92);
INSERT INTO PRICE VALUES('18-', 'reg', 5300, 93);
INSERT INTO PRICE VALUES('18-', 'reg', 5600, 94);
INSERT INTO PRICE VALUES('18-', 'reg', 5400, 95);
INSERT INTO PRICE VALUES('18-', 'reg', 5600, 96);
INSERT INTO PRICE VALUES('18-', 'reg', 5300, 97);
INSERT INTO PRICE VALUES('18-', 'reg', 5200, 98);
INSERT INTO PRICE VALUES('18-', 'reg', 5100, 99);
INSERT INTO PRICE VALUES('18-', 'reg', 5000, 100);
INSERT INTO PRICE VALUES('18+', 'plus', 8300, 0);
INSERT INTO PRICE VALUES('18+', 'plus', 8400, 1);
INSERT INTO PRICE VALUES('18+', 'plus', 8200, 2);
INSERT INTO PRICE VALUES('18+', 'plus', 8300, 3);
INSERT INTO PRICE VALUES('18+', 'plus', 8200, 4);
INSERT INTO PRICE VALUES('18+', 'plus', 8300, 5);
INSERT INTO PRICE VALUES('18+', 'plus', 8200, 6);
INSERT INTO PRICE VALUES('18+', 'plus', 8300, 7);
INSERT INTO PRICE VALUES('18+', 'plus', 8100, 8);
INSERT INTO PRICE VALUES('18+', 'plus', 8100, 9);
INSERT INTO PRICE VALUES('18+', 'plus', 8600, 10);
INSERT INTO PRICE VALUES('18+', 'plus', 8100, 11);
INSERT INTO PRICE VALUES('18+', 'plus', 8500, 12);
INSERT INTO PRICE VALUES('18+', 'plus', 8400, 13);
INSERT INTO PRICE VALUES('18+', 'plus', 8200, 14);
INSERT INTO PRICE VALUES('18+', 'plus', 8300, 15);
INSERT INTO PRICE VALUES('18+', 'plus', 8600, 16);
INSERT INTO PRICE VALUES('18+', 'plus', 8400, 17);
INSERT INTO PRICE VALUES('18+', 'plus', 8600, 18);
INSERT INTO PRICE VALUES('18+', 'plus', 8300, 19);
INSERT INTO PRICE VALUES('18+', 'plus', 8400, 20);
INSERT INTO PRICE VALUES('18+', 'plus', 8100, 21);
INSERT INTO PRICE VALUES('18+', 'plus', 8600, 22);
INSERT INTO PRICE VALUES('18+', 'plus', 8300, 23);
INSERT INTO PRICE VALUES('18+', 'plus', 8100, 24);
INSERT INTO PRICE VALUES('18+', 'plus', 8600, 25);
INSERT INTO PRICE VALUES('18+', 'plus', 8500, 26);
INSERT INTO PRICE VALUES('18+', 'plus', 8200, 27);
INSERT INTO PRICE VALUES('18+', 'plus', 8100, 28);
INSERT INTO PRICE VALUES('18+', 'plus', 8200, 29);
INSERT INTO PRICE VALUES('18+', 'plus', 8300, 30);
INSERT INTO PRICE VALUES('18+', 'plus', 8200, 31);
INSERT INTO PRICE VALUES('18+', 'plus', 8100, 32);
INSERT INTO PRICE VALUES('18+', 'plus', 8500, 33);
INSERT INTO PRICE VALUES('18+', 'plus', 8200, 34);
INSERT INTO PRICE VALUES('18+', 'plus', 8600, 35);
INSERT INTO PRICE VALUES('18+', 'plus', 8400, 36);
INSERT INTO PRICE VALUES('18+', 'plus', 8400, 37);
INSERT INTO PRICE VALUES('18+', 'plus', 8100, 38);
INSERT INTO PRICE VALUES('18+', 'plus', 8400, 39);
INSERT INTO PRICE VALUES('18+', 'plus', 8200, 40);
INSERT INTO PRICE VALUES('18+', 'plus', 8200, 41);
INSERT INTO PRICE VALUES('18+', 'plus', 8500, 42);
INSERT INTO PRICE VALUES('18+', 'plus', 8100, 43);
INSERT INTO PRICE VALUES('18+', 'plus', 8500, 44);
INSERT INTO PRICE VALUES('18+', 'plus', 8500, 45);
INSERT INTO PRICE VALUES('18+', 'plus', 8300, 46);
INSERT INTO PRICE VALUES('18+', 'plus', 8400, 47);
INSERT INTO PRICE VALUES('18+', 'plus', 8300, 48);
INSERT INTO PRICE VALUES('18+', 'plus', 8600, 49);
INSERT INTO PRICE VALUES('18+', 'plus', 8300, 50);
INSERT INTO PRICE VALUES('18+', 'plus', 8500, 51);
INSERT INTO PRICE VALUES('18+', 'plus', 8400, 52);
INSERT INTO PRICE VALUES('18+', 'plus', 8500, 53);
INSERT INTO PRICE VALUES('18+', 'plus', 8100, 54);
INSERT INTO PRICE VALUES('18+', 'plus', 8500, 55);
INSERT INTO PRICE VALUES('18+', 'plus', 8500, 56);
INSERT INTO PRICE VALUES('18+', 'plus', 8100, 57);
INSERT INTO PRICE VALUES('18+', 'plus', 8100, 58);
INSERT INTO PRICE VALUES('18+', 'plus', 8100, 59);
INSERT INTO PRICE VALUES('18+', 'plus', 8100, 60);
INSERT INTO PRICE VALUES('18+', 'plus', 8400, 61);
INSERT INTO PRICE VALUES('18+', 'plus', 8400, 62);
INSERT INTO PRICE VALUES('18+', 'plus', 8400, 63);
INSERT INTO PRICE VALUES('18+', 'plus', 8300, 64);
INSERT INTO PRICE VALUES('18+', 'plus', 8300, 65);
INSERT INTO PRICE VALUES('18+', 'plus', 8500, 66);
INSERT INTO PRICE VALUES('18+', 'plus', 8100, 67);
INSERT INTO PRICE VALUES('18+', 'plus', 8400, 68);
INSERT INTO PRICE VALUES('18+', 'plus', 8200, 69);
INSERT INTO PRICE VALUES('18+', 'plus', 8200, 70);
INSERT INTO PRICE VALUES('18+', 'plus', 8600, 71);
INSERT INTO PRICE VALUES('18+', 'plus', 8100, 72);
INSERT INTO PRICE VALUES('18+', 'plus', 8100, 73);
INSERT INTO PRICE VALUES('18+', 'plus', 8200, 74);
INSERT INTO PRICE VALUES('18+', 'plus', 8600, 75);
INSERT INTO PRICE VALUES('18+', 'plus', 8300, 76);
INSERT INTO PRICE VALUES('18+', 'plus', 8600, 77);
INSERT INTO PRICE VALUES('18+', 'plus', 8200, 78);
INSERT INTO PRICE VALUES('18+', 'plus', 8500, 79);
INSERT INTO PRICE VALUES('18+', 'plus', 8600, 80);
INSERT INTO PRICE VALUES('18+', 'plus', 8300, 81);
INSERT INTO PRICE VALUES('18+', 'plus', 8200, 82);
INSERT INTO PRICE VALUES('18+', 'plus', 8600, 83);
INSERT INTO PRICE VALUES('18+', 'plus', 8600, 84);
INSERT INTO PRICE VALUES('18+', 'plus', 8300, 85);
INSERT INTO PRICE VALUES('18+', 'plus', 8500, 86);
INSERT INTO PRICE VALUES('18+', 'plus', 8100, 87);
INSERT INTO PRICE VALUES('18+', 'plus', 8100, 88);
INSERT INTO PRICE VALUES('18+', 'plus', 8600, 89);
INSERT INTO PRICE VALUES('18+', 'plus', 8300, 90);
INSERT INTO PRICE VALUES('18+', 'plus', 8500, 91);
INSERT INTO PRICE VALUES('18+', 'plus', 8100, 92);
INSERT INTO PRICE VALUES('18+', 'plus', 8200, 93);
INSERT INTO PRICE VALUES('18+', 'plus', 8400, 94);
INSERT INTO PRICE VALUES('18+', 'plus', 8500, 95);
INSERT INTO PRICE VALUES('18+', 'plus', 8200, 96);
INSERT INTO PRICE VALUES('18+', 'plus', 8100, 97);
INSERT INTO PRICE VALUES('18+', 'plus', 8400, 98);
INSERT INTO PRICE VALUES('18+', 'plus', 8600, 99);
INSERT INTO PRICE VALUES('18+', 'plus', 8100, 100);
INSERT INTO PRICE VALUES('18+', 'reg', 6100, 0);
INSERT INTO PRICE VALUES('18+', 'reg', 6100, 1);
INSERT INTO PRICE VALUES('18+', 'reg', 6600, 2);
INSERT INTO PRICE VALUES('18+', 'reg', 6200, 3);
INSERT INTO PRICE VALUES('18+', 'reg', 6600, 4);
INSERT INTO PRICE VALUES('18+', 'reg', 6200, 5);
INSERT INTO PRICE VALUES('18+', 'reg', 6400, 6);
INSERT INTO PRICE VALUES('18+', 'reg', 6500, 7);
INSERT INTO PRICE VALUES('18+', 'reg', 6600, 8);
INSERT INTO PRICE VALUES('18+', 'reg', 6600, 9);
INSERT INTO PRICE VALUES('18+', 'reg', 6200, 10);
INSERT INTO PRICE VALUES('18+', 'reg', 6500, 11);
INSERT INTO PRICE VALUES('18+', 'reg', 6400, 12);
INSERT INTO PRICE VALUES('18+', 'reg', 6600, 13);
INSERT INTO PRICE VALUES('18+', 'reg', 6200, 14);
INSERT INTO PRICE VALUES('18+', 'reg', 6600, 15);
INSERT INTO PRICE VALUES('18+', 'reg', 6400, 16);
INSERT INTO PRICE VALUES('18+', 'reg', 6400, 17);
INSERT INTO PRICE VALUES('18+', 'reg', 6200, 18);
INSERT INTO PRICE VALUES('18+', 'reg', 6400, 19);
INSERT INTO PRICE VALUES('18+', 'reg', 6500, 20);
INSERT INTO PRICE VALUES('18+', 'reg', 6100, 21);
INSERT INTO PRICE VALUES('18+', 'reg', 6200, 22);
INSERT INTO PRICE VALUES('18+', 'reg', 6500, 23);
INSERT INTO PRICE VALUES('18+', 'reg', 6400, 24);
INSERT INTO PRICE VALUES('18+', 'reg', 6500, 25);
INSERT INTO PRICE VALUES('18+', 'reg', 6400, 26);
INSERT INTO PRICE VALUES('18+', 'reg', 6200, 27);
INSERT INTO PRICE VALUES('18+', 'reg', 6600, 28);
INSERT INTO PRICE VALUES('18+', 'reg', 6500, 29);
INSERT INTO PRICE VALUES('18+', 'reg', 6400, 30);
INSERT INTO PRICE VALUES('18+', 'reg', 6300, 31);
INSERT INTO PRICE VALUES('18+', 'reg', 6400, 32);
INSERT INTO PRICE VALUES('18+', 'reg', 6200, 33);
INSERT INTO PRICE VALUES('18+', 'reg', 6600, 34);
INSERT INTO PRICE VALUES('18+', 'reg', 6200, 35);
INSERT INTO PRICE VALUES('18+', 'reg', 6400, 36);
INSERT INTO PRICE VALUES('18+', 'reg', 6200, 37);
INSERT INTO PRICE VALUES('18+', 'reg', 6100, 38);
INSERT INTO PRICE VALUES('18+', 'reg', 6200, 39);
INSERT INTO PRICE VALUES('18+', 'reg', 6300, 40);
INSERT INTO PRICE VALUES('18+', 'reg', 6400, 41);
INSERT INTO PRICE VALUES('18+', 'reg', 6200, 42);
INSERT INTO PRICE VALUES('18+', 'reg', 6100, 43);
INSERT INTO PRICE VALUES('18+', 'reg', 6500, 44);
INSERT INTO PRICE VALUES('18+', 'reg', 6600, 45);
INSERT INTO PRICE VALUES('18+', 'reg', 6500, 46);
INSERT INTO PRICE VALUES('18+', 'reg', 6300, 47);
INSERT INTO PRICE VALUES('18+', 'reg', 6500, 48);
INSERT INTO PRICE VALUES('18+', 'reg', 6100, 49);
INSERT INTO PRICE VALUES('18+', 'reg', 6200, 50);
INSERT INTO PRICE VALUES('18+', 'reg', 6200, 51);
INSERT INTO PRICE VALUES('18+', 'reg', 6500, 52);
INSERT INTO PRICE VALUES('18+', 'reg', 6600, 53);
INSERT INTO PRICE VALUES('18+', 'reg', 6200, 54);
INSERT INTO PRICE VALUES('18+', 'reg', 6300, 55);
INSERT INTO PRICE VALUES('18+', 'reg', 6200, 56);
INSERT INTO PRICE VALUES('18+', 'reg', 6400, 57);
INSERT INTO PRICE VALUES('18+', 'reg', 6500, 58);
INSERT INTO PRICE VALUES('18+', 'reg', 6200, 59);
INSERT INTO PRICE VALUES('18+', 'reg', 6400, 60);
INSERT INTO PRICE VALUES('18+', 'reg', 6500, 61);
INSERT INTO PRICE VALUES('18+', 'reg', 6100, 62);
INSERT INTO PRICE VALUES('18+', 'reg', 6300, 63);
INSERT INTO PRICE VALUES('18+', 'reg', 6500, 64);
INSERT INTO PRICE VALUES('18+', 'reg', 6300, 65);
INSERT INTO PRICE VALUES('18+', 'reg', 6100, 66);
INSERT INTO PRICE VALUES('18+', 'reg', 6600, 67);
INSERT INTO PRICE VALUES('18+', 'reg', 6400, 68);
INSERT INTO PRICE VALUES('18+', 'reg', 6500, 69);
INSERT INTO PRICE VALUES('18+', 'reg', 6500, 70);
INSERT INTO PRICE VALUES('18+', 'reg', 6200, 71);
INSERT INTO PRICE VALUES('18+', 'reg', 6600, 72);
INSERT INTO PRICE VALUES('18+', 'reg', 6100, 73);
INSERT INTO PRICE VALUES('18+', 'reg', 6100, 74);
INSERT INTO PRICE VALUES('18+', 'reg', 6400, 75);
INSERT INTO PRICE VALUES('18+', 'reg', 6300, 76);
INSERT INTO PRICE VALUES('18+', 'reg', 6200, 77);
INSERT INTO PRICE VALUES('18+', 'reg', 6400, 78);
INSERT INTO PRICE VALUES('18+', 'reg', 6100, 79);
INSERT INTO PRICE VALUES('18+', 'reg', 6100, 80);
INSERT INTO PRICE VALUES('18+', 'reg', 6500, 81);
INSERT INTO PRICE VALUES('18+', 'reg', 6100, 82);
INSERT INTO PRICE VALUES('18+', 'reg', 6300, 83);
INSERT INTO PRICE VALUES('18+', 'reg', 6500, 84);
INSERT INTO PRICE VALUES('18+', 'reg', 6500, 85);
INSERT INTO PRICE VALUES('18+', 'reg', 6600, 86);
INSERT INTO PRICE VALUES('18+', 'reg', 6300, 87);
INSERT INTO PRICE VALUES('18+', 'reg', 6600, 88);
INSERT INTO PRICE VALUES('18+', 'reg', 6300, 89);
INSERT INTO PRICE VALUES('18+', 'reg', 6100, 90);
INSERT INTO PRICE VALUES('18+', 'reg', 6200, 91);
INSERT INTO PRICE VALUES('18+', 'reg', 6200, 92);
INSERT INTO PRICE VALUES('18+', 'reg', 6100, 93);
INSERT INTO PRICE VALUES('18+', 'reg', 6100, 94);
INSERT INTO PRICE VALUES('18+', 'reg', 6600, 95);
INSERT INTO PRICE VALUES('18+', 'reg', 6200, 96);
INSERT INTO PRICE VALUES('18+', 'reg', 6600, 97);
INSERT INTO PRICE VALUES('18+', 'reg', 6500, 98);
INSERT INTO PRICE VALUES('18+', 'reg', 6300, 99);
INSERT INTO PRICE VALUES('18+', 'reg', 6000, 100);

INSERT INTO BUS VALUES('4884', 'cheolbyeok express', 'reg');
INSERT INTO BUS VALUES('6473', 'daewon express', 'plus');
INSERT INTO BUS VALUES('1507', 'moosun express', 'plus');
INSERT INTO BUS VALUES('9766', 'gabyeon express', 'reg');
INSERT INTO BUS VALUES('6636', 'cheolbyeok express', 'reg');
INSERT INTO BUS VALUES('3746', 'gasang express', 'plus');
INSERT INTO BUS VALUES('8147', 'cheolbyeok express', 'reg');
INSERT INTO BUS VALUES('4624', 'gasang express', 'plus');
INSERT INTO BUS VALUES('4201', 'yunghap express', 'plus');
INSERT INTO BUS VALUES('7686', 'daewon express', 'plus');
INSERT INTO BUS VALUES('5087', 'cheolbyeok express', 'reg');
INSERT INTO BUS VALUES('2925', 'cheolbyeok express', 'reg');
INSERT INTO BUS VALUES('1731', 'killer express', 'reg');
INSERT INTO BUS VALUES('0219', 'tumyeong express', 'plus');
INSERT INTO BUS VALUES('5124', 'jikgam express', 'plus');
INSERT INTO BUS VALUES('7437', 'gasang express', 'reg');
INSERT INTO BUS VALUES('0211', 'turnkey express', 'reg');
INSERT INTO BUS VALUES('5527', 'yunghap express', 'plus');
INSERT INTO BUS VALUES('8660', 'gabyeon express', 'reg');
INSERT INTO BUS VALUES('8499', 'daewon express', 'plus');
INSERT INTO BUS VALUES('4150', 'jikgam express', 'reg');
INSERT INTO BUS VALUES('5141', 'killer express', 'plus');
INSERT INTO BUS VALUES('1703', 'yunghap express', 'reg');
INSERT INTO BUS VALUES('6915', 'gasang express', 'reg');
INSERT INTO BUS VALUES('1453', 'buja express', 'reg');
INSERT INTO BUS VALUES('1855', 'cheolbyeok express', 'reg');
INSERT INTO BUS VALUES('5166', 'hwakjang express', 'plus');
INSERT INTO BUS VALUES('7376', 'hwakjang express', 'reg');
INSERT INTO BUS VALUES('6218', 'tonghap express', 'plus');
INSERT INTO BUS VALUES('1315', 'buja express', 'reg');
INSERT INTO BUS VALUES('2493', 'tumyeong express', 'reg');
INSERT INTO BUS VALUES('1483', 'moosun express', 'reg');
INSERT INTO BUS VALUES('9801', 'hwakjang express', 'plus');
INSERT INTO BUS VALUES('0727', 'buja express', 'reg');
INSERT INTO BUS VALUES('8719', 'buja express', 'reg');
INSERT INTO BUS VALUES('0736', 'daewon express', 'reg');
INSERT INTO BUS VALUES('6359', 'dotcom express', 'reg');
INSERT INTO BUS VALUES('7921', 'killer express', 'plus');
INSERT INTO BUS VALUES('0064', 'turnkey express', 'reg');
INSERT INTO BUS VALUES('8828', 'moosun express', 'reg');
INSERT INTO BUS VALUES('4291', 'buja express', 'plus');
INSERT INTO BUS VALUES('6822', 'turnkey express', 'plus');
INSERT INTO BUS VALUES('8699', 'goun express', 'plus');
INSERT INTO BUS VALUES('8495', 'buja express', 'plus');
INSERT INTO BUS VALUES('1383', 'cheolbyeok express', 'plus');
INSERT INTO BUS VALUES('6073', 'gasang express', 'reg');
INSERT INTO BUS VALUES('6224', 'buja express', 'plus');
INSERT INTO BUS VALUES('4370', 'gabyeon express', 'plus');
INSERT INTO BUS VALUES('5405', 'tonghap express', 'reg');
INSERT INTO BUS VALUES('4783', 'daewon express', 'plus');
INSERT INTO BUS VALUES('6761', 'tumyeong express', 'reg');
INSERT INTO BUS VALUES('8966', 'turnkey express', 'reg');
INSERT INTO BUS VALUES('5639', 'turnkey express', 'reg');
INSERT INTO BUS VALUES('2037', 'turnkey express', 'plus');
INSERT INTO BUS VALUES('3007', 'turnkey express', 'plus');
INSERT INTO BUS VALUES('5597', 'moosun express', 'plus');
INSERT INTO BUS VALUES('0424', 'buja express', 'plus');
INSERT INTO BUS VALUES('2156', 'gasang express', 'plus');
INSERT INTO BUS VALUES('0835', 'moosun express', 'reg');
INSERT INTO BUS VALUES('2921', 'dotcom express', 'plus');
INSERT INTO BUS VALUES('8799', 'daewon express', 'reg');
INSERT INTO BUS VALUES('0354', 'moosun express', 'plus');
INSERT INTO BUS VALUES('1068', 'gabyeon express', 'reg');
INSERT INTO BUS VALUES('1043', 'gabyeon express', 'plus');
INSERT INTO BUS VALUES('9357', 'tonghap express', 'plus');
INSERT INTO BUS VALUES('5655', 'jikgam express', 'plus');
INSERT INTO BUS VALUES('2160', 'tonghap express', 'reg');
INSERT INTO BUS VALUES('9051', 'tumyeong express', 'plus');
INSERT INTO BUS VALUES('1494', 'hwakjang express', 'reg');
INSERT INTO BUS VALUES('6178', 'buja express', 'reg');
INSERT INTO BUS VALUES('2903', 'goun express', 'plus');
INSERT INTO BUS VALUES('1101', 'dotcom express', 'reg');
INSERT INTO BUS VALUES('0072', 'jikgam express', 'plus');
INSERT INTO BUS VALUES('7258', 'daewon express', 'plus');
INSERT INTO BUS VALUES('8606', 'hwakjang express', 'plus');
INSERT INTO BUS VALUES('4117', 'dotcom express', 'reg');
INSERT INTO BUS VALUES('2577', 'gasang express', 'reg');
INSERT INTO BUS VALUES('5408', 'gasang express', 'plus');
INSERT INTO BUS VALUES('5340', 'yunghap express', 'reg');
INSERT INTO BUS VALUES('1834', 'killer express', 'plus');
INSERT INTO BUS VALUES('1505', 'goun express', 'plus');
INSERT INTO BUS VALUES('5292', 'buja express', 'plus');
INSERT INTO BUS VALUES('8152', 'moosun express', 'reg');
INSERT INTO BUS VALUES('4154', 'goun express', 'reg');
INSERT INTO BUS VALUES('7234', 'yunghap express', 'reg');
INSERT INTO BUS VALUES('0243', 'buja express', 'plus');
INSERT INTO BUS VALUES('7698', 'cheolbyeok express', 'reg');
INSERT INTO BUS VALUES('6308', 'moosun express', 'reg');
INSERT INTO BUS VALUES('9723', 'turnkey express', 'plus');
INSERT INTO BUS VALUES('1004', 'gasang express', 'plus');
INSERT INTO BUS VALUES('5004', 'turnkey express', 'plus');
INSERT INTO BUS VALUES('9245', 'cheolbyeok express', 'plus');
INSERT INTO BUS VALUES('0764', 'moosun express', 'reg');
INSERT INTO BUS VALUES('1341', 'moosun express', 'plus');
INSERT INTO BUS VALUES('0617', 'hwakjang express', 'reg');
INSERT INTO BUS VALUES('3356', 'gasang express', 'plus');
INSERT INTO BUS VALUES('7458', 'buja express', 'reg');
INSERT INTO BUS VALUES('5680', 'killer express', 'reg');
INSERT INTO BUS VALUES('2552', 'turnkey express', 'reg');
INSERT INTO BUS VALUES('4877', 'turnkey express', 'plus');
INSERT INTO BUS VALUES('0322', 'daewon express', 'reg');
INSERT INTO BUS VALUES('1322', 'turnkey express', 'reg');
INSERT INTO BUS VALUES('2322', 'goun express', 'plus');
INSERT INTO BUS VALUES('3322', 'daewon express', 'reg');
INSERT INTO BUS VALUES('4322', 'gasang express', 'plus');
INSERT INTO BUS VALUES('3220', 'killer express', 'reg');
INSERT INTO BUS VALUES('3221', 'daewon express', 'plus');
INSERT INTO BUS VALUES('3222', 'turnkey express', 'plus');
INSERT INTO BUS VALUES('3223', 'goun express', 'reg');
INSERT INTO BUS VALUES('3224', 'turnkey express', 'plus');

INSERT INTO TIMETABLE VALUES(0, TO_DATE('2022-10-04 00:00:00','YYYY-MM-DD HH24:MI:SS'), TO_DATE('2022-10-04 03:55:00','YYYY-MM-DD HH24:MI:SS'), TO_DATE('2022-10-04 09:53:00','YYYY-MM-DD HH24:MI:SS'), '8828', 67);
INSERT INTO TIMETABLE VALUES(1, TO_DATE('2022-10-01 00:00:00','YYYY-MM-DD HH24:MI:SS'), TO_DATE('2022-10-01 03:22:00','YYYY-MM-DD HH24:MI:SS'), TO_DATE('2022-10-01 09:05:00','YYYY-MM-DD HH24:MI:SS'), '8799', 79);
INSERT INTO TIMETABLE VALUES(2, TO_DATE('2022-10-05 00:00:00','YYYY-MM-DD HH24:MI:SS'), TO_DATE('2022-10-05 09:50:00','YYYY-MM-DD HH24:MI:SS'), TO_DATE('2022-10-05 10:28:00','YYYY-MM-DD HH24:MI:SS'), '6073', 97);
INSERT INTO TIMETABLE VALUES(3, TO_DATE('2022-10-04 00:00:00','YYYY-MM-DD HH24:MI:SS'), TO_DATE('2022-10-04 14:47:00','YYYY-MM-DD HH24:MI:SS'), TO_DATE('2022-10-04 17:32:00','YYYY-MM-DD HH24:MI:SS'), '9801', 10);
INSERT INTO TIMETABLE VALUES(4, TO_DATE('2022-10-02 00:00:00','YYYY-MM-DD HH24:MI:SS'), TO_DATE('2022-10-02 05:29:00','YYYY-MM-DD HH24:MI:SS'), TO_DATE('2022-10-02 21:32:00','YYYY-MM-DD HH24:MI:SS'), '2037', 72);
INSERT INTO TIMETABLE VALUES(5, TO_DATE('2022-10-07 00:00:00','YYYY-MM-DD HH24:MI:SS'), TO_DATE('2022-10-07 03:05:00','YYYY-MM-DD HH24:MI:SS'), TO_DATE('2022-10-07 07:18:00','YYYY-MM-DD HH24:MI:SS'), '7686', 32);
INSERT INTO TIMETABLE VALUES(6, TO_DATE('2022-10-04 00:00:00','YYYY-MM-DD HH24:MI:SS'), TO_DATE('2022-10-04 07:52:00','YYYY-MM-DD HH24:MI:SS'), TO_DATE('2022-10-04 15:16:00','YYYY-MM-DD HH24:MI:SS'), '7458', 24);
INSERT INTO TIMETABLE VALUES(7, TO_DATE('2022-10-02 00:00:00','YYYY-MM-DD HH24:MI:SS'), TO_DATE('2022-10-02 02:42:00','YYYY-MM-DD HH24:MI:SS'), TO_DATE('2022-10-02 07:05:00','YYYY-MM-DD HH24:MI:SS'), '2037', 99);
INSERT INTO TIMETABLE VALUES(8, TO_DATE('2022-10-01 00:00:00','YYYY-MM-DD HH24:MI:SS'), TO_DATE('2022-10-01 12:46:00','YYYY-MM-DD HH24:MI:SS'), TO_DATE('2022-10-01 15:15:00','YYYY-MM-DD HH24:MI:SS'), '1505', 7);
INSERT INTO TIMETABLE VALUES(9, TO_DATE('2022-10-04 00:00:00','YYYY-MM-DD HH24:MI:SS'), TO_DATE('2022-10-04 07:16:00','YYYY-MM-DD HH24:MI:SS'), TO_DATE('2022-10-04 07:11:00','YYYY-MM-DD HH24:MI:SS'), '0211', 44);
INSERT INTO TIMETABLE VALUES(10, TO_DATE('2022-10-01 00:00:00','YYYY-MM-DD HH24:MI:SS'), TO_DATE('2022-10-01 10:55:00','YYYY-MM-DD HH24:MI:SS'), TO_DATE('2022-10-01 21:42:00','YYYY-MM-DD HH24:MI:SS'), '7458', 41);
INSERT INTO TIMETABLE VALUES(11, TO_DATE('2022-10-01 00:00:00','YYYY-MM-DD HH24:MI:SS'), TO_DATE('2022-10-01 14:52:00','YYYY-MM-DD HH24:MI:SS'), TO_DATE('2022-10-01 17:51:00','YYYY-MM-DD HH24:MI:SS'), '8699', 38);
INSERT INTO TIMETABLE VALUES(12, TO_DATE('2022-10-02 00:00:00','YYYY-MM-DD HH24:MI:SS'), TO_DATE('2022-10-02 03:56:00','YYYY-MM-DD HH24:MI:SS'), TO_DATE('2022-10-02 10:55:00','YYYY-MM-DD HH24:MI:SS'), '5292', 90);
INSERT INTO TIMETABLE VALUES(13, TO_DATE('2022-10-02 00:00:00','YYYY-MM-DD HH24:MI:SS'), TO_DATE('2022-10-02 01:21:00','YYYY-MM-DD HH24:MI:SS'), TO_DATE('2022-10-02 23:45:00','YYYY-MM-DD HH24:MI:SS'), '5597', 31);
INSERT INTO TIMETABLE VALUES(14, TO_DATE('2022-10-01 00:00:00','YYYY-MM-DD HH24:MI:SS'), TO_DATE('2022-10-01 03:12:00','YYYY-MM-DD HH24:MI:SS'), TO_DATE('2022-10-01 15:52:00','YYYY-MM-DD HH24:MI:SS'), '1494', 60);
INSERT INTO TIMETABLE VALUES(15, TO_DATE('2022-10-06 00:00:00','YYYY-MM-DD HH24:MI:SS'), TO_DATE('2022-10-06 03:57:00','YYYY-MM-DD HH24:MI:SS'), TO_DATE('2022-10-06 16:00:00','YYYY-MM-DD HH24:MI:SS'), '0727', 20);
INSERT INTO TIMETABLE VALUES(16, TO_DATE('2022-10-06 00:00:00','YYYY-MM-DD HH24:MI:SS'), TO_DATE('2022-10-06 13:08:00','YYYY-MM-DD HH24:MI:SS'), TO_DATE('2022-10-06 16:35:00','YYYY-MM-DD HH24:MI:SS'), '0211', 29);
INSERT INTO TIMETABLE VALUES(17, TO_DATE('2022-10-01 00:00:00','YYYY-MM-DD HH24:MI:SS'), TO_DATE('2022-10-01 11:35:00','YYYY-MM-DD HH24:MI:SS'), TO_DATE('2022-10-01 16:42:00','YYYY-MM-DD HH24:MI:SS'), '0727', 79);
INSERT INTO TIMETABLE VALUES(18, TO_DATE('2022-10-02 00:00:00','YYYY-MM-DD HH24:MI:SS'), TO_DATE('2022-10-02 07:13:00','YYYY-MM-DD HH24:MI:SS'), TO_DATE('2022-10-02 23:34:00','YYYY-MM-DD HH24:MI:SS'), '2577', 49);
INSERT INTO TIMETABLE VALUES(19, TO_DATE('2022-10-03 00:00:00','YYYY-MM-DD HH24:MI:SS'), TO_DATE('2022-10-03 04:50:00','YYYY-MM-DD HH24:MI:SS'), TO_DATE('2022-10-03 19:39:00','YYYY-MM-DD HH24:MI:SS'), '1855', 31);
INSERT INTO TIMETABLE VALUES(20, TO_DATE('2022-10-05 00:00:00','YYYY-MM-DD HH24:MI:SS'), TO_DATE('2022-10-05 07:54:00','YYYY-MM-DD HH24:MI:SS'), TO_DATE('2022-10-05 21:23:00','YYYY-MM-DD HH24:MI:SS'), '1703', 26);
INSERT INTO TIMETABLE VALUES(21, TO_DATE('2022-10-04 00:00:00','YYYY-MM-DD HH24:MI:SS'), TO_DATE('2022-10-04 15:18:00','YYYY-MM-DD HH24:MI:SS'), TO_DATE('2022-10-04 23:09:00','YYYY-MM-DD HH24:MI:SS'), '5292', 37);
INSERT INTO TIMETABLE VALUES(22, TO_DATE('2022-10-02 00:00:00','YYYY-MM-DD HH24:MI:SS'), TO_DATE('2022-10-02 21:27:00','YYYY-MM-DD HH24:MI:SS'), TO_DATE('2022-10-02 22:34:00','YYYY-MM-DD HH24:MI:SS'), '7686', 23);
INSERT INTO TIMETABLE VALUES(23, TO_DATE('2022-10-03 00:00:00','YYYY-MM-DD HH24:MI:SS'), TO_DATE('2022-10-03 14:33:00','YYYY-MM-DD HH24:MI:SS'), TO_DATE('2022-10-03 19:21:00','YYYY-MM-DD HH24:MI:SS'), '4370', 38);
INSERT INTO TIMETABLE VALUES(24, TO_DATE('2022-10-03 00:00:00','YYYY-MM-DD HH24:MI:SS'), TO_DATE('2022-10-03 01:38:00','YYYY-MM-DD HH24:MI:SS'), TO_DATE('2022-10-03 19:12:00','YYYY-MM-DD HH24:MI:SS'), '8966', 88);
INSERT INTO TIMETABLE VALUES(25, TO_DATE('2022-10-05 00:00:00','YYYY-MM-DD HH24:MI:SS'), TO_DATE('2022-10-05 08:40:00','YYYY-MM-DD HH24:MI:SS'), TO_DATE('2022-10-05 23:26:00','YYYY-MM-DD HH24:MI:SS'), '1341', 0);
INSERT INTO TIMETABLE VALUES(26, TO_DATE('2022-10-02 00:00:00','YYYY-MM-DD HH24:MI:SS'), TO_DATE('2022-10-02 05:50:00','YYYY-MM-DD HH24:MI:SS'), TO_DATE('2022-10-02 09:18:00','YYYY-MM-DD HH24:MI:SS'), '4201', 72);
INSERT INTO TIMETABLE VALUES(27, TO_DATE('2022-10-05 00:00:00','YYYY-MM-DD HH24:MI:SS'), TO_DATE('2022-10-05 00:12:00','YYYY-MM-DD HH24:MI:SS'), TO_DATE('2022-10-05 15:38:00','YYYY-MM-DD HH24:MI:SS'), '1453', 0);
INSERT INTO TIMETABLE VALUES(28, TO_DATE('2022-10-04 00:00:00','YYYY-MM-DD HH24:MI:SS'), TO_DATE('2022-10-04 08:22:00','YYYY-MM-DD HH24:MI:SS'), TO_DATE('2022-10-04 22:33:00','YYYY-MM-DD HH24:MI:SS'), '9357', 15);
INSERT INTO TIMETABLE VALUES(29, TO_DATE('2022-10-06 00:00:00','YYYY-MM-DD HH24:MI:SS'), TO_DATE('2022-10-06 16:25:00','YYYY-MM-DD HH24:MI:SS'), TO_DATE('2022-10-06 23:33:00','YYYY-MM-DD HH24:MI:SS'), '5655', 4);
INSERT INTO TIMETABLE VALUES(30, TO_DATE('2022-10-01 00:00:00','YYYY-MM-DD HH24:MI:SS'), TO_DATE('2022-10-01 19:04:00','YYYY-MM-DD HH24:MI:SS'), TO_DATE('2022-10-01 21:25:00','YYYY-MM-DD HH24:MI:SS'), '0211', 42);
INSERT INTO TIMETABLE VALUES(31, TO_DATE('2022-10-07 00:00:00','YYYY-MM-DD HH24:MI:SS'), TO_DATE('2022-10-07 03:14:00','YYYY-MM-DD HH24:MI:SS'), TO_DATE('2022-10-07 20:30:00','YYYY-MM-DD HH24:MI:SS'), '6178', 71);
INSERT INTO TIMETABLE VALUES(32, TO_DATE('2022-10-03 00:00:00','YYYY-MM-DD HH24:MI:SS'), TO_DATE('2022-10-03 05:14:00','YYYY-MM-DD HH24:MI:SS'), TO_DATE('2022-10-03 10:10:00','YYYY-MM-DD HH24:MI:SS'), '6915', 61);
INSERT INTO TIMETABLE VALUES(33, TO_DATE('2022-10-05 00:00:00','YYYY-MM-DD HH24:MI:SS'), TO_DATE('2022-10-05 18:05:00','YYYY-MM-DD HH24:MI:SS'), TO_DATE('2022-10-05 20:00:00','YYYY-MM-DD HH24:MI:SS'), '8660', 42);
INSERT INTO TIMETABLE VALUES(34, TO_DATE('2022-10-07 00:00:00','YYYY-MM-DD HH24:MI:SS'), TO_DATE('2022-10-07 05:15:00','YYYY-MM-DD HH24:MI:SS'), TO_DATE('2022-10-07 10:05:00','YYYY-MM-DD HH24:MI:SS'), '1341', 30);
INSERT INTO TIMETABLE VALUES(35, TO_DATE('2022-10-03 00:00:00','YYYY-MM-DD HH24:MI:SS'), TO_DATE('2022-10-03 13:19:00','YYYY-MM-DD HH24:MI:SS'), TO_DATE('2022-10-03 22:02:00','YYYY-MM-DD HH24:MI:SS'), '6073', 0);
INSERT INTO TIMETABLE VALUES(36, TO_DATE('2022-10-01 00:00:00','YYYY-MM-DD HH24:MI:SS'), TO_DATE('2022-10-01 05:26:00','YYYY-MM-DD HH24:MI:SS'), TO_DATE('2022-10-01 08:39:00','YYYY-MM-DD HH24:MI:SS'), '1453', 57);
INSERT INTO TIMETABLE VALUES(37, TO_DATE('2022-10-02 00:00:00','YYYY-MM-DD HH24:MI:SS'), TO_DATE('2022-10-02 02:14:00','YYYY-MM-DD HH24:MI:SS'), TO_DATE('2022-10-02 04:44:00','YYYY-MM-DD HH24:MI:SS'), '5408', 22);
INSERT INTO TIMETABLE VALUES(38, TO_DATE('2022-10-07 00:00:00','YYYY-MM-DD HH24:MI:SS'), TO_DATE('2022-10-07 04:02:00','YYYY-MM-DD HH24:MI:SS'), TO_DATE('2022-10-07 06:40:00','YYYY-MM-DD HH24:MI:SS'), '4884', 78);
INSERT INTO TIMETABLE VALUES(39, TO_DATE('2022-10-06 00:00:00','YYYY-MM-DD HH24:MI:SS'), TO_DATE('2022-10-06 11:18:00','YYYY-MM-DD HH24:MI:SS'), TO_DATE('2022-10-06 12:43:00','YYYY-MM-DD HH24:MI:SS'), '0064', 21);
INSERT INTO TIMETABLE VALUES(40, TO_DATE('2022-10-03 00:00:00','YYYY-MM-DD HH24:MI:SS'), TO_DATE('2022-10-03 16:47:00','YYYY-MM-DD HH24:MI:SS'), TO_DATE('2022-10-03 19:43:00','YYYY-MM-DD HH24:MI:SS'), '7698', 10);
INSERT INTO TIMETABLE VALUES(41, TO_DATE('2022-10-03 00:00:00','YYYY-MM-DD HH24:MI:SS'), TO_DATE('2022-10-03 10:40:00','YYYY-MM-DD HH24:MI:SS'), TO_DATE('2022-10-03 16:34:00','YYYY-MM-DD HH24:MI:SS'), '0072', 55);
INSERT INTO TIMETABLE VALUES(42, TO_DATE('2022-10-01 00:00:00','YYYY-MM-DD HH24:MI:SS'), TO_DATE('2022-10-01 18:07:00','YYYY-MM-DD HH24:MI:SS'), TO_DATE('2022-10-01 18:16:00','YYYY-MM-DD HH24:MI:SS'), '5292', 68);
INSERT INTO TIMETABLE VALUES(43, TO_DATE('2022-10-02 00:00:00','YYYY-MM-DD HH24:MI:SS'), TO_DATE('2022-10-02 11:40:00','YYYY-MM-DD HH24:MI:SS'), TO_DATE('2022-10-02 18:16:00','YYYY-MM-DD HH24:MI:SS'), '8499', 18);
INSERT INTO TIMETABLE VALUES(44, TO_DATE('2022-10-05 00:00:00','YYYY-MM-DD HH24:MI:SS'), TO_DATE('2022-10-05 00:03:00','YYYY-MM-DD HH24:MI:SS'), TO_DATE('2022-10-05 20:48:00','YYYY-MM-DD HH24:MI:SS'), '3356', 39);
INSERT INTO TIMETABLE VALUES(45, TO_DATE('2022-10-01 00:00:00','YYYY-MM-DD HH24:MI:SS'), TO_DATE('2022-10-01 04:46:00','YYYY-MM-DD HH24:MI:SS'), TO_DATE('2022-10-01 06:18:00','YYYY-MM-DD HH24:MI:SS'), '0219', 74);
INSERT INTO TIMETABLE VALUES(46, TO_DATE('2022-10-07 00:00:00','YYYY-MM-DD HH24:MI:SS'), TO_DATE('2022-10-07 09:18:00','YYYY-MM-DD HH24:MI:SS'), TO_DATE('2022-10-07 09:23:00','YYYY-MM-DD HH24:MI:SS'), '9245', 78);
INSERT INTO TIMETABLE VALUES(47, TO_DATE('2022-10-07 00:00:00','YYYY-MM-DD HH24:MI:SS'), TO_DATE('2022-10-07 04:17:00','YYYY-MM-DD HH24:MI:SS'), TO_DATE('2022-10-07 18:50:00','YYYY-MM-DD HH24:MI:SS'), '5292', 70);
INSERT INTO TIMETABLE VALUES(48, TO_DATE('2022-10-04 00:00:00','YYYY-MM-DD HH24:MI:SS'), TO_DATE('2022-10-04 02:05:00','YYYY-MM-DD HH24:MI:SS'), TO_DATE('2022-10-04 06:25:00','YYYY-MM-DD HH24:MI:SS'), '7921', 75);
INSERT INTO TIMETABLE VALUES(49, TO_DATE('2022-10-06 00:00:00','YYYY-MM-DD HH24:MI:SS'), TO_DATE('2022-10-06 04:11:00','YYYY-MM-DD HH24:MI:SS'), TO_DATE('2022-10-06 10:04:00','YYYY-MM-DD HH24:MI:SS'), '4150', 69);
INSERT INTO TIMETABLE VALUES(50, TO_DATE('2022-10-06 00:00:00','YYYY-MM-DD HH24:MI:SS'), TO_DATE('2022-10-06 13:44:00','YYYY-MM-DD HH24:MI:SS'), TO_DATE('2022-10-06 13:04:00','YYYY-MM-DD HH24:MI:SS'), '7234', 43);
INSERT INTO TIMETABLE VALUES(51, TO_DATE('2022-10-06 00:00:00','YYYY-MM-DD HH24:MI:SS'), TO_DATE('2022-10-06 04:08:00','YYYY-MM-DD HH24:MI:SS'), TO_DATE('2022-10-06 13:07:00','YYYY-MM-DD HH24:MI:SS'), '4370', 77);
INSERT INTO TIMETABLE VALUES(52, TO_DATE('2022-10-05 00:00:00','YYYY-MM-DD HH24:MI:SS'), TO_DATE('2022-10-05 06:02:00','YYYY-MM-DD HH24:MI:SS'), TO_DATE('2022-10-05 11:18:00','YYYY-MM-DD HH24:MI:SS'), '8699', 9);
INSERT INTO TIMETABLE VALUES(53, TO_DATE('2022-10-06 00:00:00','YYYY-MM-DD HH24:MI:SS'), TO_DATE('2022-10-06 01:05:00','YYYY-MM-DD HH24:MI:SS'), TO_DATE('2022-10-06 08:51:00','YYYY-MM-DD HH24:MI:SS'), '2037', 69);
INSERT INTO TIMETABLE VALUES(54, TO_DATE('2022-10-02 00:00:00','YYYY-MM-DD HH24:MI:SS'), TO_DATE('2022-10-02 23:40:00','YYYY-MM-DD HH24:MI:SS'), TO_DATE('2022-10-02 23:50:00','YYYY-MM-DD HH24:MI:SS'), '2925', 83);
INSERT INTO TIMETABLE VALUES(55, TO_DATE('2022-10-03 00:00:00','YYYY-MM-DD HH24:MI:SS'), TO_DATE('2022-10-03 07:50:00','YYYY-MM-DD HH24:MI:SS'), TO_DATE('2022-10-03 13:56:00','YYYY-MM-DD HH24:MI:SS'), '4154', 93);
INSERT INTO TIMETABLE VALUES(56, TO_DATE('2022-10-06 00:00:00','YYYY-MM-DD HH24:MI:SS'), TO_DATE('2022-10-06 17:08:00','YYYY-MM-DD HH24:MI:SS'), TO_DATE('2022-10-06 18:21:00','YYYY-MM-DD HH24:MI:SS'), '2925', 86);
INSERT INTO TIMETABLE VALUES(57, TO_DATE('2022-10-01 00:00:00','YYYY-MM-DD HH24:MI:SS'), TO_DATE('2022-10-01 00:39:00','YYYY-MM-DD HH24:MI:SS'), TO_DATE('2022-10-01 14:55:00','YYYY-MM-DD HH24:MI:SS'), '0211', 89);
INSERT INTO TIMETABLE VALUES(58, TO_DATE('2022-10-02 00:00:00','YYYY-MM-DD HH24:MI:SS'), TO_DATE('2022-10-02 11:43:00','YYYY-MM-DD HH24:MI:SS'), TO_DATE('2022-10-02 23:49:00','YYYY-MM-DD HH24:MI:SS'), '3746', 18);
INSERT INTO TIMETABLE VALUES(59, TO_DATE('2022-10-03 00:00:00','YYYY-MM-DD HH24:MI:SS'), TO_DATE('2022-10-03 13:44:00','YYYY-MM-DD HH24:MI:SS'), TO_DATE('2022-10-03 17:15:00','YYYY-MM-DD HH24:MI:SS'), '8152', 49);
INSERT INTO TIMETABLE VALUES(60, TO_DATE('2022-10-06 00:00:00','YYYY-MM-DD HH24:MI:SS'), TO_DATE('2022-10-06 03:09:00','YYYY-MM-DD HH24:MI:SS'), TO_DATE('2022-10-06 13:57:00','YYYY-MM-DD HH24:MI:SS'), '0219', 7);
INSERT INTO TIMETABLE VALUES(61, TO_DATE('2022-10-06 00:00:00','YYYY-MM-DD HH24:MI:SS'), TO_DATE('2022-10-06 14:01:00','YYYY-MM-DD HH24:MI:SS'), TO_DATE('2022-10-06 23:03:00','YYYY-MM-DD HH24:MI:SS'), '6224', 80);
INSERT INTO TIMETABLE VALUES(62, TO_DATE('2022-10-04 00:00:00','YYYY-MM-DD HH24:MI:SS'), TO_DATE('2022-10-04 09:03:00','YYYY-MM-DD HH24:MI:SS'), TO_DATE('2022-10-04 14:00:00','YYYY-MM-DD HH24:MI:SS'), '2552', 40);
INSERT INTO TIMETABLE VALUES(63, TO_DATE('2022-10-03 00:00:00','YYYY-MM-DD HH24:MI:SS'), TO_DATE('2022-10-03 08:07:00','YYYY-MM-DD HH24:MI:SS'), TO_DATE('2022-10-03 23:35:00','YYYY-MM-DD HH24:MI:SS'), '8828', 87);
INSERT INTO TIMETABLE VALUES(64, TO_DATE('2022-10-04 00:00:00','YYYY-MM-DD HH24:MI:SS'), TO_DATE('2022-10-04 02:02:00','YYYY-MM-DD HH24:MI:SS'), TO_DATE('2022-10-04 09:44:00','YYYY-MM-DD HH24:MI:SS'), '6822', 55);
INSERT INTO TIMETABLE VALUES(65, TO_DATE('2022-10-02 00:00:00','YYYY-MM-DD HH24:MI:SS'), TO_DATE('2022-10-02 14:34:00','YYYY-MM-DD HH24:MI:SS'), TO_DATE('2022-10-02 22:32:00','YYYY-MM-DD HH24:MI:SS'), '8660', 91);
INSERT INTO TIMETABLE VALUES(66, TO_DATE('2022-10-04 00:00:00','YYYY-MM-DD HH24:MI:SS'), TO_DATE('2022-10-04 15:51:00','YYYY-MM-DD HH24:MI:SS'), TO_DATE('2022-10-04 17:58:00','YYYY-MM-DD HH24:MI:SS'), '8152', 22);
INSERT INTO TIMETABLE VALUES(67, TO_DATE('2022-10-06 00:00:00','YYYY-MM-DD HH24:MI:SS'), TO_DATE('2022-10-06 08:04:00','YYYY-MM-DD HH24:MI:SS'), TO_DATE('2022-10-06 21:59:00','YYYY-MM-DD HH24:MI:SS'), '0736', 59);
INSERT INTO TIMETABLE VALUES(68, TO_DATE('2022-10-06 00:00:00','YYYY-MM-DD HH24:MI:SS'), TO_DATE('2022-10-06 10:54:00','YYYY-MM-DD HH24:MI:SS'), TO_DATE('2022-10-06 11:20:00','YYYY-MM-DD HH24:MI:SS'), '2925', 82);
INSERT INTO TIMETABLE VALUES(69, TO_DATE('2022-10-01 00:00:00','YYYY-MM-DD HH24:MI:SS'), TO_DATE('2022-10-01 15:35:00','YYYY-MM-DD HH24:MI:SS'), TO_DATE('2022-10-01 17:31:00','YYYY-MM-DD HH24:MI:SS'), '2037', 94);
INSERT INTO TIMETABLE VALUES(70, TO_DATE('2022-10-04 00:00:00','YYYY-MM-DD HH24:MI:SS'), TO_DATE('2022-10-04 10:03:00','YYYY-MM-DD HH24:MI:SS'), TO_DATE('2022-10-04 14:18:00','YYYY-MM-DD HH24:MI:SS'), '2156', 55);
INSERT INTO TIMETABLE VALUES(71, TO_DATE('2022-10-04 00:00:00','YYYY-MM-DD HH24:MI:SS'), TO_DATE('2022-10-04 16:59:00','YYYY-MM-DD HH24:MI:SS'), TO_DATE('2022-10-04 18:05:00','YYYY-MM-DD HH24:MI:SS'), '4154', 26);
INSERT INTO TIMETABLE VALUES(72, TO_DATE('2022-10-07 00:00:00','YYYY-MM-DD HH24:MI:SS'), TO_DATE('2022-10-07 01:02:00','YYYY-MM-DD HH24:MI:SS'), TO_DATE('2022-10-07 20:41:00','YYYY-MM-DD HH24:MI:SS'), '1068', 33);
INSERT INTO TIMETABLE VALUES(73, TO_DATE('2022-10-01 00:00:00','YYYY-MM-DD HH24:MI:SS'), TO_DATE('2022-10-01 06:34:00','YYYY-MM-DD HH24:MI:SS'), TO_DATE('2022-10-01 16:20:00','YYYY-MM-DD HH24:MI:SS'), '8828', 98);
INSERT INTO TIMETABLE VALUES(74, TO_DATE('2022-10-04 00:00:00','YYYY-MM-DD HH24:MI:SS'), TO_DATE('2022-10-04 10:42:00','YYYY-MM-DD HH24:MI:SS'), TO_DATE('2022-10-04 22:04:00','YYYY-MM-DD HH24:MI:SS'), '8828', 51);
INSERT INTO TIMETABLE VALUES(75, TO_DATE('2022-10-02 00:00:00','YYYY-MM-DD HH24:MI:SS'), TO_DATE('2022-10-02 05:24:00','YYYY-MM-DD HH24:MI:SS'), TO_DATE('2022-10-02 17:44:00','YYYY-MM-DD HH24:MI:SS'), '6073', 69);
INSERT INTO TIMETABLE VALUES(76, TO_DATE('2022-10-02 00:00:00','YYYY-MM-DD HH24:MI:SS'), TO_DATE('2022-10-02 02:27:00','YYYY-MM-DD HH24:MI:SS'), TO_DATE('2022-10-02 06:18:00','YYYY-MM-DD HH24:MI:SS'), '8966', 97);
INSERT INTO TIMETABLE VALUES(77, TO_DATE('2022-10-07 00:00:00','YYYY-MM-DD HH24:MI:SS'), TO_DATE('2022-10-07 09:28:00','YYYY-MM-DD HH24:MI:SS'), TO_DATE('2022-10-07 21:57:00','YYYY-MM-DD HH24:MI:SS'), '8966', 39);
INSERT INTO TIMETABLE VALUES(78, TO_DATE('2022-10-02 00:00:00','YYYY-MM-DD HH24:MI:SS'), TO_DATE('2022-10-02 00:24:00','YYYY-MM-DD HH24:MI:SS'), TO_DATE('2022-10-02 01:55:00','YYYY-MM-DD HH24:MI:SS'), '6224', 56);
INSERT INTO TIMETABLE VALUES(79, TO_DATE('2022-10-04 00:00:00','YYYY-MM-DD HH24:MI:SS'), TO_DATE('2022-10-04 10:12:00','YYYY-MM-DD HH24:MI:SS'), TO_DATE('2022-10-04 13:32:00','YYYY-MM-DD HH24:MI:SS'), '5141', 16);
INSERT INTO TIMETABLE VALUES(80, TO_DATE('2022-10-07 00:00:00','YYYY-MM-DD HH24:MI:SS'), TO_DATE('2022-10-07 09:36:00','YYYY-MM-DD HH24:MI:SS'), TO_DATE('2022-10-07 22:37:00','YYYY-MM-DD HH24:MI:SS'), '6073', 67);
INSERT INTO TIMETABLE VALUES(81, TO_DATE('2022-10-07 00:00:00','YYYY-MM-DD HH24:MI:SS'), TO_DATE('2022-10-07 08:58:00','YYYY-MM-DD HH24:MI:SS'), TO_DATE('2022-10-07 11:42:00','YYYY-MM-DD HH24:MI:SS'), '2037', 53);
INSERT INTO TIMETABLE VALUES(82, TO_DATE('2022-10-02 00:00:00','YYYY-MM-DD HH24:MI:SS'), TO_DATE('2022-10-02 16:51:00','YYYY-MM-DD HH24:MI:SS'), TO_DATE('2022-10-02 23:43:00','YYYY-MM-DD HH24:MI:SS'), '5340', 92);
INSERT INTO TIMETABLE VALUES(83, TO_DATE('2022-10-03 00:00:00','YYYY-MM-DD HH24:MI:SS'), TO_DATE('2022-10-03 04:13:00','YYYY-MM-DD HH24:MI:SS'), TO_DATE('2022-10-03 08:50:00','YYYY-MM-DD HH24:MI:SS'), '5527', 68);
INSERT INTO TIMETABLE VALUES(84, TO_DATE('2022-10-02 00:00:00','YYYY-MM-DD HH24:MI:SS'), TO_DATE('2022-10-02 03:55:00','YYYY-MM-DD HH24:MI:SS'), TO_DATE('2022-10-02 14:35:00','YYYY-MM-DD HH24:MI:SS'), '7437', 23);
INSERT INTO TIMETABLE VALUES(85, TO_DATE('2022-10-01 00:00:00','YYYY-MM-DD HH24:MI:SS'), TO_DATE('2022-10-01 00:29:00','YYYY-MM-DD HH24:MI:SS'), TO_DATE('2022-10-01 01:59:00','YYYY-MM-DD HH24:MI:SS'), '8719', 91);
INSERT INTO TIMETABLE VALUES(86, TO_DATE('2022-10-02 00:00:00','YYYY-MM-DD HH24:MI:SS'), TO_DATE('2022-10-02 09:22:00','YYYY-MM-DD HH24:MI:SS'), TO_DATE('2022-10-02 12:15:00','YYYY-MM-DD HH24:MI:SS'), '6178', 3);
INSERT INTO TIMETABLE VALUES(87, TO_DATE('2022-10-04 00:00:00','YYYY-MM-DD HH24:MI:SS'), TO_DATE('2022-10-04 06:09:00','YYYY-MM-DD HH24:MI:SS'), TO_DATE('2022-10-04 22:34:00','YYYY-MM-DD HH24:MI:SS'), '7921', 82);
INSERT INTO TIMETABLE VALUES(88, TO_DATE('2022-10-03 00:00:00','YYYY-MM-DD HH24:MI:SS'), TO_DATE('2022-10-03 07:52:00','YYYY-MM-DD HH24:MI:SS'), TO_DATE('2022-10-03 11:59:00','YYYY-MM-DD HH24:MI:SS'), '4884', 97);
INSERT INTO TIMETABLE VALUES(89, TO_DATE('2022-10-06 00:00:00','YYYY-MM-DD HH24:MI:SS'), TO_DATE('2022-10-06 01:46:00','YYYY-MM-DD HH24:MI:SS'), TO_DATE('2022-10-06 09:24:00','YYYY-MM-DD HH24:MI:SS'), '6915', 97);
INSERT INTO TIMETABLE VALUES(90, TO_DATE('2022-10-01 00:00:00','YYYY-MM-DD HH24:MI:SS'), TO_DATE('2022-10-01 05:16:00','YYYY-MM-DD HH24:MI:SS'), TO_DATE('2022-10-01 07:46:00','YYYY-MM-DD HH24:MI:SS'), '0064', 72);
INSERT INTO TIMETABLE VALUES(91, TO_DATE('2022-10-02 00:00:00','YYYY-MM-DD HH24:MI:SS'), TO_DATE('2022-10-02 08:33:00','YYYY-MM-DD HH24:MI:SS'), TO_DATE('2022-10-02 13:06:00','YYYY-MM-DD HH24:MI:SS'), '7458', 53);
INSERT INTO TIMETABLE VALUES(92, TO_DATE('2022-10-05 00:00:00','YYYY-MM-DD HH24:MI:SS'), TO_DATE('2022-10-05 11:52:00','YYYY-MM-DD HH24:MI:SS'), TO_DATE('2022-10-05 22:06:00','YYYY-MM-DD HH24:MI:SS'), '6822', 19);
INSERT INTO TIMETABLE VALUES(93, TO_DATE('2022-10-06 00:00:00','YYYY-MM-DD HH24:MI:SS'), TO_DATE('2022-10-06 13:05:00','YYYY-MM-DD HH24:MI:SS'), TO_DATE('2022-10-06 15:28:00','YYYY-MM-DD HH24:MI:SS'), '9723', 88);
INSERT INTO TIMETABLE VALUES(94, TO_DATE('2022-10-04 00:00:00','YYYY-MM-DD HH24:MI:SS'), TO_DATE('2022-10-04 15:34:00','YYYY-MM-DD HH24:MI:SS'), TO_DATE('2022-10-04 16:18:00','YYYY-MM-DD HH24:MI:SS'), '1004', 27);
INSERT INTO TIMETABLE VALUES(95, TO_DATE('2022-10-07 00:00:00','YYYY-MM-DD HH24:MI:SS'), TO_DATE('2022-10-07 03:01:00','YYYY-MM-DD HH24:MI:SS'), TO_DATE('2022-10-07 17:56:00','YYYY-MM-DD HH24:MI:SS'), '7686', 44);
INSERT INTO TIMETABLE VALUES(96, TO_DATE('2022-10-03 00:00:00','YYYY-MM-DD HH24:MI:SS'), TO_DATE('2022-10-03 04:47:00','YYYY-MM-DD HH24:MI:SS'), TO_DATE('2022-10-03 19:49:00','YYYY-MM-DD HH24:MI:SS'), '4117', 3);
INSERT INTO TIMETABLE VALUES(97, TO_DATE('2022-10-05 00:00:00','YYYY-MM-DD HH24:MI:SS'), TO_DATE('2022-10-05 14:27:00','YYYY-MM-DD HH24:MI:SS'), TO_DATE('2022-10-05 14:31:00','YYYY-MM-DD HH24:MI:SS'), '0424', 47);
INSERT INTO TIMETABLE VALUES(98, TO_DATE('2022-10-06 00:00:00','YYYY-MM-DD HH24:MI:SS'), TO_DATE('2022-10-06 11:24:00','YYYY-MM-DD HH24:MI:SS'), TO_DATE('2022-10-06 11:20:00','YYYY-MM-DD HH24:MI:SS'), '2577', 15);
INSERT INTO TIMETABLE VALUES(99, TO_DATE('2022-10-02 00:00:00','YYYY-MM-DD HH24:MI:SS'), TO_DATE('2022-10-02 19:56:00','YYYY-MM-DD HH24:MI:SS'), TO_DATE('2022-10-02 22:53:00','YYYY-MM-DD HH24:MI:SS'), '0211', 16);
INSERT INTO TIMETABLE VALUES(100, TO_DATE('2022-10-07 00:00:00','YYYY-MM-DD HH24:MI:SS'), TO_DATE('2022-10-07 02:47:00','YYYY-MM-DD HH24:MI:SS'), TO_DATE('2022-10-07 15:20:00','YYYY-MM-DD HH24:MI:SS'), '9245', 1);
INSERT INTO TIMETABLE VALUES(101, TO_DATE('2022-10-06 00:00:00','YYYY-MM-DD HH24:MI:SS'), TO_DATE('2022-10-06 01:16:00','YYYY-MM-DD HH24:MI:SS'), TO_DATE('2022-10-06 05:33:00','YYYY-MM-DD HH24:MI:SS'), '1043', 12);
INSERT INTO TIMETABLE VALUES(102, TO_DATE('2022-10-04 00:00:00','YYYY-MM-DD HH24:MI:SS'), TO_DATE('2022-10-04 04:25:00','YYYY-MM-DD HH24:MI:SS'), TO_DATE('2022-10-04 14:46:00','YYYY-MM-DD HH24:MI:SS'), '1494', 82);
INSERT INTO TIMETABLE VALUES(103, TO_DATE('2022-10-01 00:00:00','YYYY-MM-DD HH24:MI:SS'), TO_DATE('2022-10-01 02:45:00','YYYY-MM-DD HH24:MI:SS'), TO_DATE('2022-10-01 15:15:00','YYYY-MM-DD HH24:MI:SS'), '8499', 56);
INSERT INTO TIMETABLE VALUES(104, TO_DATE('2022-10-07 00:00:00','YYYY-MM-DD HH24:MI:SS'), TO_DATE('2022-10-07 03:40:00','YYYY-MM-DD HH24:MI:SS'), TO_DATE('2022-10-07 12:37:00','YYYY-MM-DD HH24:MI:SS'), '4370', 29);
INSERT INTO TIMETABLE VALUES(105, TO_DATE('2022-10-03 00:00:00','YYYY-MM-DD HH24:MI:SS'), TO_DATE('2022-10-03 01:17:00','YYYY-MM-DD HH24:MI:SS'), TO_DATE('2022-10-03 19:23:00','YYYY-MM-DD HH24:MI:SS'), '1004', 12);
INSERT INTO TIMETABLE VALUES(106, TO_DATE('2022-10-03 00:00:00','YYYY-MM-DD HH24:MI:SS'), TO_DATE('2022-10-03 01:52:00','YYYY-MM-DD HH24:MI:SS'), TO_DATE('2022-10-03 06:11:00','YYYY-MM-DD HH24:MI:SS'), '8495', 34);
INSERT INTO TIMETABLE VALUES(107, TO_DATE('2022-10-03 00:00:00','YYYY-MM-DD HH24:MI:SS'), TO_DATE('2022-10-03 02:30:00','YYYY-MM-DD HH24:MI:SS'), TO_DATE('2022-10-03 16:34:00','YYYY-MM-DD HH24:MI:SS'), '8495', 29);
INSERT INTO TIMETABLE VALUES(108, TO_DATE('2022-10-07 00:00:00','YYYY-MM-DD HH24:MI:SS'), TO_DATE('2022-10-07 22:43:00','YYYY-MM-DD HH24:MI:SS'), TO_DATE('2022-10-07 23:53:00','YYYY-MM-DD HH24:MI:SS'), '8660', 45);
INSERT INTO TIMETABLE VALUES(109, TO_DATE('2022-10-03 00:00:00','YYYY-MM-DD HH24:MI:SS'), TO_DATE('2022-10-03 10:17:00','YYYY-MM-DD HH24:MI:SS'), TO_DATE('2022-10-03 16:17:00','YYYY-MM-DD HH24:MI:SS'), '6761', 3);
INSERT INTO TIMETABLE VALUES(110, TO_DATE('2022-10-02 00:00:00','YYYY-MM-DD HH24:MI:SS'), TO_DATE('2022-10-02 07:56:00','YYYY-MM-DD HH24:MI:SS'), TO_DATE('2022-10-02 13:56:00','YYYY-MM-DD HH24:MI:SS'), '0727', 71);
INSERT INTO TIMETABLE VALUES(111, TO_DATE('2022-10-07 00:00:00','YYYY-MM-DD HH24:MI:SS'), TO_DATE('2022-10-07 04:18:00','YYYY-MM-DD HH24:MI:SS'), TO_DATE('2022-10-07 09:10:00','YYYY-MM-DD HH24:MI:SS'), '5405', 27);
INSERT INTO TIMETABLE VALUES(112, TO_DATE('2022-10-01 00:00:00','YYYY-MM-DD HH24:MI:SS'), TO_DATE('2022-10-01 07:27:00','YYYY-MM-DD HH24:MI:SS'), TO_DATE('2022-10-01 23:02:00','YYYY-MM-DD HH24:MI:SS'), '7698', 41);
INSERT INTO TIMETABLE VALUES(113, TO_DATE('2022-10-07 00:00:00','YYYY-MM-DD HH24:MI:SS'), TO_DATE('2022-10-07 09:49:00','YYYY-MM-DD HH24:MI:SS'), TO_DATE('2022-10-07 11:15:00','YYYY-MM-DD HH24:MI:SS'), '5004', 21);
INSERT INTO TIMETABLE VALUES(114, TO_DATE('2022-10-04 00:00:00','YYYY-MM-DD HH24:MI:SS'), TO_DATE('2022-10-04 06:38:00','YYYY-MM-DD HH24:MI:SS'), TO_DATE('2022-10-04 21:21:00','YYYY-MM-DD HH24:MI:SS'), '2037', 61);
INSERT INTO TIMETABLE VALUES(115, TO_DATE('2022-10-01 00:00:00','YYYY-MM-DD HH24:MI:SS'), TO_DATE('2022-10-01 00:41:00','YYYY-MM-DD HH24:MI:SS'), TO_DATE('2022-10-01 06:11:00','YYYY-MM-DD HH24:MI:SS'), '4201', 46);
INSERT INTO TIMETABLE VALUES(116, TO_DATE('2022-10-01 00:00:00','YYYY-MM-DD HH24:MI:SS'), TO_DATE('2022-10-01 11:42:00','YYYY-MM-DD HH24:MI:SS'), TO_DATE('2022-10-01 16:13:00','YYYY-MM-DD HH24:MI:SS'), '8799', 19);
INSERT INTO TIMETABLE VALUES(117, TO_DATE('2022-10-07 00:00:00','YYYY-MM-DD HH24:MI:SS'), TO_DATE('2022-10-07 07:44:00','YYYY-MM-DD HH24:MI:SS'), TO_DATE('2022-10-07 17:22:00','YYYY-MM-DD HH24:MI:SS'), '5680', 10);
INSERT INTO TIMETABLE VALUES(118, TO_DATE('2022-10-06 00:00:00','YYYY-MM-DD HH24:MI:SS'), TO_DATE('2022-10-06 05:55:00','YYYY-MM-DD HH24:MI:SS'), TO_DATE('2022-10-06 15:04:00','YYYY-MM-DD HH24:MI:SS'), '8147', 86);
INSERT INTO TIMETABLE VALUES(119, TO_DATE('2022-10-02 00:00:00','YYYY-MM-DD HH24:MI:SS'), TO_DATE('2022-10-02 08:07:00','YYYY-MM-DD HH24:MI:SS'), TO_DATE('2022-10-02 16:40:00','YYYY-MM-DD HH24:MI:SS'), '7921', 69);
INSERT INTO TIMETABLE VALUES(120, TO_DATE('2022-10-01 00:00:00','YYYY-MM-DD HH24:MI:SS'), TO_DATE('2022-10-01 00:52:00','YYYY-MM-DD HH24:MI:SS'), TO_DATE('2022-10-01 05:19:00','YYYY-MM-DD HH24:MI:SS'), '8828', 41);
INSERT INTO TIMETABLE VALUES(121, TO_DATE('2022-10-04 00:00:00','YYYY-MM-DD HH24:MI:SS'), TO_DATE('2022-10-04 00:17:00','YYYY-MM-DD HH24:MI:SS'), TO_DATE('2022-10-04 00:35:00','YYYY-MM-DD HH24:MI:SS'), '5292', 7);
INSERT INTO TIMETABLE VALUES(122, TO_DATE('2022-10-07 00:00:00','YYYY-MM-DD HH24:MI:SS'), TO_DATE('2022-10-07 11:30:00','YYYY-MM-DD HH24:MI:SS'), TO_DATE('2022-10-07 11:07:00','YYYY-MM-DD HH24:MI:SS'), '9245', 33);
INSERT INTO TIMETABLE VALUES(123, TO_DATE('2022-10-02 00:00:00','YYYY-MM-DD HH24:MI:SS'), TO_DATE('2022-10-02 03:31:00','YYYY-MM-DD HH24:MI:SS'), TO_DATE('2022-10-02 08:03:00','YYYY-MM-DD HH24:MI:SS'), '1494', 77);
INSERT INTO TIMETABLE VALUES(124, TO_DATE('2022-10-02 00:00:00','YYYY-MM-DD HH24:MI:SS'), TO_DATE('2022-10-02 05:17:00','YYYY-MM-DD HH24:MI:SS'), TO_DATE('2022-10-02 11:18:00','YYYY-MM-DD HH24:MI:SS'), '2156', 13);
INSERT INTO TIMETABLE VALUES(125, TO_DATE('2022-10-02 00:00:00','YYYY-MM-DD HH24:MI:SS'), TO_DATE('2022-10-02 10:38:00','YYYY-MM-DD HH24:MI:SS'), TO_DATE('2022-10-02 19:12:00','YYYY-MM-DD HH24:MI:SS'), '3746', 12);
INSERT INTO TIMETABLE VALUES(126, TO_DATE('2022-10-02 00:00:00','YYYY-MM-DD HH24:MI:SS'), TO_DATE('2022-10-02 08:05:00','YYYY-MM-DD HH24:MI:SS'), TO_DATE('2022-10-02 16:30:00','YYYY-MM-DD HH24:MI:SS'), '1731', 82);
INSERT INTO TIMETABLE VALUES(127, TO_DATE('2022-10-06 00:00:00','YYYY-MM-DD HH24:MI:SS'), TO_DATE('2022-10-06 12:06:00','YYYY-MM-DD HH24:MI:SS'), TO_DATE('2022-10-06 20:45:00','YYYY-MM-DD HH24:MI:SS'), '2160', 14);
INSERT INTO TIMETABLE VALUES(128, TO_DATE('2022-10-04 00:00:00','YYYY-MM-DD HH24:MI:SS'), TO_DATE('2022-10-04 01:02:00','YYYY-MM-DD HH24:MI:SS'), TO_DATE('2022-10-04 11:57:00','YYYY-MM-DD HH24:MI:SS'), '7376', 92);
INSERT INTO TIMETABLE VALUES(129, TO_DATE('2022-10-03 00:00:00','YYYY-MM-DD HH24:MI:SS'), TO_DATE('2022-10-03 07:37:00','YYYY-MM-DD HH24:MI:SS'), TO_DATE('2022-10-03 18:26:00','YYYY-MM-DD HH24:MI:SS'), '6218', 56);
INSERT INTO TIMETABLE VALUES(130, TO_DATE('2022-10-03 00:00:00','YYYY-MM-DD HH24:MI:SS'), TO_DATE('2022-10-03 07:47:00','YYYY-MM-DD HH24:MI:SS'), TO_DATE('2022-10-03 19:38:00','YYYY-MM-DD HH24:MI:SS'), '2037', 2);
INSERT INTO TIMETABLE VALUES(131, TO_DATE('2022-10-04 00:00:00','YYYY-MM-DD HH24:MI:SS'), TO_DATE('2022-10-04 04:43:00','YYYY-MM-DD HH24:MI:SS'), TO_DATE('2022-10-04 06:04:00','YYYY-MM-DD HH24:MI:SS'), '2493', 88);
INSERT INTO TIMETABLE VALUES(132, TO_DATE('2022-10-04 00:00:00','YYYY-MM-DD HH24:MI:SS'), TO_DATE('2022-10-04 02:49:00','YYYY-MM-DD HH24:MI:SS'), TO_DATE('2022-10-04 22:13:00','YYYY-MM-DD HH24:MI:SS'), '8699', 79);
INSERT INTO TIMETABLE VALUES(133, TO_DATE('2022-10-02 00:00:00','YYYY-MM-DD HH24:MI:SS'), TO_DATE('2022-10-02 13:20:00','YYYY-MM-DD HH24:MI:SS'), TO_DATE('2022-10-02 17:51:00','YYYY-MM-DD HH24:MI:SS'), '9801', 78);
INSERT INTO TIMETABLE VALUES(134, TO_DATE('2022-10-05 00:00:00','YYYY-MM-DD HH24:MI:SS'), TO_DATE('2022-10-05 13:23:00','YYYY-MM-DD HH24:MI:SS'), TO_DATE('2022-10-05 19:14:00','YYYY-MM-DD HH24:MI:SS'), '6073', 79);
INSERT INTO TIMETABLE VALUES(135, TO_DATE('2022-10-06 00:00:00','YYYY-MM-DD HH24:MI:SS'), TO_DATE('2022-10-06 06:53:00','YYYY-MM-DD HH24:MI:SS'), TO_DATE('2022-10-06 17:32:00','YYYY-MM-DD HH24:MI:SS'), '7437', 9);
INSERT INTO TIMETABLE VALUES(136, TO_DATE('2022-10-02 00:00:00','YYYY-MM-DD HH24:MI:SS'), TO_DATE('2022-10-02 00:43:00','YYYY-MM-DD HH24:MI:SS'), TO_DATE('2022-10-02 18:24:00','YYYY-MM-DD HH24:MI:SS'), '8147', 70);
INSERT INTO TIMETABLE VALUES(137, TO_DATE('2022-10-04 00:00:00','YYYY-MM-DD HH24:MI:SS'), TO_DATE('2022-10-04 01:32:00','YYYY-MM-DD HH24:MI:SS'), TO_DATE('2022-10-04 21:45:00','YYYY-MM-DD HH24:MI:SS'), '7458', 29);
INSERT INTO TIMETABLE VALUES(138, TO_DATE('2022-10-03 00:00:00','YYYY-MM-DD HH24:MI:SS'), TO_DATE('2022-10-03 00:49:00','YYYY-MM-DD HH24:MI:SS'), TO_DATE('2022-10-03 07:12:00','YYYY-MM-DD HH24:MI:SS'), '0211', 24);
INSERT INTO TIMETABLE VALUES(139, TO_DATE('2022-10-03 00:00:00','YYYY-MM-DD HH24:MI:SS'), TO_DATE('2022-10-03 04:37:00','YYYY-MM-DD HH24:MI:SS'), TO_DATE('2022-10-03 07:39:00','YYYY-MM-DD HH24:MI:SS'), '6308', 74);
INSERT INTO TIMETABLE VALUES(140, TO_DATE('2022-10-01 00:00:00','YYYY-MM-DD HH24:MI:SS'), TO_DATE('2022-10-01 12:52:00','YYYY-MM-DD HH24:MI:SS'), TO_DATE('2022-10-01 13:52:00','YYYY-MM-DD HH24:MI:SS'), '0072', 47);
INSERT INTO TIMETABLE VALUES(141, TO_DATE('2022-10-03 00:00:00','YYYY-MM-DD HH24:MI:SS'), TO_DATE('2022-10-03 01:54:00','YYYY-MM-DD HH24:MI:SS'), TO_DATE('2022-10-03 05:57:00','YYYY-MM-DD HH24:MI:SS'), '1043', 24);
INSERT INTO TIMETABLE VALUES(142, TO_DATE('2022-10-07 00:00:00','YYYY-MM-DD HH24:MI:SS'), TO_DATE('2022-10-07 02:16:00','YYYY-MM-DD HH24:MI:SS'), TO_DATE('2022-10-07 06:42:00','YYYY-MM-DD HH24:MI:SS'), '0064', 93);
INSERT INTO TIMETABLE VALUES(143, TO_DATE('2022-10-04 00:00:00','YYYY-MM-DD HH24:MI:SS'), TO_DATE('2022-10-04 03:45:00','YYYY-MM-DD HH24:MI:SS'), TO_DATE('2022-10-04 17:47:00','YYYY-MM-DD HH24:MI:SS'), '6473', 34);
INSERT INTO TIMETABLE VALUES(144, TO_DATE('2022-10-06 00:00:00','YYYY-MM-DD HH24:MI:SS'), TO_DATE('2022-10-06 01:40:00','YYYY-MM-DD HH24:MI:SS'), TO_DATE('2022-10-06 11:36:00','YYYY-MM-DD HH24:MI:SS'), '0736', 2);
INSERT INTO TIMETABLE VALUES(145, TO_DATE('2022-10-04 00:00:00','YYYY-MM-DD HH24:MI:SS'), TO_DATE('2022-10-04 03:10:00','YYYY-MM-DD HH24:MI:SS'), TO_DATE('2022-10-04 17:57:00','YYYY-MM-DD HH24:MI:SS'), '1731', 36);
INSERT INTO TIMETABLE VALUES(146, TO_DATE('2022-10-05 00:00:00','YYYY-MM-DD HH24:MI:SS'), TO_DATE('2022-10-05 13:58:00','YYYY-MM-DD HH24:MI:SS'), TO_DATE('2022-10-05 22:28:00','YYYY-MM-DD HH24:MI:SS'), '1341', 53);
INSERT INTO TIMETABLE VALUES(147, TO_DATE('2022-10-05 00:00:00','YYYY-MM-DD HH24:MI:SS'), TO_DATE('2022-10-05 05:42:00','YYYY-MM-DD HH24:MI:SS'), TO_DATE('2022-10-05 10:04:00','YYYY-MM-DD HH24:MI:SS'), '3746', 93);
INSERT INTO TIMETABLE VALUES(148, TO_DATE('2022-10-07 00:00:00','YYYY-MM-DD HH24:MI:SS'), TO_DATE('2022-10-07 07:53:00','YYYY-MM-DD HH24:MI:SS'), TO_DATE('2022-10-07 16:29:00','YYYY-MM-DD HH24:MI:SS'), '5597', 40);
INSERT INTO TIMETABLE VALUES(149, TO_DATE('2022-10-06 00:00:00','YYYY-MM-DD HH24:MI:SS'), TO_DATE('2022-10-06 13:40:00','YYYY-MM-DD HH24:MI:SS'), TO_DATE('2022-10-06 18:28:00','YYYY-MM-DD HH24:MI:SS'), '7437', 88);
INSERT INTO TIMETABLE VALUES(150, TO_DATE('2022-10-02 00:00:00','YYYY-MM-DD HH24:MI:SS'), TO_DATE('2022-10-02 03:35:00','YYYY-MM-DD HH24:MI:SS'), TO_DATE('2022-10-02 04:30:00','YYYY-MM-DD HH24:MI:SS'), '4370', 23);
INSERT INTO TIMETABLE VALUES(151, TO_DATE('2022-10-05 00:00:00','YYYY-MM-DD HH24:MI:SS'), TO_DATE('2022-10-05 03:42:00','YYYY-MM-DD HH24:MI:SS'), TO_DATE('2022-10-05 23:32:00','YYYY-MM-DD HH24:MI:SS'), '2493', 5);
INSERT INTO TIMETABLE VALUES(152, TO_DATE('2022-10-06 00:00:00','YYYY-MM-DD HH24:MI:SS'), TO_DATE('2022-10-06 19:46:00','YYYY-MM-DD HH24:MI:SS'), TO_DATE('2022-10-06 20:37:00','YYYY-MM-DD HH24:MI:SS'), '7437', 37);
INSERT INTO TIMETABLE VALUES(153, TO_DATE('2022-10-05 00:00:00','YYYY-MM-DD HH24:MI:SS'), TO_DATE('2022-10-05 01:03:00','YYYY-MM-DD HH24:MI:SS'), TO_DATE('2022-10-05 09:37:00','YYYY-MM-DD HH24:MI:SS'), '1855', 67);
INSERT INTO TIMETABLE VALUES(154, TO_DATE('2022-10-06 00:00:00','YYYY-MM-DD HH24:MI:SS'), TO_DATE('2022-10-06 14:53:00','YYYY-MM-DD HH24:MI:SS'), TO_DATE('2022-10-06 21:32:00','YYYY-MM-DD HH24:MI:SS'), '5124', 9);
INSERT INTO TIMETABLE VALUES(155, TO_DATE('2022-10-03 00:00:00','YYYY-MM-DD HH24:MI:SS'), TO_DATE('2022-10-03 14:49:00','YYYY-MM-DD HH24:MI:SS'), TO_DATE('2022-10-03 18:32:00','YYYY-MM-DD HH24:MI:SS'), '8966', 0);
INSERT INTO TIMETABLE VALUES(156, TO_DATE('2022-10-05 00:00:00','YYYY-MM-DD HH24:MI:SS'), TO_DATE('2022-10-05 05:36:00','YYYY-MM-DD HH24:MI:SS'), TO_DATE('2022-10-05 11:53:00','YYYY-MM-DD HH24:MI:SS'), '2156', 52);
INSERT INTO TIMETABLE VALUES(157, TO_DATE('2022-10-07 00:00:00','YYYY-MM-DD HH24:MI:SS'), TO_DATE('2022-10-07 16:04:00','YYYY-MM-DD HH24:MI:SS'), TO_DATE('2022-10-07 21:49:00','YYYY-MM-DD HH24:MI:SS'), '2925', 31);
INSERT INTO TIMETABLE VALUES(158, TO_DATE('2022-10-04 00:00:00','YYYY-MM-DD HH24:MI:SS'), TO_DATE('2022-10-04 07:32:00','YYYY-MM-DD HH24:MI:SS'), TO_DATE('2022-10-04 11:05:00','YYYY-MM-DD HH24:MI:SS'), '7458', 63);
INSERT INTO TIMETABLE VALUES(159, TO_DATE('2022-10-02 00:00:00','YYYY-MM-DD HH24:MI:SS'), TO_DATE('2022-10-02 09:13:00','YYYY-MM-DD HH24:MI:SS'), TO_DATE('2022-10-02 14:18:00','YYYY-MM-DD HH24:MI:SS'), '2903', 51);
INSERT INTO TIMETABLE VALUES(160, TO_DATE('2022-10-01 00:00:00','YYYY-MM-DD HH24:MI:SS'), TO_DATE('2022-10-01 08:53:00','YYYY-MM-DD HH24:MI:SS'), TO_DATE('2022-10-01 08:14:00','YYYY-MM-DD HH24:MI:SS'), '5340', 45);
INSERT INTO TIMETABLE VALUES(161, TO_DATE('2022-10-03 00:00:00','YYYY-MM-DD HH24:MI:SS'), TO_DATE('2022-10-03 17:24:00','YYYY-MM-DD HH24:MI:SS'), TO_DATE('2022-10-03 19:47:00','YYYY-MM-DD HH24:MI:SS'), '1494', 49);
INSERT INTO TIMETABLE VALUES(162, TO_DATE('2022-10-05 00:00:00','YYYY-MM-DD HH24:MI:SS'), TO_DATE('2022-10-05 12:25:00','YYYY-MM-DD HH24:MI:SS'), TO_DATE('2022-10-05 15:48:00','YYYY-MM-DD HH24:MI:SS'), '8719', 30);
INSERT INTO TIMETABLE VALUES(163, TO_DATE('2022-10-05 00:00:00','YYYY-MM-DD HH24:MI:SS'), TO_DATE('2022-10-05 06:08:00','YYYY-MM-DD HH24:MI:SS'), TO_DATE('2022-10-05 08:36:00','YYYY-MM-DD HH24:MI:SS'), '2577', 68);
INSERT INTO TIMETABLE VALUES(164, TO_DATE('2022-10-06 00:00:00','YYYY-MM-DD HH24:MI:SS'), TO_DATE('2022-10-06 01:10:00','YYYY-MM-DD HH24:MI:SS'), TO_DATE('2022-10-06 10:33:00','YYYY-MM-DD HH24:MI:SS'), '2921', 79);
INSERT INTO TIMETABLE VALUES(165, TO_DATE('2022-10-05 00:00:00','YYYY-MM-DD HH24:MI:SS'), TO_DATE('2022-10-05 04:27:00','YYYY-MM-DD HH24:MI:SS'), TO_DATE('2022-10-05 10:27:00','YYYY-MM-DD HH24:MI:SS'), '7258', 27);
INSERT INTO TIMETABLE VALUES(166, TO_DATE('2022-10-03 00:00:00','YYYY-MM-DD HH24:MI:SS'), TO_DATE('2022-10-03 05:49:00','YYYY-MM-DD HH24:MI:SS'), TO_DATE('2022-10-03 05:47:00','YYYY-MM-DD HH24:MI:SS'), '0424', 64);
INSERT INTO TIMETABLE VALUES(167, TO_DATE('2022-10-07 00:00:00','YYYY-MM-DD HH24:MI:SS'), TO_DATE('2022-10-07 00:23:00','YYYY-MM-DD HH24:MI:SS'), TO_DATE('2022-10-07 22:44:00','YYYY-MM-DD HH24:MI:SS'), '0424', 52);
INSERT INTO TIMETABLE VALUES(168, TO_DATE('2022-10-05 00:00:00','YYYY-MM-DD HH24:MI:SS'), TO_DATE('2022-10-05 01:23:00','YYYY-MM-DD HH24:MI:SS'), TO_DATE('2022-10-05 17:13:00','YYYY-MM-DD HH24:MI:SS'), '2037', 65);
INSERT INTO TIMETABLE VALUES(169, TO_DATE('2022-10-03 00:00:00','YYYY-MM-DD HH24:MI:SS'), TO_DATE('2022-10-03 19:26:00','YYYY-MM-DD HH24:MI:SS'), TO_DATE('2022-10-03 22:37:00','YYYY-MM-DD HH24:MI:SS'), '1505', 13);
INSERT INTO TIMETABLE VALUES(170, TO_DATE('2022-10-06 00:00:00','YYYY-MM-DD HH24:MI:SS'), TO_DATE('2022-10-06 00:31:00','YYYY-MM-DD HH24:MI:SS'), TO_DATE('2022-10-06 10:00:00','YYYY-MM-DD HH24:MI:SS'), '0211', 14);
INSERT INTO TIMETABLE VALUES(171, TO_DATE('2022-10-06 00:00:00','YYYY-MM-DD HH24:MI:SS'), TO_DATE('2022-10-06 06:42:00','YYYY-MM-DD HH24:MI:SS'), TO_DATE('2022-10-06 20:28:00','YYYY-MM-DD HH24:MI:SS'), '6822', 29);
INSERT INTO TIMETABLE VALUES(172, TO_DATE('2022-10-02 00:00:00','YYYY-MM-DD HH24:MI:SS'), TO_DATE('2022-10-02 05:53:00','YYYY-MM-DD HH24:MI:SS'), TO_DATE('2022-10-02 14:16:00','YYYY-MM-DD HH24:MI:SS'), '1315', 99);
INSERT INTO TIMETABLE VALUES(173, TO_DATE('2022-10-06 00:00:00','YYYY-MM-DD HH24:MI:SS'), TO_DATE('2022-10-06 01:58:00','YYYY-MM-DD HH24:MI:SS'), TO_DATE('2022-10-06 03:29:00','YYYY-MM-DD HH24:MI:SS'), '3356', 42);
INSERT INTO TIMETABLE VALUES(174, TO_DATE('2022-10-02 00:00:00','YYYY-MM-DD HH24:MI:SS'), TO_DATE('2022-10-02 00:42:00','YYYY-MM-DD HH24:MI:SS'), TO_DATE('2022-10-02 16:16:00','YYYY-MM-DD HH24:MI:SS'), '0354', 54);
INSERT INTO TIMETABLE VALUES(175, TO_DATE('2022-10-03 00:00:00','YYYY-MM-DD HH24:MI:SS'), TO_DATE('2022-10-03 08:22:00','YYYY-MM-DD HH24:MI:SS'), TO_DATE('2022-10-03 19:51:00','YYYY-MM-DD HH24:MI:SS'), '2577', 62);
INSERT INTO TIMETABLE VALUES(176, TO_DATE('2022-10-07 00:00:00','YYYY-MM-DD HH24:MI:SS'), TO_DATE('2022-10-07 17:36:00','YYYY-MM-DD HH24:MI:SS'), TO_DATE('2022-10-07 19:12:00','YYYY-MM-DD HH24:MI:SS'), '3356', 7);
INSERT INTO TIMETABLE VALUES(177, TO_DATE('2022-10-06 00:00:00','YYYY-MM-DD HH24:MI:SS'), TO_DATE('2022-10-06 02:33:00','YYYY-MM-DD HH24:MI:SS'), TO_DATE('2022-10-06 08:40:00','YYYY-MM-DD HH24:MI:SS'), '7698', 5);
INSERT INTO TIMETABLE VALUES(178, TO_DATE('2022-10-01 00:00:00','YYYY-MM-DD HH24:MI:SS'), TO_DATE('2022-10-01 01:57:00','YYYY-MM-DD HH24:MI:SS'), TO_DATE('2022-10-01 18:58:00','YYYY-MM-DD HH24:MI:SS'), '8152', 31);
INSERT INTO TIMETABLE VALUES(179, TO_DATE('2022-10-03 00:00:00','YYYY-MM-DD HH24:MI:SS'), TO_DATE('2022-10-03 08:35:00','YYYY-MM-DD HH24:MI:SS'), TO_DATE('2022-10-03 19:08:00','YYYY-MM-DD HH24:MI:SS'), '0727', 66);
INSERT INTO TIMETABLE VALUES(180, TO_DATE('2022-10-04 00:00:00','YYYY-MM-DD HH24:MI:SS'), TO_DATE('2022-10-04 03:23:00','YYYY-MM-DD HH24:MI:SS'), TO_DATE('2022-10-04 14:48:00','YYYY-MM-DD HH24:MI:SS'), '1731', 40);
INSERT INTO TIMETABLE VALUES(181, TO_DATE('2022-10-03 00:00:00','YYYY-MM-DD HH24:MI:SS'), TO_DATE('2022-10-03 02:20:00','YYYY-MM-DD HH24:MI:SS'), TO_DATE('2022-10-03 17:14:00','YYYY-MM-DD HH24:MI:SS'), '7234', 31);
INSERT INTO TIMETABLE VALUES(182, TO_DATE('2022-10-02 00:00:00','YYYY-MM-DD HH24:MI:SS'), TO_DATE('2022-10-02 06:28:00','YYYY-MM-DD HH24:MI:SS'), TO_DATE('2022-10-02 20:48:00','YYYY-MM-DD HH24:MI:SS'), '0064', 62);
INSERT INTO TIMETABLE VALUES(183, TO_DATE('2022-10-01 00:00:00','YYYY-MM-DD HH24:MI:SS'), TO_DATE('2022-10-01 06:55:00','YYYY-MM-DD HH24:MI:SS'), TO_DATE('2022-10-01 12:49:00','YYYY-MM-DD HH24:MI:SS'), '1731', 36);
INSERT INTO TIMETABLE VALUES(184, TO_DATE('2022-10-05 00:00:00','YYYY-MM-DD HH24:MI:SS'), TO_DATE('2022-10-05 11:50:00','YYYY-MM-DD HH24:MI:SS'), TO_DATE('2022-10-05 23:23:00','YYYY-MM-DD HH24:MI:SS'), '1043', 32);
INSERT INTO TIMETABLE VALUES(185, TO_DATE('2022-10-01 00:00:00','YYYY-MM-DD HH24:MI:SS'), TO_DATE('2022-10-01 00:47:00','YYYY-MM-DD HH24:MI:SS'), TO_DATE('2022-10-01 18:11:00','YYYY-MM-DD HH24:MI:SS'), '5292', 15);
INSERT INTO TIMETABLE VALUES(186, TO_DATE('2022-10-07 00:00:00','YYYY-MM-DD HH24:MI:SS'), TO_DATE('2022-10-07 03:24:00','YYYY-MM-DD HH24:MI:SS'), TO_DATE('2022-10-07 08:12:00','YYYY-MM-DD HH24:MI:SS'), '8147', 47);
INSERT INTO TIMETABLE VALUES(187, TO_DATE('2022-10-07 00:00:00','YYYY-MM-DD HH24:MI:SS'), TO_DATE('2022-10-07 12:49:00','YYYY-MM-DD HH24:MI:SS'), TO_DATE('2022-10-07 14:04:00','YYYY-MM-DD HH24:MI:SS'), '7376', 57);
INSERT INTO TIMETABLE VALUES(188, TO_DATE('2022-10-05 00:00:00','YYYY-MM-DD HH24:MI:SS'), TO_DATE('2022-10-05 05:59:00','YYYY-MM-DD HH24:MI:SS'), TO_DATE('2022-10-05 09:44:00','YYYY-MM-DD HH24:MI:SS'), '5639', 53);
INSERT INTO TIMETABLE VALUES(189, TO_DATE('2022-10-06 00:00:00','YYYY-MM-DD HH24:MI:SS'), TO_DATE('2022-10-06 04:41:00','YYYY-MM-DD HH24:MI:SS'), TO_DATE('2022-10-06 09:30:00','YYYY-MM-DD HH24:MI:SS'), '5639', 9);
INSERT INTO TIMETABLE VALUES(190, TO_DATE('2022-10-06 00:00:00','YYYY-MM-DD HH24:MI:SS'), TO_DATE('2022-10-06 03:43:00','YYYY-MM-DD HH24:MI:SS'), TO_DATE('2022-10-06 17:39:00','YYYY-MM-DD HH24:MI:SS'), '2493', 75);
INSERT INTO TIMETABLE VALUES(191, TO_DATE('2022-10-05 00:00:00','YYYY-MM-DD HH24:MI:SS'), TO_DATE('2022-10-05 10:15:00','YYYY-MM-DD HH24:MI:SS'), TO_DATE('2022-10-05 17:23:00','YYYY-MM-DD HH24:MI:SS'), '8828', 72);
INSERT INTO TIMETABLE VALUES(192, TO_DATE('2022-10-02 00:00:00','YYYY-MM-DD HH24:MI:SS'), TO_DATE('2022-10-02 05:28:00','YYYY-MM-DD HH24:MI:SS'), TO_DATE('2022-10-02 21:00:00','YYYY-MM-DD HH24:MI:SS'), '5141', 68);
INSERT INTO TIMETABLE VALUES(193, TO_DATE('2022-10-01 00:00:00','YYYY-MM-DD HH24:MI:SS'), TO_DATE('2022-10-01 13:31:00','YYYY-MM-DD HH24:MI:SS'), TO_DATE('2022-10-01 21:59:00','YYYY-MM-DD HH24:MI:SS'), '1507', 80);
INSERT INTO TIMETABLE VALUES(194, TO_DATE('2022-10-03 00:00:00','YYYY-MM-DD HH24:MI:SS'), TO_DATE('2022-10-03 08:25:00','YYYY-MM-DD HH24:MI:SS'), TO_DATE('2022-10-03 12:27:00','YYYY-MM-DD HH24:MI:SS'), '8499', 15);
INSERT INTO TIMETABLE VALUES(195, TO_DATE('2022-10-03 00:00:00','YYYY-MM-DD HH24:MI:SS'), TO_DATE('2022-10-03 10:49:00','YYYY-MM-DD HH24:MI:SS'), TO_DATE('2022-10-03 22:02:00','YYYY-MM-DD HH24:MI:SS'), '4201', 86);
INSERT INTO TIMETABLE VALUES(196, TO_DATE('2022-10-06 00:00:00','YYYY-MM-DD HH24:MI:SS'), TO_DATE('2022-10-06 06:07:00','YYYY-MM-DD HH24:MI:SS'), TO_DATE('2022-10-06 21:10:00','YYYY-MM-DD HH24:MI:SS'), '7686', 45);
INSERT INTO TIMETABLE VALUES(197, TO_DATE('2022-10-03 00:00:00','YYYY-MM-DD HH24:MI:SS'), TO_DATE('2022-10-03 05:11:00','YYYY-MM-DD HH24:MI:SS'), TO_DATE('2022-10-03 18:31:00','YYYY-MM-DD HH24:MI:SS'), '4884', 18);
INSERT INTO TIMETABLE VALUES(198, TO_DATE('2022-10-05 00:00:00','YYYY-MM-DD HH24:MI:SS'), TO_DATE('2022-10-05 08:22:00','YYYY-MM-DD HH24:MI:SS'), TO_DATE('2022-10-05 11:13:00','YYYY-MM-DD HH24:MI:SS'), '5408', 55);
INSERT INTO TIMETABLE VALUES(199, TO_DATE('2022-10-05 00:00:00','YYYY-MM-DD HH24:MI:SS'), TO_DATE('2022-10-05 13:22:00','YYYY-MM-DD HH24:MI:SS'), TO_DATE('2022-10-05 18:06:00','YYYY-MM-DD HH24:MI:SS'), '5087', 72);
INSERT INTO TIMETABLE VALUES(200, TO_DATE('2022-10-01 00:00:00','YYYY-MM-DD HH24:MI:SS'), TO_DATE('2022-10-01 06:05:00','YYYY-MM-DD HH24:MI:SS'), TO_DATE('2022-10-01 09:21:00','YYYY-MM-DD HH24:MI:SS'), '1505', 1);
INSERT INTO TIMETABLE VALUES(201, TO_DATE('2022-10-05 00:00:00','YYYY-MM-DD HH24:MI:SS'), TO_DATE('2022-10-05 07:04:00','YYYY-MM-DD HH24:MI:SS'), TO_DATE('2022-10-05 09:51:00','YYYY-MM-DD HH24:MI:SS'), '6308', 46);
INSERT INTO TIMETABLE VALUES(202, TO_DATE('2022-10-07 00:00:00','YYYY-MM-DD HH24:MI:SS'), TO_DATE('2022-10-07 03:55:00','YYYY-MM-DD HH24:MI:SS'), TO_DATE('2022-10-07 17:38:00','YYYY-MM-DD HH24:MI:SS'), '9723', 17);
INSERT INTO TIMETABLE VALUES(203, TO_DATE('2022-10-01 00:00:00','YYYY-MM-DD HH24:MI:SS'), TO_DATE('2022-10-01 13:27:00','YYYY-MM-DD HH24:MI:SS'), TO_DATE('2022-10-01 14:57:00','YYYY-MM-DD HH24:MI:SS'), '5124', 59);
INSERT INTO TIMETABLE VALUES(204, TO_DATE('2022-10-04 00:00:00','YYYY-MM-DD HH24:MI:SS'), TO_DATE('2022-10-04 05:10:00','YYYY-MM-DD HH24:MI:SS'), TO_DATE('2022-10-04 22:37:00','YYYY-MM-DD HH24:MI:SS'), '1703', 71);
INSERT INTO TIMETABLE VALUES(205, TO_DATE('2022-10-02 00:00:00','YYYY-MM-DD HH24:MI:SS'), TO_DATE('2022-10-02 07:38:00','YYYY-MM-DD HH24:MI:SS'), TO_DATE('2022-10-02 19:25:00','YYYY-MM-DD HH24:MI:SS'), '0211', 93);
INSERT INTO TIMETABLE VALUES(206, TO_DATE('2022-10-01 00:00:00','YYYY-MM-DD HH24:MI:SS'), TO_DATE('2022-10-01 15:51:00','YYYY-MM-DD HH24:MI:SS'), TO_DATE('2022-10-01 23:04:00','YYYY-MM-DD HH24:MI:SS'), '1505', 71);
INSERT INTO TIMETABLE VALUES(207, TO_DATE('2022-10-06 00:00:00','YYYY-MM-DD HH24:MI:SS'), TO_DATE('2022-10-06 15:25:00','YYYY-MM-DD HH24:MI:SS'), TO_DATE('2022-10-06 20:07:00','YYYY-MM-DD HH24:MI:SS'), '2037', 92);
INSERT INTO TIMETABLE VALUES(208, TO_DATE('2022-10-01 00:00:00','YYYY-MM-DD HH24:MI:SS'), TO_DATE('2022-10-01 07:37:00','YYYY-MM-DD HH24:MI:SS'), TO_DATE('2022-10-01 12:35:00','YYYY-MM-DD HH24:MI:SS'), '5597', 47);
INSERT INTO TIMETABLE VALUES(209, TO_DATE('2022-10-03 00:00:00','YYYY-MM-DD HH24:MI:SS'), TO_DATE('2022-10-03 00:56:00','YYYY-MM-DD HH24:MI:SS'), TO_DATE('2022-10-03 15:56:00','YYYY-MM-DD HH24:MI:SS'), '0064', 19);
INSERT INTO TIMETABLE VALUES(210, TO_DATE('2022-10-05 00:00:00','YYYY-MM-DD HH24:MI:SS'), TO_DATE('2022-10-05 07:19:00','YYYY-MM-DD HH24:MI:SS'), TO_DATE('2022-10-05 08:04:00','YYYY-MM-DD HH24:MI:SS'), '1043', 66);
INSERT INTO TIMETABLE VALUES(211, TO_DATE('2022-10-01 00:00:00','YYYY-MM-DD HH24:MI:SS'), TO_DATE('2022-10-01 00:16:00','YYYY-MM-DD HH24:MI:SS'), TO_DATE('2022-10-01 23:33:00','YYYY-MM-DD HH24:MI:SS'), '2037', 29);
INSERT INTO TIMETABLE VALUES(212, TO_DATE('2022-10-06 00:00:00','YYYY-MM-DD HH24:MI:SS'), TO_DATE('2022-10-06 12:19:00','YYYY-MM-DD HH24:MI:SS'), TO_DATE('2022-10-06 22:07:00','YYYY-MM-DD HH24:MI:SS'), '6218', 98);
INSERT INTO TIMETABLE VALUES(213, TO_DATE('2022-10-03 00:00:00','YYYY-MM-DD HH24:MI:SS'), TO_DATE('2022-10-03 09:49:00','YYYY-MM-DD HH24:MI:SS'), TO_DATE('2022-10-03 21:50:00','YYYY-MM-DD HH24:MI:SS'), '6636', 22);
INSERT INTO TIMETABLE VALUES(214, TO_DATE('2022-10-02 00:00:00','YYYY-MM-DD HH24:MI:SS'), TO_DATE('2022-10-02 14:50:00','YYYY-MM-DD HH24:MI:SS'), TO_DATE('2022-10-02 19:28:00','YYYY-MM-DD HH24:MI:SS'), '8966', 81);
INSERT INTO TIMETABLE VALUES(215, TO_DATE('2022-10-02 00:00:00','YYYY-MM-DD HH24:MI:SS'), TO_DATE('2022-10-02 11:54:00','YYYY-MM-DD HH24:MI:SS'), TO_DATE('2022-10-02 19:17:00','YYYY-MM-DD HH24:MI:SS'), '1505', 28);
INSERT INTO TIMETABLE VALUES(216, TO_DATE('2022-10-01 00:00:00','YYYY-MM-DD HH24:MI:SS'), TO_DATE('2022-10-01 14:23:00','YYYY-MM-DD HH24:MI:SS'), TO_DATE('2022-10-01 19:15:00','YYYY-MM-DD HH24:MI:SS'), '9357', 41);
INSERT INTO TIMETABLE VALUES(217, TO_DATE('2022-10-04 00:00:00','YYYY-MM-DD HH24:MI:SS'), TO_DATE('2022-10-04 09:56:00','YYYY-MM-DD HH24:MI:SS'), TO_DATE('2022-10-04 11:18:00','YYYY-MM-DD HH24:MI:SS'), '5527', 49);
INSERT INTO TIMETABLE VALUES(218, TO_DATE('2022-10-06 00:00:00','YYYY-MM-DD HH24:MI:SS'), TO_DATE('2022-10-06 02:41:00','YYYY-MM-DD HH24:MI:SS'), TO_DATE('2022-10-06 18:13:00','YYYY-MM-DD HH24:MI:SS'), '0064', 21);
INSERT INTO TIMETABLE VALUES(219, TO_DATE('2022-10-07 00:00:00','YYYY-MM-DD HH24:MI:SS'), TO_DATE('2022-10-07 09:20:00','YYYY-MM-DD HH24:MI:SS'), TO_DATE('2022-10-07 23:26:00','YYYY-MM-DD HH24:MI:SS'), '6473', 40);
INSERT INTO TIMETABLE VALUES(220, TO_DATE('2022-10-06 00:00:00','YYYY-MM-DD HH24:MI:SS'), TO_DATE('2022-10-06 15:20:00','YYYY-MM-DD HH24:MI:SS'), TO_DATE('2022-10-06 15:19:00','YYYY-MM-DD HH24:MI:SS'), '0835', 9);
INSERT INTO TIMETABLE VALUES(221, TO_DATE('2022-10-02 00:00:00','YYYY-MM-DD HH24:MI:SS'), TO_DATE('2022-10-02 00:16:00','YYYY-MM-DD HH24:MI:SS'), TO_DATE('2022-10-02 02:28:00','YYYY-MM-DD HH24:MI:SS'), '1505', 60);
INSERT INTO TIMETABLE VALUES(222, TO_DATE('2022-10-05 00:00:00','YYYY-MM-DD HH24:MI:SS'), TO_DATE('2022-10-05 11:37:00','YYYY-MM-DD HH24:MI:SS'), TO_DATE('2022-10-05 20:09:00','YYYY-MM-DD HH24:MI:SS'), '1505', 95);
INSERT INTO TIMETABLE VALUES(223, TO_DATE('2022-10-03 00:00:00','YYYY-MM-DD HH24:MI:SS'), TO_DATE('2022-10-03 10:15:00','YYYY-MM-DD HH24:MI:SS'), TO_DATE('2022-10-03 17:56:00','YYYY-MM-DD HH24:MI:SS'), '8499', 90);
INSERT INTO TIMETABLE VALUES(224, TO_DATE('2022-10-04 00:00:00','YYYY-MM-DD HH24:MI:SS'), TO_DATE('2022-10-04 04:59:00','YYYY-MM-DD HH24:MI:SS'), TO_DATE('2022-10-04 10:31:00','YYYY-MM-DD HH24:MI:SS'), '2577', 57);
INSERT INTO TIMETABLE VALUES(225, TO_DATE('2022-10-03 00:00:00','YYYY-MM-DD HH24:MI:SS'), TO_DATE('2022-10-03 07:25:00','YYYY-MM-DD HH24:MI:SS'), TO_DATE('2022-10-03 07:49:00','YYYY-MM-DD HH24:MI:SS'), '0835', 59);
INSERT INTO TIMETABLE VALUES(226, TO_DATE('2022-10-01 00:00:00','YYYY-MM-DD HH24:MI:SS'), TO_DATE('2022-10-01 07:38:00','YYYY-MM-DD HH24:MI:SS'), TO_DATE('2022-10-01 09:46:00','YYYY-MM-DD HH24:MI:SS'), '5340', 47);
INSERT INTO TIMETABLE VALUES(227, TO_DATE('2022-10-07 00:00:00','YYYY-MM-DD HH24:MI:SS'), TO_DATE('2022-10-07 04:16:00','YYYY-MM-DD HH24:MI:SS'), TO_DATE('2022-10-07 05:05:00','YYYY-MM-DD HH24:MI:SS'), '5166', 26);
INSERT INTO TIMETABLE VALUES(228, TO_DATE('2022-10-03 00:00:00','YYYY-MM-DD HH24:MI:SS'), TO_DATE('2022-10-03 04:40:00','YYYY-MM-DD HH24:MI:SS'), TO_DATE('2022-10-03 05:19:00','YYYY-MM-DD HH24:MI:SS'), '1494', 55);
INSERT INTO TIMETABLE VALUES(229, TO_DATE('2022-10-05 00:00:00','YYYY-MM-DD HH24:MI:SS'), TO_DATE('2022-10-05 00:20:00','YYYY-MM-DD HH24:MI:SS'), TO_DATE('2022-10-05 21:09:00','YYYY-MM-DD HH24:MI:SS'), '4150', 28);
INSERT INTO TIMETABLE VALUES(230, TO_DATE('2022-10-03 00:00:00','YYYY-MM-DD HH24:MI:SS'), TO_DATE('2022-10-03 14:47:00','YYYY-MM-DD HH24:MI:SS'), TO_DATE('2022-10-03 21:57:00','YYYY-MM-DD HH24:MI:SS'), '8660', 23);
INSERT INTO TIMETABLE VALUES(231, TO_DATE('2022-10-06 00:00:00','YYYY-MM-DD HH24:MI:SS'), TO_DATE('2022-10-06 08:39:00','YYYY-MM-DD HH24:MI:SS'), TO_DATE('2022-10-06 20:05:00','YYYY-MM-DD HH24:MI:SS'), '7234', 72);
INSERT INTO TIMETABLE VALUES(232, TO_DATE('2022-10-06 00:00:00','YYYY-MM-DD HH24:MI:SS'), TO_DATE('2022-10-06 07:03:00','YYYY-MM-DD HH24:MI:SS'), TO_DATE('2022-10-06 20:38:00','YYYY-MM-DD HH24:MI:SS'), '0219', 23);
INSERT INTO TIMETABLE VALUES(233, TO_DATE('2022-10-05 00:00:00','YYYY-MM-DD HH24:MI:SS'), TO_DATE('2022-10-05 02:47:00','YYYY-MM-DD HH24:MI:SS'), TO_DATE('2022-10-05 10:12:00','YYYY-MM-DD HH24:MI:SS'), '9357', 24);
INSERT INTO TIMETABLE VALUES(234, TO_DATE('2022-10-07 00:00:00','YYYY-MM-DD HH24:MI:SS'), TO_DATE('2022-10-07 07:16:00','YYYY-MM-DD HH24:MI:SS'), TO_DATE('2022-10-07 07:33:00','YYYY-MM-DD HH24:MI:SS'), '8147', 1);
INSERT INTO TIMETABLE VALUES(235, TO_DATE('2022-10-05 00:00:00','YYYY-MM-DD HH24:MI:SS'), TO_DATE('2022-10-05 12:22:00','YYYY-MM-DD HH24:MI:SS'), TO_DATE('2022-10-05 13:26:00','YYYY-MM-DD HH24:MI:SS'), '0736', 70);
INSERT INTO TIMETABLE VALUES(236, TO_DATE('2022-10-02 00:00:00','YYYY-MM-DD HH24:MI:SS'), TO_DATE('2022-10-02 14:36:00','YYYY-MM-DD HH24:MI:SS'), TO_DATE('2022-10-02 22:07:00','YYYY-MM-DD HH24:MI:SS'), '0617', 92);
INSERT INTO TIMETABLE VALUES(237, TO_DATE('2022-10-06 00:00:00','YYYY-MM-DD HH24:MI:SS'), TO_DATE('2022-10-06 09:16:00','YYYY-MM-DD HH24:MI:SS'), TO_DATE('2022-10-06 15:43:00','YYYY-MM-DD HH24:MI:SS'), '7458', 94);
INSERT INTO TIMETABLE VALUES(238, TO_DATE('2022-10-07 00:00:00','YYYY-MM-DD HH24:MI:SS'), TO_DATE('2022-10-07 00:24:00','YYYY-MM-DD HH24:MI:SS'), TO_DATE('2022-10-07 17:48:00','YYYY-MM-DD HH24:MI:SS'), '8606', 14);
INSERT INTO TIMETABLE VALUES(239, TO_DATE('2022-10-02 00:00:00','YYYY-MM-DD HH24:MI:SS'), TO_DATE('2022-10-02 08:52:00','YYYY-MM-DD HH24:MI:SS'), TO_DATE('2022-10-02 23:39:00','YYYY-MM-DD HH24:MI:SS'), '0064', 75);
INSERT INTO TIMETABLE VALUES(240, TO_DATE('2022-10-03 00:00:00','YYYY-MM-DD HH24:MI:SS'), TO_DATE('2022-10-03 13:08:00','YYYY-MM-DD HH24:MI:SS'), TO_DATE('2022-10-03 18:38:00','YYYY-MM-DD HH24:MI:SS'), '0243', 78);
INSERT INTO TIMETABLE VALUES(241, TO_DATE('2022-10-03 00:00:00','YYYY-MM-DD HH24:MI:SS'), TO_DATE('2022-10-03 09:34:00','YYYY-MM-DD HH24:MI:SS'), TO_DATE('2022-10-03 22:09:00','YYYY-MM-DD HH24:MI:SS'), '1043', 1);
INSERT INTO TIMETABLE VALUES(242, TO_DATE('2022-10-03 00:00:00','YYYY-MM-DD HH24:MI:SS'), TO_DATE('2022-10-03 16:37:00','YYYY-MM-DD HH24:MI:SS'), TO_DATE('2022-10-03 20:17:00','YYYY-MM-DD HH24:MI:SS'), '4117', 23);
INSERT INTO TIMETABLE VALUES(243, TO_DATE('2022-10-03 00:00:00','YYYY-MM-DD HH24:MI:SS'), TO_DATE('2022-10-03 08:18:00','YYYY-MM-DD HH24:MI:SS'), TO_DATE('2022-10-03 23:57:00','YYYY-MM-DD HH24:MI:SS'), '0617', 59);
INSERT INTO TIMETABLE VALUES(244, TO_DATE('2022-10-02 00:00:00','YYYY-MM-DD HH24:MI:SS'), TO_DATE('2022-10-02 02:56:00','YYYY-MM-DD HH24:MI:SS'), TO_DATE('2022-10-02 23:15:00','YYYY-MM-DD HH24:MI:SS'), '1453', 30);
INSERT INTO TIMETABLE VALUES(245, TO_DATE('2022-10-03 00:00:00','YYYY-MM-DD HH24:MI:SS'), TO_DATE('2022-10-03 17:50:00','YYYY-MM-DD HH24:MI:SS'), TO_DATE('2022-10-03 20:47:00','YYYY-MM-DD HH24:MI:SS'), '1507', 58);
INSERT INTO TIMETABLE VALUES(246, TO_DATE('2022-10-07 00:00:00','YYYY-MM-DD HH24:MI:SS'), TO_DATE('2022-10-07 20:43:00','YYYY-MM-DD HH24:MI:SS'), TO_DATE('2022-10-07 20:33:00','YYYY-MM-DD HH24:MI:SS'), '5340', 12);
INSERT INTO TIMETABLE VALUES(247, TO_DATE('2022-10-03 00:00:00','YYYY-MM-DD HH24:MI:SS'), TO_DATE('2022-10-03 01:30:00','YYYY-MM-DD HH24:MI:SS'), TO_DATE('2022-10-03 05:28:00','YYYY-MM-DD HH24:MI:SS'), '4783', 49);
INSERT INTO TIMETABLE VALUES(248, TO_DATE('2022-10-01 00:00:00','YYYY-MM-DD HH24:MI:SS'), TO_DATE('2022-10-01 00:49:00','YYYY-MM-DD HH24:MI:SS'), TO_DATE('2022-10-01 11:52:00','YYYY-MM-DD HH24:MI:SS'), '6218', 97);
INSERT INTO TIMETABLE VALUES(249, TO_DATE('2022-10-04 00:00:00','YYYY-MM-DD HH24:MI:SS'), TO_DATE('2022-10-04 08:33:00','YYYY-MM-DD HH24:MI:SS'), TO_DATE('2022-10-04 20:59:00','YYYY-MM-DD HH24:MI:SS'), '9723', 5);
INSERT INTO TIMETABLE VALUES(250, TO_DATE('2022-10-05 00:00:00','YYYY-MM-DD HH24:MI:SS'), TO_DATE('2022-10-05 00:42:00','YYYY-MM-DD HH24:MI:SS'), TO_DATE('2022-10-05 23:59:00','YYYY-MM-DD HH24:MI:SS'), '9723', 55);
INSERT INTO TIMETABLE VALUES(251, TO_DATE('2022-10-03 00:00:00','YYYY-MM-DD HH24:MI:SS'), TO_DATE('2022-10-03 01:41:00','YYYY-MM-DD HH24:MI:SS'), TO_DATE('2022-10-03 07:39:00','YYYY-MM-DD HH24:MI:SS'), '0424', 12);
INSERT INTO TIMETABLE VALUES(252, TO_DATE('2022-10-07 00:00:00','YYYY-MM-DD HH24:MI:SS'), TO_DATE('2022-10-07 00:11:00','YYYY-MM-DD HH24:MI:SS'), TO_DATE('2022-10-07 04:58:00','YYYY-MM-DD HH24:MI:SS'), '3746', 19);
INSERT INTO TIMETABLE VALUES(253, TO_DATE('2022-10-06 00:00:00','YYYY-MM-DD HH24:MI:SS'), TO_DATE('2022-10-06 11:37:00','YYYY-MM-DD HH24:MI:SS'), TO_DATE('2022-10-06 12:37:00','YYYY-MM-DD HH24:MI:SS'), '4783', 83);
INSERT INTO TIMETABLE VALUES(254, TO_DATE('2022-10-06 00:00:00','YYYY-MM-DD HH24:MI:SS'), TO_DATE('2022-10-06 02:57:00','YYYY-MM-DD HH24:MI:SS'), TO_DATE('2022-10-06 10:48:00','YYYY-MM-DD HH24:MI:SS'), '9723', 66);
INSERT INTO TIMETABLE VALUES(255, TO_DATE('2022-10-06 00:00:00','YYYY-MM-DD HH24:MI:SS'), TO_DATE('2022-10-06 12:54:00','YYYY-MM-DD HH24:MI:SS'), TO_DATE('2022-10-06 22:23:00','YYYY-MM-DD HH24:MI:SS'), '6178', 65);
INSERT INTO TIMETABLE VALUES(256, TO_DATE('2022-10-01 00:00:00','YYYY-MM-DD HH24:MI:SS'), TO_DATE('2022-10-01 05:19:00','YYYY-MM-DD HH24:MI:SS'), TO_DATE('2022-10-01 23:09:00','YYYY-MM-DD HH24:MI:SS'), '1494', 78);
INSERT INTO TIMETABLE VALUES(257, TO_DATE('2022-10-06 00:00:00','YYYY-MM-DD HH24:MI:SS'), TO_DATE('2022-10-06 03:38:00','YYYY-MM-DD HH24:MI:SS'), TO_DATE('2022-10-06 15:05:00','YYYY-MM-DD HH24:MI:SS'), '0243', 5);
INSERT INTO TIMETABLE VALUES(258, TO_DATE('2022-10-03 00:00:00','YYYY-MM-DD HH24:MI:SS'), TO_DATE('2022-10-03 02:58:00','YYYY-MM-DD HH24:MI:SS'), TO_DATE('2022-10-03 06:48:00','YYYY-MM-DD HH24:MI:SS'), '1731', 93);
INSERT INTO TIMETABLE VALUES(259, TO_DATE('2022-10-04 00:00:00','YYYY-MM-DD HH24:MI:SS'), TO_DATE('2022-10-04 04:04:00','YYYY-MM-DD HH24:MI:SS'), TO_DATE('2022-10-04 04:28:00','YYYY-MM-DD HH24:MI:SS'), '8152', 75);
INSERT INTO TIMETABLE VALUES(260, TO_DATE('2022-10-07 00:00:00','YYYY-MM-DD HH24:MI:SS'), TO_DATE('2022-10-07 05:55:00','YYYY-MM-DD HH24:MI:SS'), TO_DATE('2022-10-07 15:07:00','YYYY-MM-DD HH24:MI:SS'), '5527', 84);
INSERT INTO TIMETABLE VALUES(261, TO_DATE('2022-10-07 00:00:00','YYYY-MM-DD HH24:MI:SS'), TO_DATE('2022-10-07 15:35:00','YYYY-MM-DD HH24:MI:SS'), TO_DATE('2022-10-07 20:26:00','YYYY-MM-DD HH24:MI:SS'), '8606', 67);
INSERT INTO TIMETABLE VALUES(262, TO_DATE('2022-10-06 00:00:00','YYYY-MM-DD HH24:MI:SS'), TO_DATE('2022-10-06 08:56:00','YYYY-MM-DD HH24:MI:SS'), TO_DATE('2022-10-06 10:37:00','YYYY-MM-DD HH24:MI:SS'), '7437', 93);
INSERT INTO TIMETABLE VALUES(263, TO_DATE('2022-10-03 00:00:00','YYYY-MM-DD HH24:MI:SS'), TO_DATE('2022-10-03 04:01:00','YYYY-MM-DD HH24:MI:SS'), TO_DATE('2022-10-03 09:56:00','YYYY-MM-DD HH24:MI:SS'), '0424', 35);
INSERT INTO TIMETABLE VALUES(264, TO_DATE('2022-10-05 00:00:00','YYYY-MM-DD HH24:MI:SS'), TO_DATE('2022-10-05 01:36:00','YYYY-MM-DD HH24:MI:SS'), TO_DATE('2022-10-05 16:58:00','YYYY-MM-DD HH24:MI:SS'), '6473', 3);
INSERT INTO TIMETABLE VALUES(265, TO_DATE('2022-10-01 00:00:00','YYYY-MM-DD HH24:MI:SS'), TO_DATE('2022-10-01 06:00:00','YYYY-MM-DD HH24:MI:SS'), TO_DATE('2022-10-01 09:52:00','YYYY-MM-DD HH24:MI:SS'), '8606', 83);
INSERT INTO TIMETABLE VALUES(266, TO_DATE('2022-10-04 00:00:00','YYYY-MM-DD HH24:MI:SS'), TO_DATE('2022-10-04 09:38:00','YYYY-MM-DD HH24:MI:SS'), TO_DATE('2022-10-04 21:12:00','YYYY-MM-DD HH24:MI:SS'), '9357', 75);
INSERT INTO TIMETABLE VALUES(267, TO_DATE('2022-10-02 00:00:00','YYYY-MM-DD HH24:MI:SS'), TO_DATE('2022-10-02 06:26:00','YYYY-MM-DD HH24:MI:SS'), TO_DATE('2022-10-02 21:48:00','YYYY-MM-DD HH24:MI:SS'), '6178', 57);
INSERT INTO TIMETABLE VALUES(268, TO_DATE('2022-10-01 00:00:00','YYYY-MM-DD HH24:MI:SS'), TO_DATE('2022-10-01 05:57:00','YYYY-MM-DD HH24:MI:SS'), TO_DATE('2022-10-01 13:38:00','YYYY-MM-DD HH24:MI:SS'), '0736', 7);
INSERT INTO TIMETABLE VALUES(269, TO_DATE('2022-10-01 00:00:00','YYYY-MM-DD HH24:MI:SS'), TO_DATE('2022-10-01 10:45:00','YYYY-MM-DD HH24:MI:SS'), TO_DATE('2022-10-01 17:40:00','YYYY-MM-DD HH24:MI:SS'), '9723', 19);
INSERT INTO TIMETABLE VALUES(270, TO_DATE('2022-10-04 00:00:00','YYYY-MM-DD HH24:MI:SS'), TO_DATE('2022-10-04 05:16:00','YYYY-MM-DD HH24:MI:SS'), TO_DATE('2022-10-04 14:48:00','YYYY-MM-DD HH24:MI:SS'), '5639', 12);
INSERT INTO TIMETABLE VALUES(271, TO_DATE('2022-10-04 00:00:00','YYYY-MM-DD HH24:MI:SS'), TO_DATE('2022-10-04 07:48:00','YYYY-MM-DD HH24:MI:SS'), TO_DATE('2022-10-04 14:48:00','YYYY-MM-DD HH24:MI:SS'), '4154', 98);
INSERT INTO TIMETABLE VALUES(272, TO_DATE('2022-10-04 00:00:00','YYYY-MM-DD HH24:MI:SS'), TO_DATE('2022-10-04 10:50:00','YYYY-MM-DD HH24:MI:SS'), TO_DATE('2022-10-04 19:40:00','YYYY-MM-DD HH24:MI:SS'), '1494', 36);
INSERT INTO TIMETABLE VALUES(273, TO_DATE('2022-10-05 00:00:00','YYYY-MM-DD HH24:MI:SS'), TO_DATE('2022-10-05 02:24:00','YYYY-MM-DD HH24:MI:SS'), TO_DATE('2022-10-05 16:28:00','YYYY-MM-DD HH24:MI:SS'), '8495', 4);
INSERT INTO TIMETABLE VALUES(274, TO_DATE('2022-10-01 00:00:00','YYYY-MM-DD HH24:MI:SS'), TO_DATE('2022-10-01 08:34:00','YYYY-MM-DD HH24:MI:SS'), TO_DATE('2022-10-01 14:30:00','YYYY-MM-DD HH24:MI:SS'), '5124', 46);
INSERT INTO TIMETABLE VALUES(275, TO_DATE('2022-10-07 00:00:00','YYYY-MM-DD HH24:MI:SS'), TO_DATE('2022-10-07 01:24:00','YYYY-MM-DD HH24:MI:SS'), TO_DATE('2022-10-07 13:33:00','YYYY-MM-DD HH24:MI:SS'), '4150', 18);
INSERT INTO TIMETABLE VALUES(276, TO_DATE('2022-10-07 00:00:00','YYYY-MM-DD HH24:MI:SS'), TO_DATE('2022-10-07 09:44:00','YYYY-MM-DD HH24:MI:SS'), TO_DATE('2022-10-07 21:06:00','YYYY-MM-DD HH24:MI:SS'), '4117', 17);
INSERT INTO TIMETABLE VALUES(277, TO_DATE('2022-10-07 00:00:00','YYYY-MM-DD HH24:MI:SS'), TO_DATE('2022-10-07 07:40:00','YYYY-MM-DD HH24:MI:SS'), TO_DATE('2022-10-07 20:46:00','YYYY-MM-DD HH24:MI:SS'), '1068', 53);
INSERT INTO TIMETABLE VALUES(278, TO_DATE('2022-10-02 00:00:00','YYYY-MM-DD HH24:MI:SS'), TO_DATE('2022-10-02 12:00:00','YYYY-MM-DD HH24:MI:SS'), TO_DATE('2022-10-02 21:20:00','YYYY-MM-DD HH24:MI:SS'), '2925', 20);
INSERT INTO TIMETABLE VALUES(279, TO_DATE('2022-10-07 00:00:00','YYYY-MM-DD HH24:MI:SS'), TO_DATE('2022-10-07 20:28:00','YYYY-MM-DD HH24:MI:SS'), TO_DATE('2022-10-07 22:08:00','YYYY-MM-DD HH24:MI:SS'), '2037', 73);
INSERT INTO TIMETABLE VALUES(280, TO_DATE('2022-10-04 00:00:00','YYYY-MM-DD HH24:MI:SS'), TO_DATE('2022-10-04 01:20:00','YYYY-MM-DD HH24:MI:SS'), TO_DATE('2022-10-04 02:04:00','YYYY-MM-DD HH24:MI:SS'), '5408', 9);
INSERT INTO TIMETABLE VALUES(281, TO_DATE('2022-10-03 00:00:00','YYYY-MM-DD HH24:MI:SS'), TO_DATE('2022-10-03 16:31:00','YYYY-MM-DD HH24:MI:SS'), TO_DATE('2022-10-03 18:23:00','YYYY-MM-DD HH24:MI:SS'), '5639', 70);
INSERT INTO TIMETABLE VALUES(282, TO_DATE('2022-10-07 00:00:00','YYYY-MM-DD HH24:MI:SS'), TO_DATE('2022-10-07 10:19:00','YYYY-MM-DD HH24:MI:SS'), TO_DATE('2022-10-07 21:34:00','YYYY-MM-DD HH24:MI:SS'), '4877', 1);
INSERT INTO TIMETABLE VALUES(283, TO_DATE('2022-10-03 00:00:00','YYYY-MM-DD HH24:MI:SS'), TO_DATE('2022-10-03 14:41:00','YYYY-MM-DD HH24:MI:SS'), TO_DATE('2022-10-03 21:39:00','YYYY-MM-DD HH24:MI:SS'), '2903', 46);
INSERT INTO TIMETABLE VALUES(284, TO_DATE('2022-10-05 00:00:00','YYYY-MM-DD HH24:MI:SS'), TO_DATE('2022-10-05 16:49:00','YYYY-MM-DD HH24:MI:SS'), TO_DATE('2022-10-05 22:30:00','YYYY-MM-DD HH24:MI:SS'), '2552', 23);
INSERT INTO TIMETABLE VALUES(285, TO_DATE('2022-10-05 00:00:00','YYYY-MM-DD HH24:MI:SS'), TO_DATE('2022-10-05 13:33:00','YYYY-MM-DD HH24:MI:SS'), TO_DATE('2022-10-05 14:04:00','YYYY-MM-DD HH24:MI:SS'), '0835', 56);
INSERT INTO TIMETABLE VALUES(286, TO_DATE('2022-10-01 00:00:00','YYYY-MM-DD HH24:MI:SS'), TO_DATE('2022-10-01 05:01:00','YYYY-MM-DD HH24:MI:SS'), TO_DATE('2022-10-01 23:00:00','YYYY-MM-DD HH24:MI:SS'), '6224', 38);
INSERT INTO TIMETABLE VALUES(287, TO_DATE('2022-10-04 00:00:00','YYYY-MM-DD HH24:MI:SS'), TO_DATE('2022-10-04 16:40:00','YYYY-MM-DD HH24:MI:SS'), TO_DATE('2022-10-04 21:11:00','YYYY-MM-DD HH24:MI:SS'), '1494', 48);
INSERT INTO TIMETABLE VALUES(288, TO_DATE('2022-10-01 00:00:00','YYYY-MM-DD HH24:MI:SS'), TO_DATE('2022-10-01 00:36:00','YYYY-MM-DD HH24:MI:SS'), TO_DATE('2022-10-01 11:59:00','YYYY-MM-DD HH24:MI:SS'), '9801', 5);
INSERT INTO TIMETABLE VALUES(289, TO_DATE('2022-10-05 00:00:00','YYYY-MM-DD HH24:MI:SS'), TO_DATE('2022-10-05 11:54:00','YYYY-MM-DD HH24:MI:SS'), TO_DATE('2022-10-05 19:07:00','YYYY-MM-DD HH24:MI:SS'), '1341', 85);
INSERT INTO TIMETABLE VALUES(290, TO_DATE('2022-10-06 00:00:00','YYYY-MM-DD HH24:MI:SS'), TO_DATE('2022-10-06 03:18:00','YYYY-MM-DD HH24:MI:SS'), TO_DATE('2022-10-06 10:00:00','YYYY-MM-DD HH24:MI:SS'), '3746', 38);
INSERT INTO TIMETABLE VALUES(291, TO_DATE('2022-10-03 00:00:00','YYYY-MM-DD HH24:MI:SS'), TO_DATE('2022-10-03 08:26:00','YYYY-MM-DD HH24:MI:SS'), TO_DATE('2022-10-03 16:32:00','YYYY-MM-DD HH24:MI:SS'), '7686', 10);
INSERT INTO TIMETABLE VALUES(292, TO_DATE('2022-10-02 00:00:00','YYYY-MM-DD HH24:MI:SS'), TO_DATE('2022-10-02 07:47:00','YYYY-MM-DD HH24:MI:SS'), TO_DATE('2022-10-02 10:23:00','YYYY-MM-DD HH24:MI:SS'), '0064', 49);
INSERT INTO TIMETABLE VALUES(293, TO_DATE('2022-10-03 00:00:00','YYYY-MM-DD HH24:MI:SS'), TO_DATE('2022-10-03 11:58:00','YYYY-MM-DD HH24:MI:SS'), TO_DATE('2022-10-03 12:47:00','YYYY-MM-DD HH24:MI:SS'), '5166', 86);
INSERT INTO TIMETABLE VALUES(294, TO_DATE('2022-10-06 00:00:00','YYYY-MM-DD HH24:MI:SS'), TO_DATE('2022-10-06 08:14:00','YYYY-MM-DD HH24:MI:SS'), TO_DATE('2022-10-06 14:01:00','YYYY-MM-DD HH24:MI:SS'), '8699', 47);
INSERT INTO TIMETABLE VALUES(295, TO_DATE('2022-10-05 00:00:00','YYYY-MM-DD HH24:MI:SS'), TO_DATE('2022-10-05 05:30:00','YYYY-MM-DD HH24:MI:SS'), TO_DATE('2022-10-05 21:50:00','YYYY-MM-DD HH24:MI:SS'), '2160', 49);
INSERT INTO TIMETABLE VALUES(296, TO_DATE('2022-10-03 00:00:00','YYYY-MM-DD HH24:MI:SS'), TO_DATE('2022-10-03 09:29:00','YYYY-MM-DD HH24:MI:SS'), TO_DATE('2022-10-03 09:26:00','YYYY-MM-DD HH24:MI:SS'), '8799', 37);
INSERT INTO TIMETABLE VALUES(297, TO_DATE('2022-10-07 00:00:00','YYYY-MM-DD HH24:MI:SS'), TO_DATE('2022-10-07 13:13:00','YYYY-MM-DD HH24:MI:SS'), TO_DATE('2022-10-07 14:29:00','YYYY-MM-DD HH24:MI:SS'), '1068', 46);
INSERT INTO TIMETABLE VALUES(298, TO_DATE('2022-10-04 00:00:00','YYYY-MM-DD HH24:MI:SS'), TO_DATE('2022-10-04 01:52:00','YYYY-MM-DD HH24:MI:SS'), TO_DATE('2022-10-04 05:00:00','YYYY-MM-DD HH24:MI:SS'), '6761', 69);
INSERT INTO TIMETABLE VALUES(299, TO_DATE('2022-10-07 00:00:00','YYYY-MM-DD HH24:MI:SS'), TO_DATE('2022-10-07 12:22:00','YYYY-MM-DD HH24:MI:SS'), TO_DATE('2022-10-07 22:54:00','YYYY-MM-DD HH24:MI:SS'), '4201', 77);
INSERT INTO TIMETABLE VALUES(300, TO_DATE('2022-10-04 00:00:00','YYYY-MM-DD HH24:MI:SS'), TO_DATE('2022-10-04 14:36:00','YYYY-MM-DD HH24:MI:SS'), TO_DATE('2022-10-04 22:33:00','YYYY-MM-DD HH24:MI:SS'), '5292', 43);
INSERT INTO TIMETABLE VALUES(301, TO_DATE('2022-10-03 00:00:00','YYYY-MM-DD HH24:MI:SS'), TO_DATE('2022-10-03 04:23:00','YYYY-MM-DD HH24:MI:SS'), TO_DATE('2022-10-03 08:34:00','YYYY-MM-DD HH24:MI:SS'), '1004', 42);
INSERT INTO TIMETABLE VALUES(302, TO_DATE('2022-10-03 00:00:00','YYYY-MM-DD HH24:MI:SS'), TO_DATE('2022-10-03 06:28:00','YYYY-MM-DD HH24:MI:SS'), TO_DATE('2022-10-03 09:43:00','YYYY-MM-DD HH24:MI:SS'), '5166', 78);
INSERT INTO TIMETABLE VALUES(303, TO_DATE('2022-10-05 00:00:00','YYYY-MM-DD HH24:MI:SS'), TO_DATE('2022-10-05 02:05:00','YYYY-MM-DD HH24:MI:SS'), TO_DATE('2022-10-05 17:15:00','YYYY-MM-DD HH24:MI:SS'), '9357', 68);
INSERT INTO TIMETABLE VALUES(304, TO_DATE('2022-10-04 00:00:00','YYYY-MM-DD HH24:MI:SS'), TO_DATE('2022-10-04 11:37:00','YYYY-MM-DD HH24:MI:SS'), TO_DATE('2022-10-04 18:46:00','YYYY-MM-DD HH24:MI:SS'), '3356', 75);
INSERT INTO TIMETABLE VALUES(305, TO_DATE('2022-10-04 00:00:00','YYYY-MM-DD HH24:MI:SS'), TO_DATE('2022-10-04 14:12:00','YYYY-MM-DD HH24:MI:SS'), TO_DATE('2022-10-04 14:43:00','YYYY-MM-DD HH24:MI:SS'), '5405', 64);
INSERT INTO TIMETABLE VALUES(306, TO_DATE('2022-10-01 00:00:00','YYYY-MM-DD HH24:MI:SS'), TO_DATE('2022-10-01 09:58:00','YYYY-MM-DD HH24:MI:SS'), TO_DATE('2022-10-01 13:26:00','YYYY-MM-DD HH24:MI:SS'), '7921', 89);
INSERT INTO TIMETABLE VALUES(307, TO_DATE('2022-10-05 00:00:00','YYYY-MM-DD HH24:MI:SS'), TO_DATE('2022-10-05 06:50:00','YYYY-MM-DD HH24:MI:SS'), TO_DATE('2022-10-05 06:03:00','YYYY-MM-DD HH24:MI:SS'), '8719', 25);
INSERT INTO TIMETABLE VALUES(308, TO_DATE('2022-10-05 00:00:00','YYYY-MM-DD HH24:MI:SS'), TO_DATE('2022-10-05 00:25:00','YYYY-MM-DD HH24:MI:SS'), TO_DATE('2022-10-05 05:55:00','YYYY-MM-DD HH24:MI:SS'), '5292', 51);
INSERT INTO TIMETABLE VALUES(309, TO_DATE('2022-10-03 00:00:00','YYYY-MM-DD HH24:MI:SS'), TO_DATE('2022-10-03 18:40:00','YYYY-MM-DD HH24:MI:SS'), TO_DATE('2022-10-03 23:19:00','YYYY-MM-DD HH24:MI:SS'), '1068', 60);
INSERT INTO TIMETABLE VALUES(310, TO_DATE('2022-10-05 00:00:00','YYYY-MM-DD HH24:MI:SS'), TO_DATE('2022-10-05 00:34:00','YYYY-MM-DD HH24:MI:SS'), TO_DATE('2022-10-05 18:54:00','YYYY-MM-DD HH24:MI:SS'), '0064', 55);
INSERT INTO TIMETABLE VALUES(311, TO_DATE('2022-10-06 00:00:00','YYYY-MM-DD HH24:MI:SS'), TO_DATE('2022-10-06 06:20:00','YYYY-MM-DD HH24:MI:SS'), TO_DATE('2022-10-06 21:56:00','YYYY-MM-DD HH24:MI:SS'), '8966', 37);
INSERT INTO TIMETABLE VALUES(312, TO_DATE('2022-10-05 00:00:00','YYYY-MM-DD HH24:MI:SS'), TO_DATE('2022-10-05 16:56:00','YYYY-MM-DD HH24:MI:SS'), TO_DATE('2022-10-05 17:30:00','YYYY-MM-DD HH24:MI:SS'), '8719', 79);
INSERT INTO TIMETABLE VALUES(313, TO_DATE('2022-10-03 00:00:00','YYYY-MM-DD HH24:MI:SS'), TO_DATE('2022-10-03 12:05:00','YYYY-MM-DD HH24:MI:SS'), TO_DATE('2022-10-03 14:37:00','YYYY-MM-DD HH24:MI:SS'), '5408', 82);
INSERT INTO TIMETABLE VALUES(314, TO_DATE('2022-10-03 00:00:00','YYYY-MM-DD HH24:MI:SS'), TO_DATE('2022-10-03 01:50:00','YYYY-MM-DD HH24:MI:SS'), TO_DATE('2022-10-03 20:23:00','YYYY-MM-DD HH24:MI:SS'), '8719', 51);
INSERT INTO TIMETABLE VALUES(315, TO_DATE('2022-10-05 00:00:00','YYYY-MM-DD HH24:MI:SS'), TO_DATE('2022-10-05 07:48:00','YYYY-MM-DD HH24:MI:SS'), TO_DATE('2022-10-05 16:41:00','YYYY-MM-DD HH24:MI:SS'), '1043', 55);
INSERT INTO TIMETABLE VALUES(316, TO_DATE('2022-10-02 00:00:00','YYYY-MM-DD HH24:MI:SS'), TO_DATE('2022-10-02 00:43:00','YYYY-MM-DD HH24:MI:SS'), TO_DATE('2022-10-02 01:42:00','YYYY-MM-DD HH24:MI:SS'), '5004', 52);
INSERT INTO TIMETABLE VALUES(317, TO_DATE('2022-10-04 00:00:00','YYYY-MM-DD HH24:MI:SS'), TO_DATE('2022-10-04 03:36:00','YYYY-MM-DD HH24:MI:SS'), TO_DATE('2022-10-04 09:14:00','YYYY-MM-DD HH24:MI:SS'), '5597', 96);
INSERT INTO TIMETABLE VALUES(318, TO_DATE('2022-10-02 00:00:00','YYYY-MM-DD HH24:MI:SS'), TO_DATE('2022-10-02 04:57:00','YYYY-MM-DD HH24:MI:SS'), TO_DATE('2022-10-02 11:52:00','YYYY-MM-DD HH24:MI:SS'), '6636', 58);
INSERT INTO TIMETABLE VALUES(319, TO_DATE('2022-10-03 00:00:00','YYYY-MM-DD HH24:MI:SS'), TO_DATE('2022-10-03 10:59:00','YYYY-MM-DD HH24:MI:SS'), TO_DATE('2022-10-03 12:32:00','YYYY-MM-DD HH24:MI:SS'), '1315', 14);
INSERT INTO TIMETABLE VALUES(320, TO_DATE('2022-10-07 00:00:00','YYYY-MM-DD HH24:MI:SS'), TO_DATE('2022-10-07 17:28:00','YYYY-MM-DD HH24:MI:SS'), TO_DATE('2022-10-07 17:35:00','YYYY-MM-DD HH24:MI:SS'), '6218', 88);
INSERT INTO TIMETABLE VALUES(321, TO_DATE('2022-10-05 00:00:00','YYYY-MM-DD HH24:MI:SS'), TO_DATE('2022-10-05 03:40:00','YYYY-MM-DD HH24:MI:SS'), TO_DATE('2022-10-05 06:48:00','YYYY-MM-DD HH24:MI:SS'), '1341', 43);
INSERT INTO TIMETABLE VALUES(322, TO_DATE('2022-10-07 00:00:00','YYYY-MM-DD HH24:MI:SS'), TO_DATE('2022-10-07 15:13:00','YYYY-MM-DD HH24:MI:SS'), TO_DATE('2022-10-07 23:40:00','YYYY-MM-DD HH24:MI:SS'), '0219', 96);
INSERT INTO TIMETABLE VALUES(323, TO_DATE('2022-10-01 00:00:00','YYYY-MM-DD HH24:MI:SS'), TO_DATE('2022-10-01 18:43:00','YYYY-MM-DD HH24:MI:SS'), TO_DATE('2022-10-01 23:37:00','YYYY-MM-DD HH24:MI:SS'), '5340', 21);
INSERT INTO TIMETABLE VALUES(324, TO_DATE('2022-10-03 00:00:00','YYYY-MM-DD HH24:MI:SS'), TO_DATE('2022-10-03 00:44:00','YYYY-MM-DD HH24:MI:SS'), TO_DATE('2022-10-03 22:37:00','YYYY-MM-DD HH24:MI:SS'), '0354', 64);
INSERT INTO TIMETABLE VALUES(325, TO_DATE('2022-10-07 00:00:00','YYYY-MM-DD HH24:MI:SS'), TO_DATE('2022-10-07 03:31:00','YYYY-MM-DD HH24:MI:SS'), TO_DATE('2022-10-07 10:56:00','YYYY-MM-DD HH24:MI:SS'), '2493', 37);
INSERT INTO TIMETABLE VALUES(326, TO_DATE('2022-10-01 00:00:00','YYYY-MM-DD HH24:MI:SS'), TO_DATE('2022-10-01 11:28:00','YYYY-MM-DD HH24:MI:SS'), TO_DATE('2022-10-01 23:22:00','YYYY-MM-DD HH24:MI:SS'), '5597', 43);
INSERT INTO TIMETABLE VALUES(327, TO_DATE('2022-10-01 00:00:00','YYYY-MM-DD HH24:MI:SS'), TO_DATE('2022-10-01 11:56:00','YYYY-MM-DD HH24:MI:SS'), TO_DATE('2022-10-01 22:14:00','YYYY-MM-DD HH24:MI:SS'), '6178', 68);
INSERT INTO TIMETABLE VALUES(328, TO_DATE('2022-10-02 00:00:00','YYYY-MM-DD HH24:MI:SS'), TO_DATE('2022-10-02 11:15:00','YYYY-MM-DD HH24:MI:SS'), TO_DATE('2022-10-02 15:16:00','YYYY-MM-DD HH24:MI:SS'), '7686', 82);
INSERT INTO TIMETABLE VALUES(329, TO_DATE('2022-10-05 00:00:00','YYYY-MM-DD HH24:MI:SS'), TO_DATE('2022-10-05 16:02:00','YYYY-MM-DD HH24:MI:SS'), TO_DATE('2022-10-05 20:13:00','YYYY-MM-DD HH24:MI:SS'), '5680', 10);
INSERT INTO TIMETABLE VALUES(330, TO_DATE('2022-10-05 00:00:00','YYYY-MM-DD HH24:MI:SS'), TO_DATE('2022-10-05 02:52:00','YYYY-MM-DD HH24:MI:SS'), TO_DATE('2022-10-05 11:52:00','YYYY-MM-DD HH24:MI:SS'), '7458', 24);
INSERT INTO TIMETABLE VALUES(331, TO_DATE('2022-10-07 00:00:00','YYYY-MM-DD HH24:MI:SS'), TO_DATE('2022-10-07 03:44:00','YYYY-MM-DD HH24:MI:SS'), TO_DATE('2022-10-07 11:22:00','YYYY-MM-DD HH24:MI:SS'), '1043', 58);
INSERT INTO TIMETABLE VALUES(332, TO_DATE('2022-10-07 00:00:00','YYYY-MM-DD HH24:MI:SS'), TO_DATE('2022-10-07 10:13:00','YYYY-MM-DD HH24:MI:SS'), TO_DATE('2022-10-07 13:06:00','YYYY-MM-DD HH24:MI:SS'), '0424', 1);
INSERT INTO TIMETABLE VALUES(333, TO_DATE('2022-10-02 00:00:00','YYYY-MM-DD HH24:MI:SS'), TO_DATE('2022-10-02 03:58:00','YYYY-MM-DD HH24:MI:SS'), TO_DATE('2022-10-02 04:35:00','YYYY-MM-DD HH24:MI:SS'), '1505', 63);
INSERT INTO TIMETABLE VALUES(334, TO_DATE('2022-10-01 00:00:00','YYYY-MM-DD HH24:MI:SS'), TO_DATE('2022-10-01 07:36:00','YYYY-MM-DD HH24:MI:SS'), TO_DATE('2022-10-01 18:43:00','YYYY-MM-DD HH24:MI:SS'), '5680', 61);
INSERT INTO TIMETABLE VALUES(335, TO_DATE('2022-10-04 00:00:00','YYYY-MM-DD HH24:MI:SS'), TO_DATE('2022-10-04 11:09:00','YYYY-MM-DD HH24:MI:SS'), TO_DATE('2022-10-04 14:31:00','YYYY-MM-DD HH24:MI:SS'), '4783', 52);
INSERT INTO TIMETABLE VALUES(336, TO_DATE('2022-10-05 00:00:00','YYYY-MM-DD HH24:MI:SS'), TO_DATE('2022-10-05 14:17:00','YYYY-MM-DD HH24:MI:SS'), TO_DATE('2022-10-05 17:59:00','YYYY-MM-DD HH24:MI:SS'), '8147', 68);
INSERT INTO TIMETABLE VALUES(337, TO_DATE('2022-10-04 00:00:00','YYYY-MM-DD HH24:MI:SS'), TO_DATE('2022-10-04 09:12:00','YYYY-MM-DD HH24:MI:SS'), TO_DATE('2022-10-04 21:59:00','YYYY-MM-DD HH24:MI:SS'), '6073', 5);
INSERT INTO TIMETABLE VALUES(338, TO_DATE('2022-10-07 00:00:00','YYYY-MM-DD HH24:MI:SS'), TO_DATE('2022-10-07 03:15:00','YYYY-MM-DD HH24:MI:SS'), TO_DATE('2022-10-07 17:38:00','YYYY-MM-DD HH24:MI:SS'), '7376', 91);
INSERT INTO TIMETABLE VALUES(339, TO_DATE('2022-10-01 00:00:00','YYYY-MM-DD HH24:MI:SS'), TO_DATE('2022-10-01 15:12:00','YYYY-MM-DD HH24:MI:SS'), TO_DATE('2022-10-01 18:20:00','YYYY-MM-DD HH24:MI:SS'), '1383', 60);
INSERT INTO TIMETABLE VALUES(340, TO_DATE('2022-10-07 00:00:00','YYYY-MM-DD HH24:MI:SS'), TO_DATE('2022-10-07 00:01:00','YYYY-MM-DD HH24:MI:SS'), TO_DATE('2022-10-07 23:44:00','YYYY-MM-DD HH24:MI:SS'), '1703', 64);
INSERT INTO TIMETABLE VALUES(341, TO_DATE('2022-10-05 00:00:00','YYYY-MM-DD HH24:MI:SS'), TO_DATE('2022-10-05 15:49:00','YYYY-MM-DD HH24:MI:SS'), TO_DATE('2022-10-05 19:23:00','YYYY-MM-DD HH24:MI:SS'), '1101', 47);
INSERT INTO TIMETABLE VALUES(342, TO_DATE('2022-10-04 00:00:00','YYYY-MM-DD HH24:MI:SS'), TO_DATE('2022-10-04 04:15:00','YYYY-MM-DD HH24:MI:SS'), TO_DATE('2022-10-04 11:20:00','YYYY-MM-DD HH24:MI:SS'), '0354', 75);
INSERT INTO TIMETABLE VALUES(343, TO_DATE('2022-10-07 00:00:00','YYYY-MM-DD HH24:MI:SS'), TO_DATE('2022-10-07 02:43:00','YYYY-MM-DD HH24:MI:SS'), TO_DATE('2022-10-07 21:41:00','YYYY-MM-DD HH24:MI:SS'), '1043', 89);
INSERT INTO TIMETABLE VALUES(344, TO_DATE('2022-10-01 00:00:00','YYYY-MM-DD HH24:MI:SS'), TO_DATE('2022-10-01 05:50:00','YYYY-MM-DD HH24:MI:SS'), TO_DATE('2022-10-01 11:47:00','YYYY-MM-DD HH24:MI:SS'), '5292', 6);
INSERT INTO TIMETABLE VALUES(345, TO_DATE('2022-10-01 00:00:00','YYYY-MM-DD HH24:MI:SS'), TO_DATE('2022-10-01 00:35:00','YYYY-MM-DD HH24:MI:SS'), TO_DATE('2022-10-01 05:15:00','YYYY-MM-DD HH24:MI:SS'), '7698', 35);
INSERT INTO TIMETABLE VALUES(346, TO_DATE('2022-10-01 00:00:00','YYYY-MM-DD HH24:MI:SS'), TO_DATE('2022-10-01 01:56:00','YYYY-MM-DD HH24:MI:SS'), TO_DATE('2022-10-01 02:23:00','YYYY-MM-DD HH24:MI:SS'), '4370', 31);
INSERT INTO TIMETABLE VALUES(347, TO_DATE('2022-10-03 00:00:00','YYYY-MM-DD HH24:MI:SS'), TO_DATE('2022-10-03 12:02:00','YYYY-MM-DD HH24:MI:SS'), TO_DATE('2022-10-03 20:38:00','YYYY-MM-DD HH24:MI:SS'), '1507', 21);
INSERT INTO TIMETABLE VALUES(348, TO_DATE('2022-10-03 00:00:00','YYYY-MM-DD HH24:MI:SS'), TO_DATE('2022-10-03 01:07:00','YYYY-MM-DD HH24:MI:SS'), TO_DATE('2022-10-03 11:57:00','YYYY-MM-DD HH24:MI:SS'), '7698', 27);
INSERT INTO TIMETABLE VALUES(349, TO_DATE('2022-10-02 00:00:00','YYYY-MM-DD HH24:MI:SS'), TO_DATE('2022-10-02 02:17:00','YYYY-MM-DD HH24:MI:SS'), TO_DATE('2022-10-02 04:49:00','YYYY-MM-DD HH24:MI:SS'), '1505', 5);
INSERT INTO TIMETABLE VALUES(350, TO_DATE('2022-10-01 00:00:00','YYYY-MM-DD HH24:MI:SS'), TO_DATE('2022-10-01 05:38:00','YYYY-MM-DD HH24:MI:SS'), TO_DATE('2022-10-01 15:49:00','YYYY-MM-DD HH24:MI:SS'), '7376', 33);
INSERT INTO TIMETABLE VALUES(351, TO_DATE('2022-10-07 00:00:00','YYYY-MM-DD HH24:MI:SS'), TO_DATE('2022-10-07 02:23:00','YYYY-MM-DD HH24:MI:SS'), TO_DATE('2022-10-07 23:07:00','YYYY-MM-DD HH24:MI:SS'), '6761', 79);
INSERT INTO TIMETABLE VALUES(352, TO_DATE('2022-10-03 00:00:00','YYYY-MM-DD HH24:MI:SS'), TO_DATE('2022-10-03 01:36:00','YYYY-MM-DD HH24:MI:SS'), TO_DATE('2022-10-03 04:13:00','YYYY-MM-DD HH24:MI:SS'), '5405', 98);
INSERT INTO TIMETABLE VALUES(353, TO_DATE('2022-10-04 00:00:00','YYYY-MM-DD HH24:MI:SS'), TO_DATE('2022-10-04 04:44:00','YYYY-MM-DD HH24:MI:SS'), TO_DATE('2022-10-04 09:35:00','YYYY-MM-DD HH24:MI:SS'), '9801', 14);
INSERT INTO TIMETABLE VALUES(354, TO_DATE('2022-10-07 00:00:00','YYYY-MM-DD HH24:MI:SS'), TO_DATE('2022-10-07 01:46:00','YYYY-MM-DD HH24:MI:SS'), TO_DATE('2022-10-07 17:00:00','YYYY-MM-DD HH24:MI:SS'), '5527', 15);
INSERT INTO TIMETABLE VALUES(355, TO_DATE('2022-10-04 00:00:00','YYYY-MM-DD HH24:MI:SS'), TO_DATE('2022-10-04 11:41:00','YYYY-MM-DD HH24:MI:SS'), TO_DATE('2022-10-04 11:28:00','YYYY-MM-DD HH24:MI:SS'), '8499', 73);
INSERT INTO TIMETABLE VALUES(356, TO_DATE('2022-10-03 00:00:00','YYYY-MM-DD HH24:MI:SS'), TO_DATE('2022-10-03 06:26:00','YYYY-MM-DD HH24:MI:SS'), TO_DATE('2022-10-03 10:14:00','YYYY-MM-DD HH24:MI:SS'), '6915', 6);
INSERT INTO TIMETABLE VALUES(357, TO_DATE('2022-10-03 00:00:00','YYYY-MM-DD HH24:MI:SS'), TO_DATE('2022-10-03 11:25:00','YYYY-MM-DD HH24:MI:SS'), TO_DATE('2022-10-03 22:10:00','YYYY-MM-DD HH24:MI:SS'), '2037', 79);
INSERT INTO TIMETABLE VALUES(358, TO_DATE('2022-10-03 00:00:00','YYYY-MM-DD HH24:MI:SS'), TO_DATE('2022-10-03 13:21:00','YYYY-MM-DD HH24:MI:SS'), TO_DATE('2022-10-03 16:06:00','YYYY-MM-DD HH24:MI:SS'), '7258', 90);
INSERT INTO TIMETABLE VALUES(359, TO_DATE('2022-10-03 00:00:00','YYYY-MM-DD HH24:MI:SS'), TO_DATE('2022-10-03 16:31:00','YYYY-MM-DD HH24:MI:SS'), TO_DATE('2022-10-03 20:48:00','YYYY-MM-DD HH24:MI:SS'), '0064', 8);
INSERT INTO TIMETABLE VALUES(360, TO_DATE('2022-10-07 00:00:00','YYYY-MM-DD HH24:MI:SS'), TO_DATE('2022-10-07 11:37:00','YYYY-MM-DD HH24:MI:SS'), TO_DATE('2022-10-07 16:24:00','YYYY-MM-DD HH24:MI:SS'), '5166', 50);
INSERT INTO TIMETABLE VALUES(361, TO_DATE('2022-10-06 00:00:00','YYYY-MM-DD HH24:MI:SS'), TO_DATE('2022-10-06 03:44:00','YYYY-MM-DD HH24:MI:SS'), TO_DATE('2022-10-06 22:49:00','YYYY-MM-DD HH24:MI:SS'), '6359', 80);
INSERT INTO TIMETABLE VALUES(362, TO_DATE('2022-10-04 00:00:00','YYYY-MM-DD HH24:MI:SS'), TO_DATE('2022-10-04 14:42:00','YYYY-MM-DD HH24:MI:SS'), TO_DATE('2022-10-04 19:12:00','YYYY-MM-DD HH24:MI:SS'), '0736', 92);
INSERT INTO TIMETABLE VALUES(363, TO_DATE('2022-10-02 00:00:00','YYYY-MM-DD HH24:MI:SS'), TO_DATE('2022-10-02 09:49:00','YYYY-MM-DD HH24:MI:SS'), TO_DATE('2022-10-02 14:15:00','YYYY-MM-DD HH24:MI:SS'), '8606', 73);
INSERT INTO TIMETABLE VALUES(364, TO_DATE('2022-10-01 00:00:00','YYYY-MM-DD HH24:MI:SS'), TO_DATE('2022-10-01 00:58:00','YYYY-MM-DD HH24:MI:SS'), TO_DATE('2022-10-01 14:27:00','YYYY-MM-DD HH24:MI:SS'), '5292', 13);
INSERT INTO TIMETABLE VALUES(365, TO_DATE('2022-10-02 00:00:00','YYYY-MM-DD HH24:MI:SS'), TO_DATE('2022-10-02 06:48:00','YYYY-MM-DD HH24:MI:SS'), TO_DATE('2022-10-02 11:52:00','YYYY-MM-DD HH24:MI:SS'), '6359', 75);
INSERT INTO TIMETABLE VALUES(366, TO_DATE('2022-10-05 00:00:00','YYYY-MM-DD HH24:MI:SS'), TO_DATE('2022-10-05 03:31:00','YYYY-MM-DD HH24:MI:SS'), TO_DATE('2022-10-05 16:14:00','YYYY-MM-DD HH24:MI:SS'), '8152', 38);
INSERT INTO TIMETABLE VALUES(367, TO_DATE('2022-10-01 00:00:00','YYYY-MM-DD HH24:MI:SS'), TO_DATE('2022-10-01 07:41:00','YYYY-MM-DD HH24:MI:SS'), TO_DATE('2022-10-01 18:56:00','YYYY-MM-DD HH24:MI:SS'), '0617', 99);
INSERT INTO TIMETABLE VALUES(368, TO_DATE('2022-10-03 00:00:00','YYYY-MM-DD HH24:MI:SS'), TO_DATE('2022-10-03 06:38:00','YYYY-MM-DD HH24:MI:SS'), TO_DATE('2022-10-03 17:47:00','YYYY-MM-DD HH24:MI:SS'), '6359', 3);
INSERT INTO TIMETABLE VALUES(369, TO_DATE('2022-10-02 00:00:00','YYYY-MM-DD HH24:MI:SS'), TO_DATE('2022-10-02 01:58:00','YYYY-MM-DD HH24:MI:SS'), TO_DATE('2022-10-02 18:55:00','YYYY-MM-DD HH24:MI:SS'), '6761', 32);
INSERT INTO TIMETABLE VALUES(370, TO_DATE('2022-10-04 00:00:00','YYYY-MM-DD HH24:MI:SS'), TO_DATE('2022-10-04 05:13:00','YYYY-MM-DD HH24:MI:SS'), TO_DATE('2022-10-04 10:27:00','YYYY-MM-DD HH24:MI:SS'), '4117', 0);
INSERT INTO TIMETABLE VALUES(371, TO_DATE('2022-10-06 00:00:00','YYYY-MM-DD HH24:MI:SS'), TO_DATE('2022-10-06 10:16:00','YYYY-MM-DD HH24:MI:SS'), TO_DATE('2022-10-06 16:48:00','YYYY-MM-DD HH24:MI:SS'), '7258', 74);
INSERT INTO TIMETABLE VALUES(372, TO_DATE('2022-10-01 00:00:00','YYYY-MM-DD HH24:MI:SS'), TO_DATE('2022-10-01 08:32:00','YYYY-MM-DD HH24:MI:SS'), TO_DATE('2022-10-01 10:44:00','YYYY-MM-DD HH24:MI:SS'), '2577', 78);
INSERT INTO TIMETABLE VALUES(373, TO_DATE('2022-10-05 00:00:00','YYYY-MM-DD HH24:MI:SS'), TO_DATE('2022-10-05 08:49:00','YYYY-MM-DD HH24:MI:SS'), TO_DATE('2022-10-05 19:20:00','YYYY-MM-DD HH24:MI:SS'), '9801', 65);
INSERT INTO TIMETABLE VALUES(374, TO_DATE('2022-10-07 00:00:00','YYYY-MM-DD HH24:MI:SS'), TO_DATE('2022-10-07 05:25:00','YYYY-MM-DD HH24:MI:SS'), TO_DATE('2022-10-07 21:23:00','YYYY-MM-DD HH24:MI:SS'), '0219', 3);
INSERT INTO TIMETABLE VALUES(375, TO_DATE('2022-10-06 00:00:00','YYYY-MM-DD HH24:MI:SS'), TO_DATE('2022-10-06 10:36:00','YYYY-MM-DD HH24:MI:SS'), TO_DATE('2022-10-06 11:20:00','YYYY-MM-DD HH24:MI:SS'), '9801', 52);
INSERT INTO TIMETABLE VALUES(376, TO_DATE('2022-10-02 00:00:00','YYYY-MM-DD HH24:MI:SS'), TO_DATE('2022-10-02 03:11:00','YYYY-MM-DD HH24:MI:SS'), TO_DATE('2022-10-02 11:44:00','YYYY-MM-DD HH24:MI:SS'), '7921', 38);
INSERT INTO TIMETABLE VALUES(377, TO_DATE('2022-10-05 00:00:00','YYYY-MM-DD HH24:MI:SS'), TO_DATE('2022-10-05 14:37:00','YYYY-MM-DD HH24:MI:SS'), TO_DATE('2022-10-05 22:27:00','YYYY-MM-DD HH24:MI:SS'), '0354', 88);
INSERT INTO TIMETABLE VALUES(378, TO_DATE('2022-10-02 00:00:00','YYYY-MM-DD HH24:MI:SS'), TO_DATE('2022-10-02 02:46:00','YYYY-MM-DD HH24:MI:SS'), TO_DATE('2022-10-02 21:12:00','YYYY-MM-DD HH24:MI:SS'), '8499', 62);
INSERT INTO TIMETABLE VALUES(379, TO_DATE('2022-10-05 00:00:00','YYYY-MM-DD HH24:MI:SS'), TO_DATE('2022-10-05 07:09:00','YYYY-MM-DD HH24:MI:SS'), TO_DATE('2022-10-05 13:10:00','YYYY-MM-DD HH24:MI:SS'), '3356', 62);
INSERT INTO TIMETABLE VALUES(380, TO_DATE('2022-10-07 00:00:00','YYYY-MM-DD HH24:MI:SS'), TO_DATE('2022-10-07 08:58:00','YYYY-MM-DD HH24:MI:SS'), TO_DATE('2022-10-07 14:58:00','YYYY-MM-DD HH24:MI:SS'), '2925', 9);
INSERT INTO TIMETABLE VALUES(381, TO_DATE('2022-10-04 00:00:00','YYYY-MM-DD HH24:MI:SS'), TO_DATE('2022-10-04 07:47:00','YYYY-MM-DD HH24:MI:SS'), TO_DATE('2022-10-04 15:07:00','YYYY-MM-DD HH24:MI:SS'), '7437', 3);
INSERT INTO TIMETABLE VALUES(382, TO_DATE('2022-10-04 00:00:00','YYYY-MM-DD HH24:MI:SS'), TO_DATE('2022-10-04 08:25:00','YYYY-MM-DD HH24:MI:SS'), TO_DATE('2022-10-04 13:48:00','YYYY-MM-DD HH24:MI:SS'), '1453', 77);
INSERT INTO TIMETABLE VALUES(383, TO_DATE('2022-10-07 00:00:00','YYYY-MM-DD HH24:MI:SS'), TO_DATE('2022-10-07 15:25:00','YYYY-MM-DD HH24:MI:SS'), TO_DATE('2022-10-07 16:06:00','YYYY-MM-DD HH24:MI:SS'), '8719', 68);
INSERT INTO TIMETABLE VALUES(384, TO_DATE('2022-10-03 00:00:00','YYYY-MM-DD HH24:MI:SS'), TO_DATE('2022-10-03 08:56:00','YYYY-MM-DD HH24:MI:SS'), TO_DATE('2022-10-03 19:01:00','YYYY-MM-DD HH24:MI:SS'), '2552', 62);
INSERT INTO TIMETABLE VALUES(385, TO_DATE('2022-10-05 00:00:00','YYYY-MM-DD HH24:MI:SS'), TO_DATE('2022-10-05 07:12:00','YYYY-MM-DD HH24:MI:SS'), TO_DATE('2022-10-05 12:27:00','YYYY-MM-DD HH24:MI:SS'), '5639', 84);
INSERT INTO TIMETABLE VALUES(386, TO_DATE('2022-10-03 00:00:00','YYYY-MM-DD HH24:MI:SS'), TO_DATE('2022-10-03 00:56:00','YYYY-MM-DD HH24:MI:SS'), TO_DATE('2022-10-03 14:48:00','YYYY-MM-DD HH24:MI:SS'), '9723', 77);
INSERT INTO TIMETABLE VALUES(387, TO_DATE('2022-10-01 00:00:00','YYYY-MM-DD HH24:MI:SS'), TO_DATE('2022-10-01 01:16:00','YYYY-MM-DD HH24:MI:SS'), TO_DATE('2022-10-01 04:02:00','YYYY-MM-DD HH24:MI:SS'), '6073', 21);
INSERT INTO TIMETABLE VALUES(388, TO_DATE('2022-10-02 00:00:00','YYYY-MM-DD HH24:MI:SS'), TO_DATE('2022-10-02 01:19:00','YYYY-MM-DD HH24:MI:SS'), TO_DATE('2022-10-02 08:44:00','YYYY-MM-DD HH24:MI:SS'), '6359', 44);
INSERT INTO TIMETABLE VALUES(389, TO_DATE('2022-10-02 00:00:00','YYYY-MM-DD HH24:MI:SS'), TO_DATE('2022-10-02 14:22:00','YYYY-MM-DD HH24:MI:SS'), TO_DATE('2022-10-02 22:16:00','YYYY-MM-DD HH24:MI:SS'), '1004', 69);
INSERT INTO TIMETABLE VALUES(390, TO_DATE('2022-10-05 00:00:00','YYYY-MM-DD HH24:MI:SS'), TO_DATE('2022-10-05 00:18:00','YYYY-MM-DD HH24:MI:SS'), TO_DATE('2022-10-05 07:53:00','YYYY-MM-DD HH24:MI:SS'), '1834', 21);
INSERT INTO TIMETABLE VALUES(391, TO_DATE('2022-10-04 00:00:00','YYYY-MM-DD HH24:MI:SS'), TO_DATE('2022-10-04 11:03:00','YYYY-MM-DD HH24:MI:SS'), TO_DATE('2022-10-04 12:43:00','YYYY-MM-DD HH24:MI:SS'), '0617', 6);
INSERT INTO TIMETABLE VALUES(392, TO_DATE('2022-10-06 00:00:00','YYYY-MM-DD HH24:MI:SS'), TO_DATE('2022-10-06 05:04:00','YYYY-MM-DD HH24:MI:SS'), TO_DATE('2022-10-06 12:14:00','YYYY-MM-DD HH24:MI:SS'), '4154', 95);
INSERT INTO TIMETABLE VALUES(393, TO_DATE('2022-10-03 00:00:00','YYYY-MM-DD HH24:MI:SS'), TO_DATE('2022-10-03 02:05:00','YYYY-MM-DD HH24:MI:SS'), TO_DATE('2022-10-03 18:31:00','YYYY-MM-DD HH24:MI:SS'), '4201', 16);
INSERT INTO TIMETABLE VALUES(394, TO_DATE('2022-10-05 00:00:00','YYYY-MM-DD HH24:MI:SS'), TO_DATE('2022-10-05 02:52:00','YYYY-MM-DD HH24:MI:SS'), TO_DATE('2022-10-05 16:32:00','YYYY-MM-DD HH24:MI:SS'), '0211', 78);
INSERT INTO TIMETABLE VALUES(395, TO_DATE('2022-10-01 00:00:00','YYYY-MM-DD HH24:MI:SS'), TO_DATE('2022-10-01 08:04:00','YYYY-MM-DD HH24:MI:SS'), TO_DATE('2022-10-01 13:48:00','YYYY-MM-DD HH24:MI:SS'), '0835', 55);
INSERT INTO TIMETABLE VALUES(396, TO_DATE('2022-10-05 00:00:00','YYYY-MM-DD HH24:MI:SS'), TO_DATE('2022-10-05 19:12:00','YYYY-MM-DD HH24:MI:SS'), TO_DATE('2022-10-05 20:32:00','YYYY-MM-DD HH24:MI:SS'), '1731', 70);
INSERT INTO TIMETABLE VALUES(397, TO_DATE('2022-10-07 00:00:00','YYYY-MM-DD HH24:MI:SS'), TO_DATE('2022-10-07 07:18:00','YYYY-MM-DD HH24:MI:SS'), TO_DATE('2022-10-07 11:41:00','YYYY-MM-DD HH24:MI:SS'), '6359', 44);
INSERT INTO TIMETABLE VALUES(398, TO_DATE('2022-10-03 00:00:00','YYYY-MM-DD HH24:MI:SS'), TO_DATE('2022-10-03 01:45:00','YYYY-MM-DD HH24:MI:SS'), TO_DATE('2022-10-03 08:08:00','YYYY-MM-DD HH24:MI:SS'), '5639', 67);
INSERT INTO TIMETABLE VALUES(399, TO_DATE('2022-10-03 00:00:00','YYYY-MM-DD HH24:MI:SS'), TO_DATE('2022-10-03 10:47:00','YYYY-MM-DD HH24:MI:SS'), TO_DATE('2022-10-03 15:51:00','YYYY-MM-DD HH24:MI:SS'), '0211', 81);
INSERT INTO TIMETABLE VALUES(400, TO_DATE('2022-10-03 00:00:00','YYYY-MM-DD HH24:MI:SS'), TO_DATE('2022-10-03 03:49:00','YYYY-MM-DD HH24:MI:SS'), TO_DATE('2022-10-03 23:41:00','YYYY-MM-DD HH24:MI:SS'), '4154', 81);
INSERT INTO TIMETABLE VALUES(401, TO_DATE('2022-10-06 00:00:00','YYYY-MM-DD HH24:MI:SS'), TO_DATE('2022-10-06 06:44:00','YYYY-MM-DD HH24:MI:SS'), TO_DATE('2022-10-06 07:04:00','YYYY-MM-DD HH24:MI:SS'), '9245', 56);
INSERT INTO TIMETABLE VALUES(402, TO_DATE('2022-10-07 00:00:00','YYYY-MM-DD HH24:MI:SS'), TO_DATE('2022-10-07 21:32:00','YYYY-MM-DD HH24:MI:SS'), TO_DATE('2022-10-07 22:27:00','YYYY-MM-DD HH24:MI:SS'), '8660', 4);
INSERT INTO TIMETABLE VALUES(403, TO_DATE('2022-10-02 00:00:00','YYYY-MM-DD HH24:MI:SS'), TO_DATE('2022-10-02 05:48:00','YYYY-MM-DD HH24:MI:SS'), TO_DATE('2022-10-02 05:39:00','YYYY-MM-DD HH24:MI:SS'), '7258', 15);
INSERT INTO TIMETABLE VALUES(404, TO_DATE('2022-10-01 00:00:00','YYYY-MM-DD HH24:MI:SS'), TO_DATE('2022-10-01 07:46:00','YYYY-MM-DD HH24:MI:SS'), TO_DATE('2022-10-01 18:32:00','YYYY-MM-DD HH24:MI:SS'), '7234', 66);
INSERT INTO TIMETABLE VALUES(405, TO_DATE('2022-10-01 00:00:00','YYYY-MM-DD HH24:MI:SS'), TO_DATE('2022-10-01 00:50:00','YYYY-MM-DD HH24:MI:SS'), TO_DATE('2022-10-01 07:10:00','YYYY-MM-DD HH24:MI:SS'), '0835', 81);
INSERT INTO TIMETABLE VALUES(406, TO_DATE('2022-10-01 00:00:00','YYYY-MM-DD HH24:MI:SS'), TO_DATE('2022-10-01 04:54:00','YYYY-MM-DD HH24:MI:SS'), TO_DATE('2022-10-01 16:47:00','YYYY-MM-DD HH24:MI:SS'), '0211', 73);
INSERT INTO TIMETABLE VALUES(407, TO_DATE('2022-10-07 00:00:00','YYYY-MM-DD HH24:MI:SS'), TO_DATE('2022-10-07 07:05:00','YYYY-MM-DD HH24:MI:SS'), TO_DATE('2022-10-07 22:22:00','YYYY-MM-DD HH24:MI:SS'), '0072', 41);
INSERT INTO TIMETABLE VALUES(408, TO_DATE('2022-10-03 00:00:00','YYYY-MM-DD HH24:MI:SS'), TO_DATE('2022-10-03 06:53:00','YYYY-MM-DD HH24:MI:SS'), TO_DATE('2022-10-03 13:23:00','YYYY-MM-DD HH24:MI:SS'), '3356', 89);
INSERT INTO TIMETABLE VALUES(409, TO_DATE('2022-10-07 00:00:00','YYYY-MM-DD HH24:MI:SS'), TO_DATE('2022-10-07 05:12:00','YYYY-MM-DD HH24:MI:SS'), TO_DATE('2022-10-07 21:29:00','YYYY-MM-DD HH24:MI:SS'), '3007', 98);
INSERT INTO TIMETABLE VALUES(410, TO_DATE('2022-10-06 00:00:00','YYYY-MM-DD HH24:MI:SS'), TO_DATE('2022-10-06 08:35:00','YYYY-MM-DD HH24:MI:SS'), TO_DATE('2022-10-06 14:55:00','YYYY-MM-DD HH24:MI:SS'), '6636', 84);
INSERT INTO TIMETABLE VALUES(411, TO_DATE('2022-10-02 00:00:00','YYYY-MM-DD HH24:MI:SS'), TO_DATE('2022-10-02 09:27:00','YYYY-MM-DD HH24:MI:SS'), TO_DATE('2022-10-02 15:31:00','YYYY-MM-DD HH24:MI:SS'), '1383', 69);
INSERT INTO TIMETABLE VALUES(412, TO_DATE('2022-10-01 00:00:00','YYYY-MM-DD HH24:MI:SS'), TO_DATE('2022-10-01 04:53:00','YYYY-MM-DD HH24:MI:SS'), TO_DATE('2022-10-01 08:52:00','YYYY-MM-DD HH24:MI:SS'), '8152', 43);
INSERT INTO TIMETABLE VALUES(413, TO_DATE('2022-10-06 00:00:00','YYYY-MM-DD HH24:MI:SS'), TO_DATE('2022-10-06 03:13:00','YYYY-MM-DD HH24:MI:SS'), TO_DATE('2022-10-06 12:33:00','YYYY-MM-DD HH24:MI:SS'), '3746', 38);
INSERT INTO TIMETABLE VALUES(414, TO_DATE('2022-10-06 00:00:00','YYYY-MM-DD HH24:MI:SS'), TO_DATE('2022-10-06 03:06:00','YYYY-MM-DD HH24:MI:SS'), TO_DATE('2022-10-06 19:35:00','YYYY-MM-DD HH24:MI:SS'), '0727', 30);
INSERT INTO TIMETABLE VALUES(415, TO_DATE('2022-10-03 00:00:00','YYYY-MM-DD HH24:MI:SS'), TO_DATE('2022-10-03 14:04:00','YYYY-MM-DD HH24:MI:SS'), TO_DATE('2022-10-03 16:01:00','YYYY-MM-DD HH24:MI:SS'), '5655', 51);
INSERT INTO TIMETABLE VALUES(416, TO_DATE('2022-10-05 00:00:00','YYYY-MM-DD HH24:MI:SS'), TO_DATE('2022-10-05 04:41:00','YYYY-MM-DD HH24:MI:SS'), TO_DATE('2022-10-05 06:34:00','YYYY-MM-DD HH24:MI:SS'), '9357', 19);
INSERT INTO TIMETABLE VALUES(417, TO_DATE('2022-10-07 00:00:00','YYYY-MM-DD HH24:MI:SS'), TO_DATE('2022-10-07 00:14:00','YYYY-MM-DD HH24:MI:SS'), TO_DATE('2022-10-07 05:38:00','YYYY-MM-DD HH24:MI:SS'), '7921', 62);
INSERT INTO TIMETABLE VALUES(418, TO_DATE('2022-10-06 00:00:00','YYYY-MM-DD HH24:MI:SS'), TO_DATE('2022-10-06 07:35:00','YYYY-MM-DD HH24:MI:SS'), TO_DATE('2022-10-06 08:04:00','YYYY-MM-DD HH24:MI:SS'), '1341', 48);
INSERT INTO TIMETABLE VALUES(419, TO_DATE('2022-10-05 00:00:00','YYYY-MM-DD HH24:MI:SS'), TO_DATE('2022-10-05 01:31:00','YYYY-MM-DD HH24:MI:SS'), TO_DATE('2022-10-05 13:07:00','YYYY-MM-DD HH24:MI:SS'), '9801', 8);
INSERT INTO TIMETABLE VALUES(420, TO_DATE('2022-10-01 00:00:00','YYYY-MM-DD HH24:MI:SS'), TO_DATE('2022-10-01 01:16:00','YYYY-MM-DD HH24:MI:SS'), TO_DATE('2022-10-01 21:38:00','YYYY-MM-DD HH24:MI:SS'), '5597', 11);
INSERT INTO TIMETABLE VALUES(421, TO_DATE('2022-10-02 00:00:00','YYYY-MM-DD HH24:MI:SS'), TO_DATE('2022-10-02 00:48:00','YYYY-MM-DD HH24:MI:SS'), TO_DATE('2022-10-02 17:24:00','YYYY-MM-DD HH24:MI:SS'), '6308', 66);
INSERT INTO TIMETABLE VALUES(422, TO_DATE('2022-10-04 00:00:00','YYYY-MM-DD HH24:MI:SS'), TO_DATE('2022-10-04 08:28:00','YYYY-MM-DD HH24:MI:SS'), TO_DATE('2022-10-04 22:43:00','YYYY-MM-DD HH24:MI:SS'), '9357', 24);
INSERT INTO TIMETABLE VALUES(423, TO_DATE('2022-10-04 00:00:00','YYYY-MM-DD HH24:MI:SS'), TO_DATE('2022-10-04 02:05:00','YYYY-MM-DD HH24:MI:SS'), TO_DATE('2022-10-04 20:36:00','YYYY-MM-DD HH24:MI:SS'), '1703', 59);
INSERT INTO TIMETABLE VALUES(424, TO_DATE('2022-10-06 00:00:00','YYYY-MM-DD HH24:MI:SS'), TO_DATE('2022-10-06 02:13:00','YYYY-MM-DD HH24:MI:SS'), TO_DATE('2022-10-06 22:49:00','YYYY-MM-DD HH24:MI:SS'), '6224', 86);
INSERT INTO TIMETABLE VALUES(425, TO_DATE('2022-10-04 00:00:00','YYYY-MM-DD HH24:MI:SS'), TO_DATE('2022-10-04 06:24:00','YYYY-MM-DD HH24:MI:SS'), TO_DATE('2022-10-04 15:38:00','YYYY-MM-DD HH24:MI:SS'), '0219', 5);
INSERT INTO TIMETABLE VALUES(426, TO_DATE('2022-10-02 00:00:00','YYYY-MM-DD HH24:MI:SS'), TO_DATE('2022-10-02 02:22:00','YYYY-MM-DD HH24:MI:SS'), TO_DATE('2022-10-02 06:33:00','YYYY-MM-DD HH24:MI:SS'), '8147', 55);
INSERT INTO TIMETABLE VALUES(427, TO_DATE('2022-10-06 00:00:00','YYYY-MM-DD HH24:MI:SS'), TO_DATE('2022-10-06 06:54:00','YYYY-MM-DD HH24:MI:SS'), TO_DATE('2022-10-06 13:54:00','YYYY-MM-DD HH24:MI:SS'), '8499', 0);
INSERT INTO TIMETABLE VALUES(428, TO_DATE('2022-10-07 00:00:00','YYYY-MM-DD HH24:MI:SS'), TO_DATE('2022-10-07 08:28:00','YYYY-MM-DD HH24:MI:SS'), TO_DATE('2022-10-07 09:33:00','YYYY-MM-DD HH24:MI:SS'), '8966', 62);
INSERT INTO TIMETABLE VALUES(429, TO_DATE('2022-10-03 00:00:00','YYYY-MM-DD HH24:MI:SS'), TO_DATE('2022-10-03 00:16:00','YYYY-MM-DD HH24:MI:SS'), TO_DATE('2022-10-03 01:06:00','YYYY-MM-DD HH24:MI:SS'), '2493', 19);
INSERT INTO TIMETABLE VALUES(430, TO_DATE('2022-10-04 00:00:00','YYYY-MM-DD HH24:MI:SS'), TO_DATE('2022-10-04 07:11:00','YYYY-MM-DD HH24:MI:SS'), TO_DATE('2022-10-04 11:43:00','YYYY-MM-DD HH24:MI:SS'), '8147', 95);
INSERT INTO TIMETABLE VALUES(431, TO_DATE('2022-10-01 00:00:00','YYYY-MM-DD HH24:MI:SS'), TO_DATE('2022-10-01 07:13:00','YYYY-MM-DD HH24:MI:SS'), TO_DATE('2022-10-01 17:27:00','YYYY-MM-DD HH24:MI:SS'), '5166', 45);
INSERT INTO TIMETABLE VALUES(432, TO_DATE('2022-10-07 00:00:00','YYYY-MM-DD HH24:MI:SS'), TO_DATE('2022-10-07 11:00:00','YYYY-MM-DD HH24:MI:SS'), TO_DATE('2022-10-07 20:33:00','YYYY-MM-DD HH24:MI:SS'), '1101', 62);
INSERT INTO TIMETABLE VALUES(433, TO_DATE('2022-10-07 00:00:00','YYYY-MM-DD HH24:MI:SS'), TO_DATE('2022-10-07 15:58:00','YYYY-MM-DD HH24:MI:SS'), TO_DATE('2022-10-07 23:25:00','YYYY-MM-DD HH24:MI:SS'), '6308', 52);
INSERT INTO TIMETABLE VALUES(434, TO_DATE('2022-10-02 00:00:00','YYYY-MM-DD HH24:MI:SS'), TO_DATE('2022-10-02 05:37:00','YYYY-MM-DD HH24:MI:SS'), TO_DATE('2022-10-02 14:33:00','YYYY-MM-DD HH24:MI:SS'), '0617', 2);
INSERT INTO TIMETABLE VALUES(435, TO_DATE('2022-10-05 00:00:00','YYYY-MM-DD HH24:MI:SS'), TO_DATE('2022-10-05 05:30:00','YYYY-MM-DD HH24:MI:SS'), TO_DATE('2022-10-05 17:21:00','YYYY-MM-DD HH24:MI:SS'), '6308', 15);
INSERT INTO TIMETABLE VALUES(436, TO_DATE('2022-10-07 00:00:00','YYYY-MM-DD HH24:MI:SS'), TO_DATE('2022-10-07 00:59:00','YYYY-MM-DD HH24:MI:SS'), TO_DATE('2022-10-07 18:45:00','YYYY-MM-DD HH24:MI:SS'), '5166', 1);
INSERT INTO TIMETABLE VALUES(437, TO_DATE('2022-10-06 00:00:00','YYYY-MM-DD HH24:MI:SS'), TO_DATE('2022-10-06 08:06:00','YYYY-MM-DD HH24:MI:SS'), TO_DATE('2022-10-06 19:14:00','YYYY-MM-DD HH24:MI:SS'), '5597', 68);
INSERT INTO TIMETABLE VALUES(438, TO_DATE('2022-10-06 00:00:00','YYYY-MM-DD HH24:MI:SS'), TO_DATE('2022-10-06 01:03:00','YYYY-MM-DD HH24:MI:SS'), TO_DATE('2022-10-06 05:28:00','YYYY-MM-DD HH24:MI:SS'), '0064', 93);
INSERT INTO TIMETABLE VALUES(439, TO_DATE('2022-10-05 00:00:00','YYYY-MM-DD HH24:MI:SS'), TO_DATE('2022-10-05 06:34:00','YYYY-MM-DD HH24:MI:SS'), TO_DATE('2022-10-05 17:52:00','YYYY-MM-DD HH24:MI:SS'), '6636', 5);
INSERT INTO TIMETABLE VALUES(440, TO_DATE('2022-10-05 00:00:00','YYYY-MM-DD HH24:MI:SS'), TO_DATE('2022-10-05 04:05:00','YYYY-MM-DD HH24:MI:SS'), TO_DATE('2022-10-05 18:32:00','YYYY-MM-DD HH24:MI:SS'), '3746', 25);
INSERT INTO TIMETABLE VALUES(441, TO_DATE('2022-10-02 00:00:00','YYYY-MM-DD HH24:MI:SS'), TO_DATE('2022-10-02 06:27:00','YYYY-MM-DD HH24:MI:SS'), TO_DATE('2022-10-02 11:57:00','YYYY-MM-DD HH24:MI:SS'), '0243', 49);
INSERT INTO TIMETABLE VALUES(442, TO_DATE('2022-10-03 00:00:00','YYYY-MM-DD HH24:MI:SS'), TO_DATE('2022-10-03 02:19:00','YYYY-MM-DD HH24:MI:SS'), TO_DATE('2022-10-03 10:20:00','YYYY-MM-DD HH24:MI:SS'), '2925', 2);
INSERT INTO TIMETABLE VALUES(443, TO_DATE('2022-10-06 00:00:00','YYYY-MM-DD HH24:MI:SS'), TO_DATE('2022-10-06 02:43:00','YYYY-MM-DD HH24:MI:SS'), TO_DATE('2022-10-06 23:13:00','YYYY-MM-DD HH24:MI:SS'), '8606', 79);
INSERT INTO TIMETABLE VALUES(444, TO_DATE('2022-10-06 00:00:00','YYYY-MM-DD HH24:MI:SS'), TO_DATE('2022-10-06 10:40:00','YYYY-MM-DD HH24:MI:SS'), TO_DATE('2022-10-06 23:10:00','YYYY-MM-DD HH24:MI:SS'), '1383', 99);
INSERT INTO TIMETABLE VALUES(445, TO_DATE('2022-10-07 00:00:00','YYYY-MM-DD HH24:MI:SS'), TO_DATE('2022-10-07 03:22:00','YYYY-MM-DD HH24:MI:SS'), TO_DATE('2022-10-07 12:45:00','YYYY-MM-DD HH24:MI:SS'), '7698', 45);
INSERT INTO TIMETABLE VALUES(446, TO_DATE('2022-10-04 00:00:00','YYYY-MM-DD HH24:MI:SS'), TO_DATE('2022-10-04 04:18:00','YYYY-MM-DD HH24:MI:SS'), TO_DATE('2022-10-04 12:40:00','YYYY-MM-DD HH24:MI:SS'), '5527', 43);
INSERT INTO TIMETABLE VALUES(447, TO_DATE('2022-10-01 00:00:00','YYYY-MM-DD HH24:MI:SS'), TO_DATE('2022-10-01 11:59:00','YYYY-MM-DD HH24:MI:SS'), TO_DATE('2022-10-01 21:24:00','YYYY-MM-DD HH24:MI:SS'), '2921', 15);
INSERT INTO TIMETABLE VALUES(448, TO_DATE('2022-10-05 00:00:00','YYYY-MM-DD HH24:MI:SS'), TO_DATE('2022-10-05 04:31:00','YYYY-MM-DD HH24:MI:SS'), TO_DATE('2022-10-05 19:11:00','YYYY-MM-DD HH24:MI:SS'), '7258', 92);
INSERT INTO TIMETABLE VALUES(449, TO_DATE('2022-10-05 00:00:00','YYYY-MM-DD HH24:MI:SS'), TO_DATE('2022-10-05 07:29:00','YYYY-MM-DD HH24:MI:SS'), TO_DATE('2022-10-05 19:36:00','YYYY-MM-DD HH24:MI:SS'), '9766', 90);
INSERT INTO TIMETABLE VALUES(450, TO_DATE('2022-10-03 00:00:00','YYYY-MM-DD HH24:MI:SS'), TO_DATE('2022-10-03 14:14:00','YYYY-MM-DD HH24:MI:SS'), TO_DATE('2022-10-03 16:22:00','YYYY-MM-DD HH24:MI:SS'), '1494', 51);
INSERT INTO TIMETABLE VALUES(451, TO_DATE('2022-10-07 00:00:00','YYYY-MM-DD HH24:MI:SS'), TO_DATE('2022-10-07 11:19:00','YYYY-MM-DD HH24:MI:SS'), TO_DATE('2022-10-07 23:37:00','YYYY-MM-DD HH24:MI:SS'), '6218', 36);
INSERT INTO TIMETABLE VALUES(452, TO_DATE('2022-10-05 00:00:00','YYYY-MM-DD HH24:MI:SS'), TO_DATE('2022-10-05 04:21:00','YYYY-MM-DD HH24:MI:SS'), TO_DATE('2022-10-05 11:01:00','YYYY-MM-DD HH24:MI:SS'), '4201', 14);
INSERT INTO TIMETABLE VALUES(453, TO_DATE('2022-10-07 00:00:00','YYYY-MM-DD HH24:MI:SS'), TO_DATE('2022-10-07 13:46:00','YYYY-MM-DD HH24:MI:SS'), TO_DATE('2022-10-07 21:15:00','YYYY-MM-DD HH24:MI:SS'), '1494', 51);
INSERT INTO TIMETABLE VALUES(454, TO_DATE('2022-10-03 00:00:00','YYYY-MM-DD HH24:MI:SS'), TO_DATE('2022-10-03 02:44:00','YYYY-MM-DD HH24:MI:SS'), TO_DATE('2022-10-03 08:52:00','YYYY-MM-DD HH24:MI:SS'), '1494', 72);
INSERT INTO TIMETABLE VALUES(455, TO_DATE('2022-10-03 00:00:00','YYYY-MM-DD HH24:MI:SS'), TO_DATE('2022-10-03 03:55:00','YYYY-MM-DD HH24:MI:SS'), TO_DATE('2022-10-03 09:37:00','YYYY-MM-DD HH24:MI:SS'), '8495', 96);
INSERT INTO TIMETABLE VALUES(456, TO_DATE('2022-10-02 00:00:00','YYYY-MM-DD HH24:MI:SS'), TO_DATE('2022-10-02 08:43:00','YYYY-MM-DD HH24:MI:SS'), TO_DATE('2022-10-02 10:20:00','YYYY-MM-DD HH24:MI:SS'), '0727', 58);
INSERT INTO TIMETABLE VALUES(457, TO_DATE('2022-10-04 00:00:00','YYYY-MM-DD HH24:MI:SS'), TO_DATE('2022-10-04 08:00:00','YYYY-MM-DD HH24:MI:SS'), TO_DATE('2022-10-04 14:23:00','YYYY-MM-DD HH24:MI:SS'), '7458', 80);
INSERT INTO TIMETABLE VALUES(458, TO_DATE('2022-10-02 00:00:00','YYYY-MM-DD HH24:MI:SS'), TO_DATE('2022-10-02 07:39:00','YYYY-MM-DD HH24:MI:SS'), TO_DATE('2022-10-02 20:35:00','YYYY-MM-DD HH24:MI:SS'), '5340', 80);
INSERT INTO TIMETABLE VALUES(459, TO_DATE('2022-10-05 00:00:00','YYYY-MM-DD HH24:MI:SS'), TO_DATE('2022-10-05 01:08:00','YYYY-MM-DD HH24:MI:SS'), TO_DATE('2022-10-05 05:26:00','YYYY-MM-DD HH24:MI:SS'), '8699', 27);
INSERT INTO TIMETABLE VALUES(460, TO_DATE('2022-10-06 00:00:00','YYYY-MM-DD HH24:MI:SS'), TO_DATE('2022-10-06 07:16:00','YYYY-MM-DD HH24:MI:SS'), TO_DATE('2022-10-06 22:10:00','YYYY-MM-DD HH24:MI:SS'), '9051', 26);
INSERT INTO TIMETABLE VALUES(461, TO_DATE('2022-10-02 00:00:00','YYYY-MM-DD HH24:MI:SS'), TO_DATE('2022-10-02 09:38:00','YYYY-MM-DD HH24:MI:SS'), TO_DATE('2022-10-02 21:26:00','YYYY-MM-DD HH24:MI:SS'), '2925', 79);
INSERT INTO TIMETABLE VALUES(462, TO_DATE('2022-10-01 00:00:00','YYYY-MM-DD HH24:MI:SS'), TO_DATE('2022-10-01 00:18:00','YYYY-MM-DD HH24:MI:SS'), TO_DATE('2022-10-01 11:04:00','YYYY-MM-DD HH24:MI:SS'), '2156', 1);
INSERT INTO TIMETABLE VALUES(463, TO_DATE('2022-10-01 00:00:00','YYYY-MM-DD HH24:MI:SS'), TO_DATE('2022-10-01 01:08:00','YYYY-MM-DD HH24:MI:SS'), TO_DATE('2022-10-01 09:38:00','YYYY-MM-DD HH24:MI:SS'), '1453', 49);
INSERT INTO TIMETABLE VALUES(464, TO_DATE('2022-10-02 00:00:00','YYYY-MM-DD HH24:MI:SS'), TO_DATE('2022-10-02 05:32:00','YYYY-MM-DD HH24:MI:SS'), TO_DATE('2022-10-02 22:37:00','YYYY-MM-DD HH24:MI:SS'), '8660', 36);
INSERT INTO TIMETABLE VALUES(465, TO_DATE('2022-10-04 00:00:00','YYYY-MM-DD HH24:MI:SS'), TO_DATE('2022-10-04 11:23:00','YYYY-MM-DD HH24:MI:SS'), TO_DATE('2022-10-04 13:49:00','YYYY-MM-DD HH24:MI:SS'), '3356', 99);
INSERT INTO TIMETABLE VALUES(466, TO_DATE('2022-10-01 00:00:00','YYYY-MM-DD HH24:MI:SS'), TO_DATE('2022-10-01 11:02:00','YYYY-MM-DD HH24:MI:SS'), TO_DATE('2022-10-01 13:59:00','YYYY-MM-DD HH24:MI:SS'), '8147', 89);
INSERT INTO TIMETABLE VALUES(467, TO_DATE('2022-10-01 00:00:00','YYYY-MM-DD HH24:MI:SS'), TO_DATE('2022-10-01 19:44:00','YYYY-MM-DD HH24:MI:SS'), TO_DATE('2022-10-01 19:17:00','YYYY-MM-DD HH24:MI:SS'), '4884', 34);
INSERT INTO TIMETABLE VALUES(468, TO_DATE('2022-10-01 00:00:00','YYYY-MM-DD HH24:MI:SS'), TO_DATE('2022-10-01 12:04:00','YYYY-MM-DD HH24:MI:SS'), TO_DATE('2022-10-01 18:00:00','YYYY-MM-DD HH24:MI:SS'), '0072', 81);
INSERT INTO TIMETABLE VALUES(469, TO_DATE('2022-10-06 00:00:00','YYYY-MM-DD HH24:MI:SS'), TO_DATE('2022-10-06 06:21:00','YYYY-MM-DD HH24:MI:SS'), TO_DATE('2022-10-06 09:46:00','YYYY-MM-DD HH24:MI:SS'), '5124', 24);
INSERT INTO TIMETABLE VALUES(470, TO_DATE('2022-10-02 00:00:00','YYYY-MM-DD HH24:MI:SS'), TO_DATE('2022-10-02 14:23:00','YYYY-MM-DD HH24:MI:SS'), TO_DATE('2022-10-02 19:34:00','YYYY-MM-DD HH24:MI:SS'), '0835', 2);
INSERT INTO TIMETABLE VALUES(471, TO_DATE('2022-10-02 00:00:00','YYYY-MM-DD HH24:MI:SS'), TO_DATE('2022-10-02 02:56:00','YYYY-MM-DD HH24:MI:SS'), TO_DATE('2022-10-02 12:57:00','YYYY-MM-DD HH24:MI:SS'), '4624', 90);
INSERT INTO TIMETABLE VALUES(472, TO_DATE('2022-10-02 00:00:00','YYYY-MM-DD HH24:MI:SS'), TO_DATE('2022-10-02 04:41:00','YYYY-MM-DD HH24:MI:SS'), TO_DATE('2022-10-02 11:17:00','YYYY-MM-DD HH24:MI:SS'), '5527', 79);
INSERT INTO TIMETABLE VALUES(473, TO_DATE('2022-10-02 00:00:00','YYYY-MM-DD HH24:MI:SS'), TO_DATE('2022-10-02 00:05:00','YYYY-MM-DD HH24:MI:SS'), TO_DATE('2022-10-02 14:31:00','YYYY-MM-DD HH24:MI:SS'), '0064', 7);
INSERT INTO TIMETABLE VALUES(474, TO_DATE('2022-10-01 00:00:00','YYYY-MM-DD HH24:MI:SS'), TO_DATE('2022-10-01 02:03:00','YYYY-MM-DD HH24:MI:SS'), TO_DATE('2022-10-01 06:09:00','YYYY-MM-DD HH24:MI:SS'), '2160', 97);
INSERT INTO TIMETABLE VALUES(475, TO_DATE('2022-10-03 00:00:00','YYYY-MM-DD HH24:MI:SS'), TO_DATE('2022-10-03 11:44:00','YYYY-MM-DD HH24:MI:SS'), TO_DATE('2022-10-03 15:12:00','YYYY-MM-DD HH24:MI:SS'), '8660', 27);
INSERT INTO TIMETABLE VALUES(476, TO_DATE('2022-10-03 00:00:00','YYYY-MM-DD HH24:MI:SS'), TO_DATE('2022-10-03 00:42:00','YYYY-MM-DD HH24:MI:SS'), TO_DATE('2022-10-03 02:16:00','YYYY-MM-DD HH24:MI:SS'), '5004', 12);
INSERT INTO TIMETABLE VALUES(477, TO_DATE('2022-10-05 00:00:00','YYYY-MM-DD HH24:MI:SS'), TO_DATE('2022-10-05 02:37:00','YYYY-MM-DD HH24:MI:SS'), TO_DATE('2022-10-05 10:30:00','YYYY-MM-DD HH24:MI:SS'), '5004', 16);
INSERT INTO TIMETABLE VALUES(478, TO_DATE('2022-10-05 00:00:00','YYYY-MM-DD HH24:MI:SS'), TO_DATE('2022-10-05 10:05:00','YYYY-MM-DD HH24:MI:SS'), TO_DATE('2022-10-05 12:39:00','YYYY-MM-DD HH24:MI:SS'), '7698', 35);
INSERT INTO TIMETABLE VALUES(479, TO_DATE('2022-10-01 00:00:00','YYYY-MM-DD HH24:MI:SS'), TO_DATE('2022-10-01 00:11:00','YYYY-MM-DD HH24:MI:SS'), TO_DATE('2022-10-01 07:24:00','YYYY-MM-DD HH24:MI:SS'), '8966', 32);
INSERT INTO TIMETABLE VALUES(480, TO_DATE('2022-10-05 00:00:00','YYYY-MM-DD HH24:MI:SS'), TO_DATE('2022-10-05 05:27:00','YYYY-MM-DD HH24:MI:SS'), TO_DATE('2022-10-05 11:51:00','YYYY-MM-DD HH24:MI:SS'), '6218', 91);
INSERT INTO TIMETABLE VALUES(481, TO_DATE('2022-10-03 00:00:00','YYYY-MM-DD HH24:MI:SS'), TO_DATE('2022-10-03 03:24:00','YYYY-MM-DD HH24:MI:SS'), TO_DATE('2022-10-03 14:35:00','YYYY-MM-DD HH24:MI:SS'), '2925', 17);
INSERT INTO TIMETABLE VALUES(482, TO_DATE('2022-10-05 00:00:00','YYYY-MM-DD HH24:MI:SS'), TO_DATE('2022-10-05 10:48:00','YYYY-MM-DD HH24:MI:SS'), TO_DATE('2022-10-05 22:32:00','YYYY-MM-DD HH24:MI:SS'), '0219', 67);
INSERT INTO TIMETABLE VALUES(483, TO_DATE('2022-10-04 00:00:00','YYYY-MM-DD HH24:MI:SS'), TO_DATE('2022-10-04 06:59:00','YYYY-MM-DD HH24:MI:SS'), TO_DATE('2022-10-04 21:58:00','YYYY-MM-DD HH24:MI:SS'), '1507', 60);
INSERT INTO TIMETABLE VALUES(484, TO_DATE('2022-10-05 00:00:00','YYYY-MM-DD HH24:MI:SS'), TO_DATE('2022-10-05 17:37:00','YYYY-MM-DD HH24:MI:SS'), TO_DATE('2022-10-05 21:10:00','YYYY-MM-DD HH24:MI:SS'), '2925', 17);
INSERT INTO TIMETABLE VALUES(485, TO_DATE('2022-10-07 00:00:00','YYYY-MM-DD HH24:MI:SS'), TO_DATE('2022-10-07 04:31:00','YYYY-MM-DD HH24:MI:SS'), TO_DATE('2022-10-07 08:52:00','YYYY-MM-DD HH24:MI:SS'), '4370', 34);
INSERT INTO TIMETABLE VALUES(486, TO_DATE('2022-10-02 00:00:00','YYYY-MM-DD HH24:MI:SS'), TO_DATE('2022-10-02 10:24:00','YYYY-MM-DD HH24:MI:SS'), TO_DATE('2022-10-02 17:59:00','YYYY-MM-DD HH24:MI:SS'), '1315', 86);
INSERT INTO TIMETABLE VALUES(487, TO_DATE('2022-10-06 00:00:00','YYYY-MM-DD HH24:MI:SS'), TO_DATE('2022-10-06 01:16:00','YYYY-MM-DD HH24:MI:SS'), TO_DATE('2022-10-06 14:00:00','YYYY-MM-DD HH24:MI:SS'), '8699', 78);
INSERT INTO TIMETABLE VALUES(488, TO_DATE('2022-10-02 00:00:00','YYYY-MM-DD HH24:MI:SS'), TO_DATE('2022-10-02 17:21:00','YYYY-MM-DD HH24:MI:SS'), TO_DATE('2022-10-02 19:17:00','YYYY-MM-DD HH24:MI:SS'), '6178', 49);
INSERT INTO TIMETABLE VALUES(489, TO_DATE('2022-10-02 00:00:00','YYYY-MM-DD HH24:MI:SS'), TO_DATE('2022-10-02 04:32:00','YYYY-MM-DD HH24:MI:SS'), TO_DATE('2022-10-02 19:47:00','YYYY-MM-DD HH24:MI:SS'), '3746', 95);
INSERT INTO TIMETABLE VALUES(490, TO_DATE('2022-10-07 00:00:00','YYYY-MM-DD HH24:MI:SS'), TO_DATE('2022-10-07 04:30:00','YYYY-MM-DD HH24:MI:SS'), TO_DATE('2022-10-07 05:09:00','YYYY-MM-DD HH24:MI:SS'), '9723', 31);
INSERT INTO TIMETABLE VALUES(491, TO_DATE('2022-10-02 00:00:00','YYYY-MM-DD HH24:MI:SS'), TO_DATE('2022-10-02 10:30:00','YYYY-MM-DD HH24:MI:SS'), TO_DATE('2022-10-02 18:24:00','YYYY-MM-DD HH24:MI:SS'), '1101', 49);
INSERT INTO TIMETABLE VALUES(492, TO_DATE('2022-10-01 00:00:00','YYYY-MM-DD HH24:MI:SS'), TO_DATE('2022-10-01 14:19:00','YYYY-MM-DD HH24:MI:SS'), TO_DATE('2022-10-01 18:35:00','YYYY-MM-DD HH24:MI:SS'), '6822', 18);
INSERT INTO TIMETABLE VALUES(493, TO_DATE('2022-10-07 00:00:00','YYYY-MM-DD HH24:MI:SS'), TO_DATE('2022-10-07 03:07:00','YYYY-MM-DD HH24:MI:SS'), TO_DATE('2022-10-07 08:46:00','YYYY-MM-DD HH24:MI:SS'), '4291', 72);
INSERT INTO TIMETABLE VALUES(494, TO_DATE('2022-10-07 00:00:00','YYYY-MM-DD HH24:MI:SS'), TO_DATE('2022-10-07 08:13:00','YYYY-MM-DD HH24:MI:SS'), TO_DATE('2022-10-07 23:04:00','YYYY-MM-DD HH24:MI:SS'), '5639', 78);
INSERT INTO TIMETABLE VALUES(495, TO_DATE('2022-10-03 00:00:00','YYYY-MM-DD HH24:MI:SS'), TO_DATE('2022-10-03 13:36:00','YYYY-MM-DD HH24:MI:SS'), TO_DATE('2022-10-03 22:32:00','YYYY-MM-DD HH24:MI:SS'), '1834', 93);
INSERT INTO TIMETABLE VALUES(496, TO_DATE('2022-10-01 00:00:00','YYYY-MM-DD HH24:MI:SS'), TO_DATE('2022-10-01 03:23:00','YYYY-MM-DD HH24:MI:SS'), TO_DATE('2022-10-01 16:12:00','YYYY-MM-DD HH24:MI:SS'), '0219', 55);
INSERT INTO TIMETABLE VALUES(497, TO_DATE('2022-10-02 00:00:00','YYYY-MM-DD HH24:MI:SS'), TO_DATE('2022-10-02 10:29:00','YYYY-MM-DD HH24:MI:SS'), TO_DATE('2022-10-02 21:59:00','YYYY-MM-DD HH24:MI:SS'), '0736', 1);
INSERT INTO TIMETABLE VALUES(498, TO_DATE('2022-10-06 00:00:00','YYYY-MM-DD HH24:MI:SS'), TO_DATE('2022-10-06 03:57:00','YYYY-MM-DD HH24:MI:SS'), TO_DATE('2022-10-06 13:13:00','YYYY-MM-DD HH24:MI:SS'), '7921', 81);
INSERT INTO TIMETABLE VALUES(499, TO_DATE('2022-10-01 00:00:00','YYYY-MM-DD HH24:MI:SS'), TO_DATE('2022-10-01 01:33:00','YYYY-MM-DD HH24:MI:SS'), TO_DATE('2022-10-01 06:56:00','YYYY-MM-DD HH24:MI:SS'), '3007', 11);
INSERT INTO TIMETABLE VALUES(500, TO_DATE('2022-12-24 00:00:00','YYYY-MM-DD HH24:MI:SS'), TO_DATE('2022-12-24 07:30:00','YYYY-MM-DD HH24:MI:SS'), TO_DATE('2022-12-24 10:18:00','YYYY-MM-DD HH24:MI:SS'), '0322', 100);
INSERT INTO TIMETABLE VALUES(501, TO_DATE('2022-12-24 00:00:00','YYYY-MM-DD HH24:MI:SS'), TO_DATE('2022-12-24 10:30:00','YYYY-MM-DD HH24:MI:SS'), TO_DATE('2022-12-24 13:18:00','YYYY-MM-DD HH24:MI:SS'), '1322', 100);
INSERT INTO TIMETABLE VALUES(502, TO_DATE('2022-12-24 00:00:00','YYYY-MM-DD HH24:MI:SS'), TO_DATE('2022-12-24 13:10:00','YYYY-MM-DD HH24:MI:SS'), TO_DATE('2022-12-24 15:58:00','YYYY-MM-DD HH24:MI:SS'), '2322', 100);
INSERT INTO TIMETABLE VALUES(503, TO_DATE('2022-12-24 00:00:00','YYYY-MM-DD HH24:MI:SS'), TO_DATE('2022-12-24 15:30:00','YYYY-MM-DD HH24:MI:SS'), TO_DATE('2022-12-24 18:18:00','YYYY-MM-DD HH24:MI:SS'), '3322', 100);
INSERT INTO TIMETABLE VALUES(504, TO_DATE('2022-12-24 00:00:00','YYYY-MM-DD HH24:MI:SS'), TO_DATE('2022-12-24 17:20:00','YYYY-MM-DD HH24:MI:SS'), TO_DATE('2022-12-24 20:08:00','YYYY-MM-DD HH24:MI:SS'), '4322', 100);
INSERT INTO TIMETABLE VALUES(505, TO_DATE('2022-12-25 00:00:00','YYYY-MM-DD HH24:MI:SS'), TO_DATE('2022-12-25 07:30:00','YYYY-MM-DD HH24:MI:SS'), TO_DATE('2022-12-25 10:00:00','YYYY-MM-DD HH24:MI:SS'), '3220', 100);
INSERT INTO TIMETABLE VALUES(506, TO_DATE('2022-12-25 00:00:00','YYYY-MM-DD HH24:MI:SS'), TO_DATE('2022-12-25 10:30:00','YYYY-MM-DD HH24:MI:SS'), TO_DATE('2022-12-25 13:00:00','YYYY-MM-DD HH24:MI:SS'), '3221', 100);
INSERT INTO TIMETABLE VALUES(507, TO_DATE('2022-12-25 00:00:00','YYYY-MM-DD HH24:MI:SS'), TO_DATE('2022-12-25 13:10:00','YYYY-MM-DD HH24:MI:SS'), TO_DATE('2022-12-25 15:40:00','YYYY-MM-DD HH24:MI:SS'), '3222', 100);
INSERT INTO TIMETABLE VALUES(508, TO_DATE('2022-12-25 00:00:00','YYYY-MM-DD HH24:MI:SS'), TO_DATE('2022-12-25 15:30:00','YYYY-MM-DD HH24:MI:SS'), TO_DATE('2022-12-25 18:00:00','YYYY-MM-DD HH24:MI:SS'), '3223', 100);
INSERT INTO TIMETABLE VALUES(509, TO_DATE('2022-12-25 00:00:00','YYYY-MM-DD HH24:MI:SS'), TO_DATE('2022-12-25 17:20:00','YYYY-MM-DD HH24:MI:SS'), TO_DATE('2022-12-25 19:50:00','YYYY-MM-DD HH24:MI:SS'), '3224', 100);

INSERT INTO RESERVATION VALUES('352541221', 'A1', 500, '18+');
INSERT INTO RESERVATION VALUES('503048491', 'A2', 500, '18+');
INSERT INTO RESERVATION VALUES('316730524', 'A3', 500, '18+');
INSERT INTO RESERVATION VALUES('579281875', 'A4', 500, '18+');
INSERT INTO RESERVATION VALUES('629233321', 'B1', 500, '18+');
INSERT INTO RESERVATION VALUES('981346759', 'B2', 500, '18+');
INSERT INTO RESERVATION VALUES('574040037', 'B3', 500, '18+');
INSERT INTO RESERVATION VALUES('336828909', 'B4', 500, '18+');
INSERT INTO RESERVATION VALUES('622108815', 'C1', 500, '18+');
INSERT INTO RESERVATION VALUES('931385341', 'C2', 500, '18+');
INSERT INTO RESERVATION VALUES('843715603', 'C3', 500, '18+');
INSERT INTO RESERVATION VALUES('675917939', 'C4', 500, '18+');
INSERT INTO RESERVATION VALUES('523588061', 'D1', 500, '18+');
INSERT INTO RESERVATION VALUES('394069586', 'D2', 500, '18+');
INSERT INTO RESERVATION VALUES('822453770', 'D3', 500, '18+');
INSERT INTO RESERVATION VALUES('188259991', 'D4', 500, '18+');
INSERT INTO RESERVATION VALUES('407645459', 'E1', 500, '18+');
INSERT INTO RESERVATION VALUES('587664518', 'E2', 500, '18+');
INSERT INTO RESERVATION VALUES('138086004', 'E3', 500, '18+');
INSERT INTO RESERVATION VALUES('133181412', 'E4', 500, '18+');
INSERT INTO RESERVATION VALUES('829426069', 'F1', 500, '18+');
INSERT INTO RESERVATION VALUES('330267806', 'F2', 500, '18+');
INSERT INTO RESERVATION VALUES('384969662', 'F3', 500, '18+');
INSERT INTO RESERVATION VALUES('330424412', 'F4', 500, '18+');
INSERT INTO RESERVATION VALUES('290019417', 'G1', 500, '18+');
INSERT INTO RESERVATION VALUES('612730754', 'G2', 500, '18+');
INSERT INTO RESERVATION VALUES('986998004', 'G3', 500, '18+');
INSERT INTO RESERVATION VALUES('943226122', 'G4', 500, '18+');
INSERT INTO RESERVATION VALUES('160926372', 'H1', 500, '18+');
INSERT INTO RESERVATION VALUES('333249812', 'H2', 500, '18+');
INSERT INTO RESERVATION VALUES('840300052', 'H3', 500, '18+');
INSERT INTO RESERVATION VALUES('517907880', 'H4', 500, '18+');
INSERT INTO RESERVATION VALUES('340986454', 'I1', 500, '18+');
INSERT INTO RESERVATION VALUES('391463504', 'I2', 500, '18+');
INSERT INTO RESERVATION VALUES('834184515', 'I3', 500, '18+');
INSERT INTO RESERVATION VALUES('675917939', 'I4', 500, '18+');
INSERT INTO RESERVATION VALUES('731266526', 'J1', 500, '18+');
INSERT INTO RESERVATION VALUES('576393268', 'J2', 500, '18+');
INSERT INTO RESERVATION VALUES('300713599', 'J3', 500, '18+');
INSERT INTO RESERVATION VALUES('722560624', 'J4', 500, '18+');
INSERT INTO RESERVATION VALUES('906703760', 'A1', 501, '18+');
INSERT INTO RESERVATION VALUES('247225352', 'A2', 501, '18+');
INSERT INTO RESERVATION VALUES('906749699', 'A3', 501, '18+');
INSERT INTO RESERVATION VALUES('157022351', 'A4', 501, '18+');
INSERT INTO RESERVATION VALUES('951231160', 'B1', 501, '18+');
INSERT INTO RESERVATION VALUES('988546282', 'B2', 501, '18+');
INSERT INTO RESERVATION VALUES('210914514', 'B3', 501, '18+');
INSERT INTO RESERVATION VALUES('176385263', 'B4', 501, '18+');
INSERT INTO RESERVATION VALUES('391463504', 'C1', 501, '18+');
INSERT INTO RESERVATION VALUES('951472930', 'C2', 501, '18+');
INSERT INTO RESERVATION VALUES('852333409', 'C3', 501, '18+');
INSERT INTO RESERVATION VALUES('148619894', 'C4', 501, '18+');
INSERT INTO RESERVATION VALUES('249205658', 'D1', 501, '18+');
INSERT INTO RESERVATION VALUES('735884184', 'D2', 501, '18+');
INSERT INTO RESERVATION VALUES('831675818', 'D3', 501, '18+');
INSERT INTO RESERVATION VALUES('209170859', 'D4', 501, '18+');
INSERT INTO RESERVATION VALUES('744444908', 'E1', 501, '18+');
INSERT INTO RESERVATION VALUES('852333409', 'E2', 501, '18+');
INSERT INTO RESERVATION VALUES('562101617', 'E3', 501, '18+');
INSERT INTO RESERVATION VALUES('950636038', 'E4', 501, '18+');
INSERT INTO RESERVATION VALUES('349051303', 'F1', 501, '18+');
INSERT INTO RESERVATION VALUES('657651266', 'F2', 501, '18+');
INSERT INTO RESERVATION VALUES('340958222', 'F3', 501, '18+');
INSERT INTO RESERVATION VALUES('944817257', 'F4', 501, '18+');
INSERT INTO RESERVATION VALUES('821112896', 'G1', 501, '18+');
INSERT INTO RESERVATION VALUES('117397905', 'G2', 501, '18+');
INSERT INTO RESERVATION VALUES('735884184', 'G3', 501, '18+');
INSERT INTO RESERVATION VALUES('333803752', 'G4', 501, '18+');
INSERT INTO RESERVATION VALUES('417502041', 'H1', 501, '18+');
INSERT INTO RESERVATION VALUES('775737194', 'H2', 501, '18+');
INSERT INTO RESERVATION VALUES('821585622', 'H3', 501, '18+');
INSERT INTO RESERVATION VALUES('166876062', 'H4', 501, '18+');
INSERT INTO RESERVATION VALUES('275464815', 'I1', 501, '18+');
INSERT INTO RESERVATION VALUES('681807388', 'I2', 501, '18+');
INSERT INTO RESERVATION VALUES('940157341', 'I3', 501, '18+');
INSERT INTO RESERVATION VALUES('336094614', 'I4', 501, '18+');
INSERT INTO RESERVATION VALUES('341687328', 'J1', 501, '18+');
INSERT INTO RESERVATION VALUES('312505209', 'J2', 501, '18+');
INSERT INTO RESERVATION VALUES('540519281', 'J3', 501, '18+');
INSERT INTO RESERVATION VALUES('804798913', 'J4', 501, '18+');
INSERT INTO RESERVATION VALUES('693009902', 'A1', 502, '18+');
INSERT INTO RESERVATION VALUES('481914883', 'A2', 502, '18+');
INSERT INTO RESERVATION VALUES('133181412', 'A3', 502, '18+');
INSERT INTO RESERVATION VALUES('744444205', 'A4', 502, '18+');
INSERT INTO RESERVATION VALUES('117397905', 'B1', 502, '18+');
INSERT INTO RESERVATION VALUES('104338727', 'B2', 502, '18+');
INSERT INTO RESERVATION VALUES('670224388', 'B3', 502, '18+');
INSERT INTO RESERVATION VALUES('982711108', 'B4', 502, '18+');
INSERT INTO RESERVATION VALUES('433563758', 'C1', 502, '18+');
INSERT INTO RESERVATION VALUES('255505680', 'C2', 502, '18+');
INSERT INTO RESERVATION VALUES('117726555', 'C3', 502, '18+');
INSERT INTO RESERVATION VALUES('267390898', 'C4', 502, '18+');
INSERT INTO RESERVATION VALUES('718530060', 'D1', 502, '18+');
INSERT INTO RESERVATION VALUES('242776435', 'D2', 502, '18+');
INSERT INTO RESERVATION VALUES('766627897', 'D3', 502, '18+');
INSERT INTO RESERVATION VALUES('503686396', 'D4', 502, '18+');
INSERT INTO RESERVATION VALUES('397019241', 'E1', 502, '18+');
INSERT INTO RESERVATION VALUES('682603135', 'E2', 502, '18+');
INSERT INTO RESERVATION VALUES('595479362', 'E3', 502, '18+');
INSERT INTO RESERVATION VALUES('725600091', 'E4', 502, '18+');
INSERT INTO RESERVATION VALUES('265971439', 'F1', 502, '18+');
INSERT INTO RESERVATION VALUES('477845514', 'F2', 502, '18+');
INSERT INTO RESERVATION VALUES('635708713', 'F3', 502, '18+');
INSERT INTO RESERVATION VALUES('333803752', 'F4', 502, '18+');
INSERT INTO RESERVATION VALUES('197661749', 'G1', 502, '18+');
INSERT INTO RESERVATION VALUES('981346759', 'G2', 502, '18+');
INSERT INTO RESERVATION VALUES('255431679', 'G3', 502, '18+');
INSERT INTO RESERVATION VALUES('760113280', 'G4', 502, '18+');
INSERT INTO RESERVATION VALUES('995776560', 'H1', 502, '18+');
INSERT INTO RESERVATION VALUES('139860627', 'H2', 502, '18+');
INSERT INTO RESERVATION VALUES('265971439', 'H3', 502, '18+');
INSERT INTO RESERVATION VALUES('506668153', 'H4', 502, '18+');
INSERT INTO RESERVATION VALUES('137187738', 'I1', 502, '18+');
INSERT INTO RESERVATION VALUES('639136611', 'I2', 502, '18+');
INSERT INTO RESERVATION VALUES('576393268', 'I3', 502, '18+');
INSERT INTO RESERVATION VALUES('742934158', 'I4', 502, '18+');
INSERT INTO RESERVATION VALUES('739534970', 'J1', 502, '18+');
INSERT INTO RESERVATION VALUES('977046336', 'J2', 502, '18+');
INSERT INTO RESERVATION VALUES('768848291', 'J3', 502, '18+');
INSERT INTO RESERVATION VALUES('112829475', 'J4', 502, '18+');
INSERT INTO RESERVATION VALUES('126989585', 'A1', 503, '18+');
INSERT INTO RESERVATION VALUES('369491575', 'A2', 503, '18+');
INSERT INTO RESERVATION VALUES('347824171', 'A3', 503, '18+');
INSERT INTO RESERVATION VALUES('102677108', 'A4', 503, '18+');
INSERT INTO RESERVATION VALUES('703962147', 'B1', 503, '18+');
INSERT INTO RESERVATION VALUES('317663024', 'B2', 503, '18+');
INSERT INTO RESERVATION VALUES('853188002', 'B3', 503, '18+');
INSERT INTO RESERVATION VALUES('443683545', 'B4', 503, '18+');
INSERT INTO RESERVATION VALUES('490577520', 'C1', 503, '18+');
INSERT INTO RESERVATION VALUES('346278500', 'C2', 503, '18+');
INSERT INTO RESERVATION VALUES('849071899', 'C3', 503, '18+');
INSERT INTO RESERVATION VALUES('669645117', 'C4', 503, '18+');
INSERT INTO RESERVATION VALUES('104183292', 'D1', 503, '18+');
INSERT INTO RESERVATION VALUES('403407484', 'D2', 503, '18+');
INSERT INTO RESERVATION VALUES('870387688', 'D3', 503, '18+');
INSERT INTO RESERVATION VALUES('674150816', 'D4', 503, '18+');
INSERT INTO RESERVATION VALUES('603877988', 'E1', 503, '18+');
INSERT INTO RESERVATION VALUES('123530516', 'E2', 503, '18+');
INSERT INTO RESERVATION VALUES('300242379', 'E3', 503, '18+');
INSERT INTO RESERVATION VALUES('898908277', 'E4', 503, '18+');
INSERT INTO RESERVATION VALUES('191096072', 'F1', 503, '18+');
INSERT INTO RESERVATION VALUES('731847290', 'F2', 503, '18+');
INSERT INTO RESERVATION VALUES('121721585', 'F3', 503, '18+');
INSERT INTO RESERVATION VALUES('506329675', 'F4', 503, '18+');
INSERT INTO RESERVATION VALUES('506329675', 'G1', 503, '18+');
INSERT INTO RESERVATION VALUES('959443891', 'G2', 503, '18+');
INSERT INTO RESERVATION VALUES('191612907', 'G3', 503, '18+');
INSERT INTO RESERVATION VALUES('802606819', 'G4', 503, '18+');
INSERT INTO RESERVATION VALUES('829426069', 'H1', 503, '18+');--
INSERT INTO RESERVATION VALUES('374190967', 'H3', 503, '18+');
INSERT INTO RESERVATION VALUES('138086004', 'H4', 503, '18+');
INSERT INTO RESERVATION VALUES('101234543', 'I1', 503, '18+');
INSERT INTO RESERVATION VALUES('644752237', 'I2', 503, '18+');
INSERT INTO RESERVATION VALUES('159697654', 'I3', 503, '18+');
INSERT INTO RESERVATION VALUES('864635322', 'I4', 503, '18+');
INSERT INTO RESERVATION VALUES('391461296', 'J1', 503, '18+');
INSERT INTO RESERVATION VALUES('671720693', 'J2', 503, '18+');
INSERT INTO RESERVATION VALUES('426633689', 'J3', 503, '18+');
INSERT INTO RESERVATION VALUES('529355035', 'J4', 503, '18+');
INSERT INTO RESERVATION VALUES('184187710', 'A1', 504, '18+');
INSERT INTO RESERVATION VALUES('603877988', 'A2', 504, '18+');
INSERT INTO RESERVATION VALUES('541340007', 'A3', 504, '18+');
INSERT INTO RESERVATION VALUES('990880410', 'A4', 504, '18+');
INSERT INTO RESERVATION VALUES('365298681', 'B1', 504, '18+');
INSERT INTO RESERVATION VALUES('834180116', 'B2', 504, '18+');
INSERT INTO RESERVATION VALUES('668961736', 'B3', 504, '18+');
INSERT INTO RESERVATION VALUES('469547642', 'B4', 504, '18+');
INSERT INTO RESERVATION VALUES('666099194', 'C1', 504, '18+');
INSERT INTO RESERVATION VALUES('944817257', 'C2', 504, '18+');
INSERT INTO RESERVATION VALUES('546618066', 'C3', 504, '18+');
INSERT INTO RESERVATION VALUES('821419637', 'C4', 504, '18+');
INSERT INTO RESERVATION VALUES('587255416', 'D1', 504, '18+');
INSERT INTO RESERVATION VALUES('784046041', 'D2', 504, '18+');
INSERT INTO RESERVATION VALUES('672225817', 'D3', 504, '18+');
INSERT INTO RESERVATION VALUES('123530516', 'D4', 504, '18+');
INSERT INTO RESERVATION VALUES('107824742', 'E1', 504, '18+');
INSERT INTO RESERVATION VALUES('420553146', 'E2', 504, '18+');
INSERT INTO RESERVATION VALUES('736054959', 'E3', 504, '18+');
INSERT INTO RESERVATION VALUES('951231160', 'E4', 504, '18+');
INSERT INTO RESERVATION VALUES('375224496', 'F1', 504, '18+');
INSERT INTO RESERVATION VALUES('130138061', 'F2', 504, '18+');
INSERT INTO RESERVATION VALUES('382833118', 'F3', 504, '18+');
INSERT INTO RESERVATION VALUES('992978682', 'F4', 504, '18+');
INSERT INTO RESERVATION VALUES('864635322', 'G1', 504, '18+');
INSERT INTO RESERVATION VALUES('117914942', 'G2', 504, '18+');
INSERT INTO RESERVATION VALUES('538064337', 'G3', 504, '18+');
INSERT INTO RESERVATION VALUES('668004553', 'G4', 504, '18+');
INSERT INTO RESERVATION VALUES('716479744', 'H1', 504, '18+');
INSERT INTO RESERVATION VALUES('345778130', 'H2', 504, '18+');
INSERT INTO RESERVATION VALUES('840300052', 'H3', 504, '18+');
INSERT INTO RESERVATION VALUES('744444205', 'H4', 504, '18+');
INSERT INTO RESERVATION VALUES('906703760', 'I1', 504, '18+');
INSERT INTO RESERVATION VALUES('840300052', 'I2', 504, '18+');
INSERT INTO RESERVATION VALUES('693009902', 'I3', 504, '18+');
INSERT INTO RESERVATION VALUES('426633689', 'I4', 504, '18+');
INSERT INTO RESERVATION VALUES('938101970', 'J1', 504, '18+');
INSERT INTO RESERVATION VALUES('993283740', 'J2', 504, '18+');
INSERT INTO RESERVATION VALUES('956438854', 'J3', 504, '18+');
INSERT INTO RESERVATION VALUES('786936904', 'J4', 504, '18+');
INSERT INTO RESERVATION VALUES('143827027', 'A2', 505, '18+');
INSERT INTO RESERVATION VALUES('242776435', 'I1', 505, '18+');
INSERT INTO RESERVATION VALUES('487211804', 'A3', 505, '18+');
INSERT INTO RESERVATION VALUES('941618926', 'J1', 505, '18+');
INSERT INTO RESERVATION VALUES('497230877', 'G4', 505, '18+');
INSERT INTO RESERVATION VALUES('138086004', 'C2', 505, '18+');
INSERT INTO RESERVATION VALUES('494856018', 'F3', 505, '18+');
INSERT INTO RESERVATION VALUES('138920735', 'C1', 505, '18+');
INSERT INTO RESERVATION VALUES('332632131', 'J3', 505, '18+');
INSERT INTO RESERVATION VALUES('203859933', 'G1', 505, '18+');
INSERT INTO RESERVATION VALUES('830267942', 'C3', 505, '18+');
INSERT INTO RESERVATION VALUES('199459169', 'J2', 505, '18+');
INSERT INTO RESERVATION VALUES('239691492', 'A1', 505, '18+');
INSERT INTO RESERVATION VALUES('587255416', 'F2', 505, '18+');
INSERT INTO RESERVATION VALUES('242964898', 'D2', 505, '18+');
INSERT INTO RESERVATION VALUES('372359278', 'E1', 505, '18+');
INSERT INTO RESERVATION VALUES('650052324', 'D4', 505, '18+');
INSERT INTO RESERVATION VALUES('117397905', 'I2', 505, '18+');
INSERT INTO RESERVATION VALUES('955379618', 'D1', 505, '18+');
INSERT INTO RESERVATION VALUES('328259687', 'J1', 506, '18+');
INSERT INTO RESERVATION VALUES('742707861', 'E1', 506, '18+');
INSERT INTO RESERVATION VALUES('675917939', 'F2', 506, '18+');
INSERT INTO RESERVATION VALUES('812947162', 'A3', 506, '18+');
INSERT INTO RESERVATION VALUES('853188002', 'F3', 506, '18+');
INSERT INTO RESERVATION VALUES('285880480', 'J4', 506, '18+');
INSERT INTO RESERVATION VALUES('951231160', 'C2', 506, '18+');
INSERT INTO RESERVATION VALUES('511692926', 'E4', 506, '18+');
INSERT INTO RESERVATION VALUES('982031176', 'H4', 506, '18+');
INSERT INTO RESERVATION VALUES('384969662', 'H3', 506, '18+');
INSERT INTO RESERVATION VALUES('373038586', 'F4', 506, '18+');
INSERT INTO RESERVATION VALUES('365406666', 'J2', 506, '18+');
INSERT INTO RESERVATION VALUES('725600091', 'D3', 506, '18+');
INSERT INTO RESERVATION VALUES('992978682', 'H2', 506, '18+');
INSERT INTO RESERVATION VALUES('428965285', 'A2', 506, '18+');
INSERT INTO RESERVATION VALUES('566487017', 'J3', 506, '18+');
INSERT INTO RESERVATION VALUES('987229993', 'E2', 506, '18+');
INSERT INTO RESERVATION VALUES('685354020', 'B3', 506, '18+');
INSERT INTO RESERVATION VALUES('444840619', 'C4', 506, '18+');
INSERT INTO RESERVATION VALUES('346278500', 'B4', 506, '18+');
INSERT INTO RESERVATION VALUES('403407484', 'B2', 506, '18+');
INSERT INTO RESERVATION VALUES('603877988', 'H1', 506, '18+');
INSERT INTO RESERVATION VALUES('120587208', 'B1', 506, '18+');
INSERT INTO RESERVATION VALUES('151301198', 'J3', 507, '18+');
INSERT INTO RESERVATION VALUES('291356593', 'A4', 507, '18+');
INSERT INTO RESERVATION VALUES('139860627', 'D2', 507, '18+');
INSERT INTO RESERVATION VALUES('141582540', 'A1', 507, '18+');
INSERT INTO RESERVATION VALUES('816694956', 'E1', 507, '18+');
INSERT INTO RESERVATION VALUES('867145987', 'E3', 507, '18+');
INSERT INTO RESERVATION VALUES('988546282', 'A2', 507, '18+');
INSERT INTO RESERVATION VALUES('971185451', 'F2', 507, '18+');
INSERT INTO RESERVATION VALUES('851233699', 'G4', 507, '18+');
INSERT INTO RESERVATION VALUES('618101587', 'C2', 507, '18+');
INSERT INTO RESERVATION VALUES('148619894', 'G2', 507, '18+');
INSERT INTO RESERVATION VALUES('265971439', 'D3', 507, '18+');
INSERT INTO RESERVATION VALUES('195077582', 'F1', 507, '18+');
INSERT INTO RESERVATION VALUES('216178663', 'I4', 507, '18+');
INSERT INTO RESERVATION VALUES('670224388', 'I3', 508, '18+');
INSERT INTO RESERVATION VALUES('520090707', 'G3', 508, '18+');
INSERT INTO RESERVATION VALUES('239691492', 'J4', 508, '18+');
INSERT INTO RESERVATION VALUES('898908277', 'I1', 508, '18+');
INSERT INTO RESERVATION VALUES('144315422', 'I4', 508, '18+');
INSERT INTO RESERVATION VALUES('781062987', 'B2', 508, '18+');
INSERT INTO RESERVATION VALUES('864635322', 'B4', 508, '18+');
INSERT INTO RESERVATION VALUES('843715603', 'D2', 508, '18+');
INSERT INTO RESERVATION VALUES('153344815', 'A2', 508, '18+');
INSERT INTO RESERVATION VALUES('160560627', 'G4', 508, '18+');
INSERT INTO RESERVATION VALUES('874603106', 'E2', 508, '18+');
INSERT INTO RESERVATION VALUES('587664518', 'G1', 508, '18+');
INSERT INTO RESERVATION VALUES('538064337', 'C4', 508, '18+');
INSERT INTO RESERVATION VALUES('993283740', 'E3', 508, '18+');
INSERT INTO RESERVATION VALUES('433233443', 'G2', 508, '18+');
INSERT INTO RESERVATION VALUES('962607115', 'C3', 508, '18+');
INSERT INTO RESERVATION VALUES('166876062', 'B1', 508, '18+');
INSERT INTO RESERVATION VALUES('829426069', 'J1', 508, '18+');
INSERT INTO RESERVATION VALUES('742934158', 'A1', 508, '18+');
INSERT INTO RESERVATION VALUES('852576688', 'F2', 508, '18+');
INSERT INTO RESERVATION VALUES('285880480', 'F3', 508, '18+');
INSERT INTO RESERVATION VALUES('941618926', 'B3', 508, '18+');
INSERT INTO RESERVATION VALUES('186567260', 'B2', 509, '18+');
INSERT INTO RESERVATION VALUES('669645117', 'D3', 509, '18+');
INSERT INTO RESERVATION VALUES('988641243', 'A3', 509, '18+');
INSERT INTO RESERVATION VALUES('775737194', 'E4', 509, '18+');
INSERT INTO RESERVATION VALUES('188259991', 'C4', 509, '18+');
INSERT INTO RESERVATION VALUES('291352767', 'H4', 509, '18+');
INSERT INTO RESERVATION VALUES('442048076', 'G4', 509, '18+');
INSERT INTO RESERVATION VALUES('465059659', 'C3', 509, '18+');
INSERT INTO RESERVATION VALUES('184521143', 'H1', 509, '18+');
INSERT INTO RESERVATION VALUES('825569333', 'E3', 509, '18+');
INSERT INTO RESERVATION VALUES('432776461', 'A2', 509, '18+');
INSERT INTO RESERVATION VALUES('597013080', 'J1', 509, '18+');
INSERT INTO RESERVATION VALUES('341687328', 'D2', 509, '18+');
INSERT INTO RESERVATION VALUES('668488774', 'I2', 509, '18+');
INSERT INTO RESERVATION VALUES('166876062', 'I3', 509, '18+');
INSERT INTO RESERVATION VALUES('397019241', 'B4', 509, '18+');
INSERT INTO RESERVATION VALUES('255431679', 'D4', 509, '18+');
INSERT INTO RESERVATION VALUES('705324839', 'H3', 509, '18+');
INSERT INTO RESERVATION VALUES('349018454', 'A4', 509, '18+');
INSERT INTO RESERVATION VALUES('990880410', 'J2', 509, '18+');
INSERT INTO RESERVATION VALUES('689115409', 'B3', 509, '18+');

INSERT INTO EMPLOYEE VALUES('911025308', 'Yewon', 'No', 89000, 'jincheon');
INSERT INTO EMPLOYEE VALUES('920167336', 'Minseo', 'Yu', 55000, 'dongdaegu');
INSERT INTO EMPLOYEE VALUES('976560711', 'Jeongho', 'Yang', 61000, 'taebaek');
INSERT INTO EMPLOYEE VALUES('975208371', 'Yeun', 'Yang', 60000, 'yangju');
INSERT INTO EMPLOYEE VALUES('342036669', 'Junseo', 'Moon', 93000, 'suwon');
INSERT INTO EMPLOYEE VALUES('882253451', 'Chunja', 'Kwak', 35000, 'yongsan');
INSERT INTO EMPLOYEE VALUES('209072807', 'Eugene', 'Min', 31000, 'danyang');
INSERT INTO EMPLOYEE VALUES('515259254', 'Eunju', 'Hong', 65000, 'ohsan');
INSERT INTO EMPLOYEE VALUES('931922176', 'Chaewon', 'Lee', 36000, 'seosan');
INSERT INTO EMPLOYEE VALUES('712383953', 'Hyejin', 'Woo', 93000, 'gwacheon');
INSERT INTO EMPLOYEE VALUES('556499826', 'Eunseo', 'Kwak', 68000, 'goyang');
INSERT INTO EMPLOYEE VALUES('863695963', 'Haeun', 'Hong', 83000, 'yangpyeong');
INSERT INTO EMPLOYEE VALUES('818445087', 'Youngsook', 'Hwang', 50000, 'gwacheon');
INSERT INTO EMPLOYEE VALUES('420029855', 'Seohyun', 'Yang', 75000, 'yanggu');
INSERT INTO EMPLOYEE VALUES('836807881', 'Jimin', 'Kang', 94000, 'cheonan');
INSERT INTO EMPLOYEE VALUES('816962316', 'Sunja', 'Um', 26000, 'taebaek');
INSERT INTO EMPLOYEE VALUES('217085237', 'Sanghyeon', 'Sung', 51000, 'yeongdeungpo');
INSERT INTO EMPLOYEE VALUES('923858181', 'Seonghoon', 'Jo', 81000, 'gongju');
INSERT INTO EMPLOYEE VALUES('742706763', 'Sanghoon', 'Park', 57000, 'danyang');
INSERT INTO EMPLOYEE VALUES('380624961',  'Kyungsook',  'Ha',  82000,  'goyang');
INSERT INTO EMPLOYEE VALUES('191592664', 'Hyunwoo', 'Moon', 58000, 'gyeryong');
INSERT INTO EMPLOYEE VALUES('589229888', 'Minji', 'Choi', 64000, 'gupo');
INSERT INTO EMPLOYEE VALUES('474084299', 'Local', 'Um', 36000, 'sungnam');
INSERT INTO EMPLOYEE VALUES('144166598', 'Ji-eun', 'jeon', 60000, 'ansan');
INSERT INTO EMPLOYEE VALUES('216874269', 'Minsu', 'Hong', 48000, 'jeomchon');
INSERT INTO EMPLOYEE VALUES('788904852', 'Integer', 'Tea', 95000, 'wondong');
INSERT INTO EMPLOYEE VALUES('439614562', 'Jia', 'Park', 86000, 'nonsan');
INSERT INTO EMPLOYEE VALUES('211666903', 'Sungmin', 'Hwang', 73000, 'hwasung');
INSERT INTO EMPLOYEE VALUES('974667142', 'wisdom', 'woo', 65000, 'jeomchon');
INSERT INTO EMPLOYEE VALUES('815593557', 'Junhyuk', 'Kwon', 27000, 'danyang');
INSERT INTO EMPLOYEE VALUES('779404862', 'Junyoung', 'Woo', 92000, 'pyeongtaek');
INSERT INTO EMPLOYEE VALUES('517020668', 'boryeong', 'gu', 79000, 'boryeong');
INSERT INTO EMPLOYEE VALUES('460640779', 'Youngho', 'Male', 44000, 'hwasung');
INSERT INTO EMPLOYEE VALUES('757240359', 'Kyungsu', 'Moon', 69000, 'cheonan');
INSERT INTO EMPLOYEE VALUES('141294166', 'Myungsook', 'Yang', 77000, 'seosan');
INSERT INTO EMPLOYEE VALUES('245707993', 'Myeongja', 'Joo', 87000, 'bucheon');
INSERT INTO EMPLOYEE VALUES('933393005', 'Jeonghee', 'Male', 64000, 'gupo');
INSERT INTO EMPLOYEE VALUES('927066138', 'Junho', 'G', 90000, 'sasang');
INSERT INTO EMPLOYEE VALUES('718050747', 'Sukja', 'Park', 71000, 'yeoju');
INSERT INTO EMPLOYEE VALUES('801432182', 'English', 'Before', 53000, 'inje');
INSERT INTO EMPLOYEE VALUES('210299796', 'Minjun', 'Um', 67000, 'okcheon');
INSERT INTO EMPLOYEE VALUES('633461556', 'Junghoon', 'Shin', 24000, 'yanggu');
INSERT INTO EMPLOYEE VALUES('998982379', 'Jinwoo', 'Min', 67000, 'seosan');
INSERT INTO EMPLOYEE VALUES('371239877', 'Jeongnam', 'Joo', 90000, 'hwasung');
INSERT INTO EMPLOYEE VALUES('862333521', 'Beautiful', 'Sim', 27000, 'yeongdeungpo');
INSERT INTO EMPLOYEE VALUES('222579405', 'Yejin', 'Jang', 78000, 'geumsan');
INSERT INTO EMPLOYEE VALUES('807293434', 'Immature', 'Im', 51000, 'gongju');
INSERT INTO EMPLOYEE VALUES('587826241', 'Siwoo', 'Jo', 81000, 'gupo');
INSERT INTO EMPLOYEE VALUES('185051912', 'Younggil', 'Ha', 33000, 'cheonan');
INSERT INTO EMPLOYEE VALUES('147272879', 'Sangcheol', 'Oh', 24000, 'pyeongtaek');
INSERT INTO EMPLOYEE VALUES('519690727', 'Youngsu', 'Amount', 22000, 'taean');
INSERT INTO EMPLOYEE VALUES('426324959', 'Kwangsoo', 'Hong', 51000, 'kangreung');
INSERT INTO EMPLOYEE VALUES('654765810', 'Jeongsook', 'Park', 79000, 'taean');
INSERT INTO EMPLOYEE VALUES('565529761', 'Yeji', 'Moon', 57000, 'gyeryong');
INSERT INTO EMPLOYEE VALUES('819225179', 'Byeongcheol', 'Im', 90000, 'kangreung');
INSERT INTO EMPLOYEE VALUES('178045987', 'Younghwan', 'Um', 79000, 'jeomchon');
INSERT INTO EMPLOYEE VALUES('644453185', 'Jeongsoon', 'Jung', 50000, 'inje');
INSERT INTO EMPLOYEE VALUES('999818201', 'Mutual', 'Hwang', 57000, 'jincheon');
INSERT INTO EMPLOYEE VALUES('839351754', 'Jiyoung', 'Kim', 51000, 'sasang');
INSERT INTO EMPLOYEE VALUES('769968778', 'Mikyung', 'Moon', 51000, 'gupo');
INSERT INTO EMPLOYEE VALUES('266332476', 'Seongho', 'Heo', 35000, 'gwacheon');
INSERT INTO EMPLOYEE VALUES('580878400', 'Jungwoong', 'Park', 48000, 'chungryangri');
INSERT INTO EMPLOYEE VALUES('427689574', 'Yejun', 'Um', 78000, 'kangreung');
INSERT INTO EMPLOYEE VALUES('445877321', 'Eunji', 'Joo', 88000, 'chungju');
INSERT INTO EMPLOYEE VALUES('392422775', 'Okja', 'Heo', 74000, 'yicheon');
INSERT INTO EMPLOYEE VALUES('274018156', 'Seungmin', 'Sung', 56000, 'pyeongtaek');
INSERT INTO EMPLOYEE VALUES('89978847', 'Jinho', 'Jin', 30000, 'gosung');
INSERT INTO EMPLOYEE VALUES('135070526', 'Miyoung', 'Ryu', 87000, 'bucheon');
INSERT INTO EMPLOYEE VALUES('574881387', 'Hyeonju', 'State', 78000, 'chungryangri');
INSERT INTO EMPLOYEE VALUES('572674912', 'Hayun', 'Heo', 38000, 'dangjin');
INSERT INTO EMPLOYEE VALUES('871499787', 'Eunkyung', 'Son', 70000, 'gongju');
INSERT INTO EMPLOYEE VALUES('942328302', 'Soonok', 'Yu', 66000, 'gyeryong');
INSERT INTO EMPLOYEE VALUES('504257177', 'Jihoo', 'Gu', 44000, 'gupo');
INSERT INTO EMPLOYEE VALUES('729888622', 'Dohyun', 'Kwon', 89000, 'geumsan');
INSERT INTO EMPLOYEE VALUES('991946704', 'Woojin', 'Baek', 87000, 'kwangmyeong');
INSERT INTO EMPLOYEE VALUES('770821424', 'Jihoon', 'Lee', 55000, 'anyang');
INSERT INTO EMPLOYEE VALUES('603284999', 'Hyunjun', 'Jeon', 80000, 'hwasung');
INSERT INTO EMPLOYEE VALUES('227183166', 'Seunghyeon', 'Shim', 88000, 'nonsan');
INSERT INTO EMPLOYEE VALUES('501375492', 'Yunseo', 'Kwak', 60000, 'sasang');
INSERT INTO EMPLOYEE VALUES('980036161', 'Seongsu', 'Baek', 48000, 'goisan');
INSERT INTO EMPLOYEE VALUES('493185636', 'Hyunsook', 'Heo', 30000, 'inje');
INSERT INTO EMPLOYEE VALUES('914172406', 'Eunjeong', 'Baek', 93000, 'bucheon');
INSERT INTO EMPLOYEE VALUES('205922514', 'Doyun', 'Baek', 66000, 'shinkyungju');
INSERT INTO EMPLOYEE VALUES('909770917', 'Support', 'Heo', 98000, 'gapyeong');
INSERT INTO EMPLOYEE VALUES('962157809', 'Minseok', 'Choi', 38000, 'danyang');
INSERT INTO EMPLOYEE VALUES('109185037', 'Gyeongja', 'Kang', 41000, 'gapyeong');
INSERT INTO EMPLOYEE VALUES('160604264', 'Jaeho', 'Oh', 51000, 'yangpyeong');
INSERT INTO EMPLOYEE VALUES('621197879', 'Minjae', 'G', 38000, 'hwasung');
INSERT INTO EMPLOYEE VALUES('422745237', 'Seonghyun', 'Baek', 68000, 'gwacheon');
INSERT INTO EMPLOYEE VALUES('854388369', 'Jaehyun', 'Seo', 71000, 'kimpo');
INSERT INTO EMPLOYEE VALUES('994260571', 'Jihyun', 'Shin', 68000, 'kangreung');
INSERT INTO EMPLOYEE VALUES('165798950', 'delay', 'door', 61000, 'goisan');
INSERT INTO EMPLOYEE VALUES('932002586', 'Youngsoon', 'Bae', 29000, 'cheonan');
INSERT INTO EMPLOYEE VALUES('379993229', 'Undecided', 'Go', 94000, 'sungnam');
INSERT INTO EMPLOYEE VALUES('657711291', 'Geonwoo', 'I', 85000, 'yongin');
INSERT INTO EMPLOYEE VALUES('295011023', 'Jongsu', 'Jo', 41000, 'yanggu');
INSERT INTO EMPLOYEE VALUES('997722143', 'Soomin', 'Um', 77000, 'yangpyeong');
INSERT INTO EMPLOYEE VALUES('364226415', 'Seoyeon', 'Kang', 55000, 'yicheon');
INSERT INTO EMPLOYEE VALUES('667485993', 'Sperm', 'Moon', 63000, 'yangyang');
INSERT INTO EMPLOYEE VALUES('447216837', 'Seojun', 'Seo', 54000, 'goyang');
INSERT INTO EMPLOYEE VALUES('169877600', 'Youngil', 'Um', 46000, 'kwangmyeong');
INSERT INTO EMPLOYEE VALUES('179559829',  'set meal',  'tea',  91000,  'ansan');
INSERT INTO EMPLOYEE VALUES('657695839', 'Youngshik', 'Bae', 48000, 'yangpyeong');
INSERT INTO EMPLOYEE VALUES('800013777', 'Younghee', 'Jo', 88000, 'chungju');
INSERT INTO EMPLOYEE VALUES('938043290', 'Donghyun', 'Song', 56000, 'ohsan');
INSERT INTO EMPLOYEE VALUES('149435839', 'Seoyoung', 'Yoon', 43000, 'yangpyeong');
INSERT INTO EMPLOYEE VALUES('712697362', 'Soojin', 'An', 41000, 'yongsan');
INSERT INTO EMPLOYEE VALUES('125049151', 'Jiwoo', 'Song', 34000, 'chungryangri');
INSERT INTO EMPLOYEE VALUES('715598587', 'Joowon', 'Ryu', 76000, 'yongsan');
INSERT INTO EMPLOYEE VALUES('979207172', 'Youngcheol', 'Um', 60000, 'yongin');
INSERT INTO EMPLOYEE VALUES('636152965', 'Kyunghee', 'Hwang', 43000, 'donghae');
INSERT INTO EMPLOYEE VALUES('921074514', 'English', 'Zoo', 55000, 'danyang');
INSERT INTO EMPLOYEE VALUES('627685398', 'Subin', 'Chang', 61000, 'chungju');
INSERT INTO EMPLOYEE VALUES('840874705', 'Hyunjeong', 'Cha', 76000, 'gwacheon');
INSERT INTO EMPLOYEE VALUES('704992924', 'Youngjin', 'Im', 72000, 'kwangmyeong');
INSERT INTO EMPLOYEE VALUES('871172830', 'Seonyeong', 'Oh', 53000, 'donghae');
INSERT INTO EMPLOYEE VALUES('514483482', 'Oksun', 'I', 77000, 'chungryangri');
INSERT INTO EMPLOYEE VALUES('335145461', 'Eunyoung', 'G', 70000, 'seojeongri');
INSERT INTO EMPLOYEE VALUES('951108698', 'Seoyun', 'Gu', 61000, 'kimpo');
INSERT INTO EMPLOYEE VALUES('292378099', 'Medium', 'Seo', 30000, 'taebaek');

INSERT INTO DRIVES VALUES('4884','704992924', 62.0);
INSERT INTO DRIVES VALUES('6473','426324959', 76.2);
INSERT INTO DRIVES VALUES('1507','216874269', 12.7);
INSERT INTO DRIVES VALUES('9766','392422775', 94.1);
INSERT INTO DRIVES VALUES('6636','999818201', 59.8);
INSERT INTO DRIVES VALUES('3746','335145461', 72.2);
INSERT INTO DRIVES VALUES('8147','439614562', 86.8);
INSERT INTO DRIVES VALUES('4624','501375492', 54.9);
INSERT INTO DRIVES VALUES('4201','210299796', 39.5);
INSERT INTO DRIVES VALUES('7686','769968778', 23.8);
INSERT INTO DRIVES VALUES('5087','807293434', 73.2);
INSERT INTO DRIVES VALUES('2925','165798950', 50.6);
INSERT INTO DRIVES VALUES('1731','863695963', 65.2);
INSERT INTO DRIVES VALUES('0219','742706763', 45.3);
INSERT INTO DRIVES VALUES('5124','975208371', 10.7);
INSERT INTO DRIVES VALUES('7437','979207172', 8.6);
INSERT INTO DRIVES VALUES('0211','997722143', 88.1);
INSERT INTO DRIVES VALUES('5527','715598587', 14.7);
INSERT INTO DRIVES VALUES('8660','644453185', 54.0);
INSERT INTO DRIVES VALUES('8499','517020668', 31.4);
INSERT INTO DRIVES VALUES('4150','519690727', 76.4);
INSERT INTO DRIVES VALUES('5141','227183166', 70.2);
INSERT INTO DRIVES VALUES('1703','587826241', 69.4);
INSERT INTO DRIVES VALUES('6915','999818201', 3.7);
INSERT INTO DRIVES VALUES('1453','718050747', 21.9);
INSERT INTO DRIVES VALUES('1855','840874705', 96.7);
INSERT INTO DRIVES VALUES('5166','245707993', 6.2);
INSERT INTO DRIVES VALUES('7376','245707993', 65.7);
INSERT INTO DRIVES VALUES('6218','266332476', 34.9);
INSERT INTO DRIVES VALUES('1315','975208371', 25.9);
INSERT INTO DRIVES VALUES('2493','109185037', 6.0);
INSERT INTO DRIVES VALUES('1483','974667142', 82.7);
INSERT INTO DRIVES VALUES('9801','621197879', 33.4);
INSERT INTO DRIVES VALUES('0727','818445087', 88.1);
INSERT INTO DRIVES VALUES('8719','210299796', 24.2);
INSERT INTO DRIVES VALUES('0736','818445087', 42.7);
INSERT INTO DRIVES VALUES('6359','603284999', 52.0);
INSERT INTO DRIVES VALUES('7921','274018156', 37.5);
INSERT INTO DRIVES VALUES('0064','266332476', 24.5);
INSERT INTO DRIVES VALUES('8828','493185636', 57.8);
INSERT INTO DRIVES VALUES('4291','998982379', 55.9);
INSERT INTO DRIVES VALUES('6822','712697362', 98.6);
INSERT INTO DRIVES VALUES('8699','718050747', 80.4);
INSERT INTO DRIVES VALUES('8495','909770917', 41.7);
INSERT INTO DRIVES VALUES('1383','715598587', 51.6);
INSERT INTO DRIVES VALUES('6073','807293434', 3.8);
INSERT INTO DRIVES VALUES('6224','160604264', 31.0);
INSERT INTO DRIVES VALUES('4370','160604264', 27.4);
INSERT INTO DRIVES VALUES('5405','932002586', 40.6);
INSERT INTO DRIVES VALUES('4783','979207172', 41.5);
INSERT INTO DRIVES VALUES('6761','871172830', 22.1);
INSERT INTO DRIVES VALUES('8966','909770917', 94.2);
INSERT INTO DRIVES VALUES('5639','109185037', 84.8);
INSERT INTO DRIVES VALUES('2037','364226415', 6.4);
INSERT INTO DRIVES VALUES('3007','636152965', 50.4);
INSERT INTO DRIVES VALUES('5597','871499787', 30.4);
INSERT INTO DRIVES VALUES('0424','178045987', 29.8);
INSERT INTO DRIVES VALUES('2156','921074514', 26.9);
INSERT INTO DRIVES VALUES('0835','517020668', 12.9);
INSERT INTO DRIVES VALUES('2921','769968778', 50.5);
INSERT INTO DRIVES VALUES('8799','191592664', 87.3);
INSERT INTO DRIVES VALUES('0354','911025308', 31.1);
INSERT INTO DRIVES VALUES('1068','556499826', 27.7);
INSERT INTO DRIVES VALUES('1043','191592664', 70.4);
INSERT INTO DRIVES VALUES('9357','565529761', 45.5);
INSERT INTO DRIVES VALUES('5655','371239877', 49.5);
INSERT INTO DRIVES VALUES('2160','427689574', 83.8);
INSERT INTO DRIVES VALUES('9051','603284999', 78.2);
INSERT INTO DRIVES VALUES('1494','141294166', 9.2);
INSERT INTO DRIVES VALUES('6178','636152965', 40.7);
INSERT INTO DRIVES VALUES('2903','914172406', 7.5);
INSERT INTO DRIVES VALUES('1101','474084299', 27.6);
INSERT INTO DRIVES VALUES('0072','144166598', 95.2);
INSERT INTO DRIVES VALUES('7258','109185037', 89.2);
INSERT INTO DRIVES VALUES('8606','580878400', 62.0);
INSERT INTO DRIVES VALUES('4117','519690727', 25.7);
INSERT INTO DRIVES VALUES('2577','974667142', 9.6);
INSERT INTO DRIVES VALUES('5408','420029855', 35.2);
INSERT INTO DRIVES VALUES('5340','222579405', 59.5);
INSERT INTO DRIVES VALUES('1834','923858181', 47.2);
INSERT INTO DRIVES VALUES('1505','863695963', 37.4);
INSERT INTO DRIVES VALUES('5292','715598587', 69.6);
INSERT INTO DRIVES VALUES('8152','644453185', 10.1);
INSERT INTO DRIVES VALUES('4154','801432182', 52.9);
INSERT INTO DRIVES VALUES('7234','371239877', 75.2);
INSERT INTO DRIVES VALUES('0243','227183166', 73.9);
INSERT INTO DRIVES VALUES('7698','994260571', 85.3);
INSERT INTO DRIVES VALUES('6308','654765810', 7.5);
INSERT INTO DRIVES VALUES('9723','342036669', 29.3);
INSERT INTO DRIVES VALUES('1004','882253451', 36.7);
INSERT INTO DRIVES VALUES('5004','217085237', 43.0);
INSERT INTO DRIVES VALUES('9245','757240359', 79.6);
INSERT INTO DRIVES VALUES('1341','515259254', 76.1);
INSERT INTO DRIVES VALUES('0617','589229888', 94.9);
INSERT INTO DRIVES VALUES('3356','266332476', 25.9);
INSERT INTO DRIVES VALUES('7458','840874705', 32.1);
INSERT INTO DRIVES VALUES('5680','657695839', 4.2);
INSERT INTO DRIVES VALUES('2552','364226415', 43.5);
INSERT INTO DRIVES VALUES('4877','974667142', 25.2);
INSERT INTO DRIVES VALUES('0322','931922176', 20.3);
INSERT INTO DRIVES VALUES('1322','788904852', 2.1);
INSERT INTO DRIVES VALUES('2322','216874269', 92.4);
INSERT INTO DRIVES VALUES('3322','974667142', 27.3);
INSERT INTO DRIVES VALUES('4322','392422775', 3.4);
INSERT INTO DRIVES VALUES('3220','980036161', 16.4);
INSERT INTO DRIVES VALUES('3221','125049151', 38.8);
INSERT INTO DRIVES VALUES('3222','715598587', 51.9);
INSERT INTO DRIVES VALUES('3223','493185636', 45.7);
INSERT INTO DRIVES VALUES('3224','191592664', 20.2);

commit;